/Users/ofri.tabib/projects/deep-learning-ex3/.venv/lib/python3.12/site-packages/torchtext/vocab/__init__.py:4: UserWarning: 
/!\ IMPORTANT WARNING ABOUT TORCHTEXT STATUS /!\ 
Torchtext is deprecated and the last released version will be 0.18 (this one). You can silence this warning by calling the following at the beginnign of your scripts: `import torchtext; torchtext.disable_torchtext_deprecation_warning()`
  warnings.warn(torchtext._TORCHTEXT_DEPRECATION_MSG)
/Users/ofri.tabib/projects/deep-learning-ex3/.venv/lib/python3.12/site-packages/torchtext/utils.py:4: UserWarning: 
/!\ IMPORTANT WARNING ABOUT TORCHTEXT STATUS /!\ 
Torchtext is deprecated and the last released version will be 0.18 (this one). You can silence this warning by calling the following at the beginnign of your scripts: `import torchtext; torchtext.disable_torchtext_deprecation_warning()`
  warnings.warn(torchtext._TORCHTEXT_DEPRECATION_MSG)
/Users/ofri.tabib/projects/deep-learning-ex3/.venv/lib/python3.12/site-packages/torchtext/datasets/__init__.py:4: UserWarning: 
/!\ IMPORTANT WARNING ABOUT TORCHTEXT STATUS /!\ 
Torchtext is deprecated and the last released version will be 0.18 (this one). You can silence this warning by calling the following at the beginnign of your scripts: `import torchtext; torchtext.disable_torchtext_deprecation_warning()`
  warnings.warn(torchtext._TORCHTEXT_DEPRECATION_MSG)
/Users/ofri.tabib/projects/deep-learning-ex3/.venv/lib/python3.12/site-packages/torchtext/data/__init__.py:4: UserWarning: 
/!\ IMPORTANT WARNING ABOUT TORCHTEXT STATUS /!\ 
Torchtext is deprecated and the last released version will be 0.18 (this one). You can silence this warning by calling the following at the beginnign of your scripts: `import torchtext; torchtext.disable_torchtext_deprecation_warning()`
  warnings.warn(torchtext._TORCHTEXT_DEPRECATION_MSG)

=== Training RNN_h64 ===
Epoch [1/10] Step    50 | Train Loss 0.6761 Acc 0.650 | Test  Loss 0.7599 Acc 0.425
Epoch [1/10] Step   100 | Train Loss 0.6783 Acc 0.647 | Test  Loss 0.7025 Acc 0.485
Epoch [1/10] Step   150 | Train Loss 0.6867 Acc 0.571 | Test  Loss 0.6654 Acc 0.672
Epoch [1/10] Step   200 | Train Loss 0.6665 Acc 0.590 | Test  Loss 0.7461 Acc 0.384
Epoch [1/10] Step   250 | Train Loss 0.6395 Acc 0.611 | Test  Loss 0.6704 Acc 0.627
Epoch [1/10] Step   300 | Train Loss 0.6960 Acc 0.471 | Test  Loss 0.6931 Acc 0.425
Epoch [1/10] Step   350 | Train Loss 0.6872 Acc 0.613 | Test  Loss 0.6913 Acc 0.535
Epoch [1/10] Step   400 | Train Loss 0.6926 Acc 0.505 | Test  Loss 0.6957 Acc 0.432
Epoch [1/10] Step   450 | Train Loss 0.6975 Acc 0.504 | Test  Loss 0.6947 Acc 0.536
Epoch [1/10] Step   500 | Train Loss 0.7035 Acc 0.419 | Test  Loss 0.6999 Acc 0.482
Epoch [1/10] Step   550 | Train Loss 0.6934 Acc 0.511 | Test  Loss 0.6922 Acc 0.571
Epoch [1/10] Step   600 | Train Loss 0.6855 Acc 0.668 | Test  Loss 0.6919 Acc 0.614
Epoch [1/10] Step   650 | Train Loss 0.6971 Acc 0.554 | Test  Loss 0.6856 Acc 0.598
Epoch [1/10] Step   700 | Train Loss 0.6877 Acc 0.553 | Test  Loss 0.6833 Acc 0.620
Epoch [1/10] Step   750 | Train Loss 0.6893 Acc 0.563 | Test  Loss 0.6821 Acc 0.599
Epoch [1/10] Step   800 | Train Loss 0.6948 Acc 0.464 | Test  Loss 0.6911 Acc 0.570
Epoch [1/10] Step   850 | Train Loss 0.6933 Acc 0.522 | Test  Loss 0.6725 Acc 0.564
Epoch [1/10] Step   900 | Train Loss 0.6930 Acc 0.555 | Test  Loss 0.6920 Acc 0.463
Epoch [2/10] Step   950 | Train Loss 0.6907 Acc 0.531 | Test  Loss 0.6869 Acc 0.543
Epoch [2/10] Step  1000 | Train Loss 0.6871 Acc 0.538 | Test  Loss 0.6782 Acc 0.584
Epoch [2/10] Step  1050 | Train Loss 0.6723 Acc 0.682 | Test  Loss 0.6962 Acc 0.567
Epoch [2/10] Step  1100 | Train Loss 0.6584 Acc 0.681 | Test  Loss 0.6863 Acc 0.563
Epoch [2/10] Step  1150 | Train Loss 0.7101 Acc 0.535 | Test  Loss 0.7396 Acc 0.463
Epoch [2/10] Step  1200 | Train Loss 0.6934 Acc 0.474 | Test  Loss 0.6999 Acc 0.493
Epoch [2/10] Step  1250 | Train Loss 0.6873 Acc 0.477 | Test  Loss 0.6953 Acc 0.524
Epoch [2/10] Step  1300 | Train Loss 0.6963 Acc 0.553 | Test  Loss 0.6778 Acc 0.655
Epoch [2/10] Step  1350 | Train Loss 0.6660 Acc 0.680 | Test  Loss 0.6727 Acc 0.606
Epoch [2/10] Step  1400 | Train Loss 0.7166 Acc 0.475 | Test  Loss 0.7082 Acc 0.421
Epoch [2/10] Step  1450 | Train Loss 0.6861 Acc 0.538 | Test  Loss 0.6746 Acc 0.634
Epoch [2/10] Step  1500 | Train Loss 0.6554 Acc 0.670 | Test  Loss 0.6926 Acc 0.527
Epoch [2/10] Step  1550 | Train Loss 0.6963 Acc 0.532 | Test  Loss 0.6639 Acc 0.630
Epoch [2/10] Step  1600 | Train Loss 0.6597 Acc 0.610 | Test  Loss 0.6835 Acc 0.476
Epoch [2/10] Step  1650 | Train Loss 0.6647 Acc 0.562 | Test  Loss 0.6682 Acc 0.620
Epoch [2/10] Step  1700 | Train Loss 0.6879 Acc 0.562 | Test  Loss 0.6832 Acc 0.549
Epoch [2/10] Step  1750 | Train Loss 0.7170 Acc 0.543 | Test  Loss 0.6777 Acc 0.610
Epoch [2/10] Step  1800 | Train Loss 0.7818 Acc 0.519 | Test  Loss 0.7357 Acc 0.522
Epoch [2/10] Step  1850 | Train Loss 0.6953 Acc 0.580 | Test  Loss 0.6981 Acc 0.604
Epoch [3/10] Step  1900 | Train Loss 0.7079 Acc 0.359 | Test  Loss 0.6888 Acc 0.596
Epoch [3/10] Step  1950 | Train Loss 0.6957 Acc 0.474 | Test  Loss 0.6925 Acc 0.544
Epoch [3/10] Step  2000 | Train Loss 0.7093 Acc 0.391 | Test  Loss 0.6904 Acc 0.584
Epoch [3/10] Step  2050 | Train Loss 0.6671 Acc 0.454 | Test  Loss 0.7178 Acc 0.492
Epoch [3/10] Step  2100 | Train Loss 0.6749 Acc 0.616 | Test  Loss 0.6987 Acc 0.523
Epoch [3/10] Step  2150 | Train Loss 0.6804 Acc 0.526 | Test  Loss 0.6817 Acc 0.605
Epoch [3/10] Step  2200 | Train Loss 0.6533 Acc 0.630 | Test  Loss 0.6945 Acc 0.596
Epoch [3/10] Step  2250 | Train Loss 0.7034 Acc 0.482 | Test  Loss 0.6910 Acc 0.544
Epoch [3/10] Step  2300 | Train Loss 0.6915 Acc 0.487 | Test  Loss 0.6885 Acc 0.584
Epoch [3/10] Step  2350 | Train Loss 0.6670 Acc 0.656 | Test  Loss 0.6881 Acc 0.567
Epoch [3/10] Step  2400 | Train Loss 0.6790 Acc 0.718 | Test  Loss 0.6944 Acc 0.563
Epoch [3/10] Step  2450 | Train Loss 0.7034 Acc 0.445 | Test  Loss 0.6869 Acc 0.563
Epoch [3/10] Step  2500 | Train Loss 0.6554 Acc 0.615 | Test  Loss 0.6839 Acc 0.488
Epoch [3/10] Step  2550 | Train Loss 0.7007 Acc 0.548 | Test  Loss 0.6904 Acc 0.523
Epoch [3/10] Step  2600 | Train Loss 0.6686 Acc 0.639 | Test  Loss 0.6829 Acc 0.555
Epoch [3/10] Step  2650 | Train Loss 0.7040 Acc 0.480 | Test  Loss 0.7011 Acc 0.536
Epoch [3/10] Step  2700 | Train Loss 0.7108 Acc 0.335 | Test  Loss 0.7232 Acc 0.482
Epoch [3/10] Step  2750 | Train Loss 0.6620 Acc 0.563 | Test  Loss 0.7122 Acc 0.496
Epoch [3/10] Step  2800 | Train Loss 0.6808 Acc 0.552 | Test  Loss 0.7115 Acc 0.474
Epoch [4/10] Step  2850 | Train Loss 0.6490 Acc 0.727 | Test  Loss 0.6975 Acc 0.495
Epoch [4/10] Step  2900 | Train Loss 0.6626 Acc 0.597 | Test  Loss 0.6830 Acc 0.599
Epoch [4/10] Step  2950 | Train Loss 0.7288 Acc 0.494 | Test  Loss 0.7185 Acc 0.395
Epoch [4/10] Step  3000 | Train Loss 0.7089 Acc 0.574 | Test  Loss 0.7067 Acc 0.554
Epoch [4/10] Step  3050 | Train Loss 0.6804 Acc 0.502 | Test  Loss 0.6935 Acc 0.536
Epoch [4/10] Step  3100 | Train Loss 0.6752 Acc 0.531 | Test  Loss 0.6981 Acc 0.532
Epoch [4/10] Step  3150 | Train Loss 0.6889 Acc 0.583 | Test  Loss 0.6603 Acc 0.581
Epoch [4/10] Step  3200 | Train Loss 0.6805 Acc 0.527 | Test  Loss 0.6732 Acc 0.541
Epoch [4/10] Step  3250 | Train Loss 0.6865 Acc 0.526 | Test  Loss 0.6812 Acc 0.458
Epoch [4/10] Step  3300 | Train Loss 0.6985 Acc 0.504 | Test  Loss 0.6916 Acc 0.517
Epoch [4/10] Step  3350 | Train Loss 0.6810 Acc 0.620 | Test  Loss 0.6752 Acc 0.528
Epoch [4/10] Step  3400 | Train Loss 0.7292 Acc 0.458 | Test  Loss 0.6728 Acc 0.581
Epoch [4/10] Step  3450 | Train Loss 0.7222 Acc 0.358 | Test  Loss 0.6862 Acc 0.591
Epoch [4/10] Step  3500 | Train Loss 0.6968 Acc 0.586 | Test  Loss 0.6708 Acc 0.568
Epoch [4/10] Step  3550 | Train Loss 0.6687 Acc 0.652 | Test  Loss 0.6935 Acc 0.439
Epoch [4/10] Step  3600 | Train Loss 0.6820 Acc 0.610 | Test  Loss 0.7014 Acc 0.438
Epoch [4/10] Step  3650 | Train Loss 0.6997 Acc 0.533 | Test  Loss 0.6997 Acc 0.438
Epoch [4/10] Step  3700 | Train Loss 0.6900 Acc 0.538 | Test  Loss 0.6980 Acc 0.488
Epoch [4/10] Step  3750 | Train Loss 0.6882 Acc 0.528 | Test  Loss 0.6954 Acc 0.548
Epoch [5/10] Step  3800 | Train Loss 0.7030 Acc 0.565 | Test  Loss 0.6767 Acc 0.610
Epoch [5/10] Step  3850 | Train Loss 0.6859 Acc 0.569 | Test  Loss 0.6912 Acc 0.497
Epoch [5/10] Step  3900 | Train Loss 0.6908 Acc 0.545 | Test  Loss 0.6984 Acc 0.549
Epoch [5/10] Step  3950 | Train Loss 0.6740 Acc 0.581 | Test  Loss 0.6493 Acc 0.635
Epoch [5/10] Step  4000 | Train Loss 0.7001 Acc 0.458 | Test  Loss 0.6996 Acc 0.502
Epoch [5/10] Step  4050 | Train Loss 0.6606 Acc 0.700 | Test  Loss 0.6781 Acc 0.625
Epoch [5/10] Step  4100 | Train Loss 0.6960 Acc 0.487 | Test  Loss 0.6729 Acc 0.650
Epoch [5/10] Step  4150 | Train Loss 0.6788 Acc 0.639 | Test  Loss 0.6806 Acc 0.580
Epoch [5/10] Step  4200 | Train Loss 0.6838 Acc 0.592 | Test  Loss 0.7189 Acc 0.391
Epoch [5/10] Step  4250 | Train Loss 0.7003 Acc 0.519 | Test  Loss 0.7010 Acc 0.428
Epoch [5/10] Step  4300 | Train Loss 0.6826 Acc 0.636 | Test  Loss 0.6816 Acc 0.611
Epoch [5/10] Step  4350 | Train Loss 0.7158 Acc 0.529 | Test  Loss 0.7110 Acc 0.447
Epoch [5/10] Step  4400 | Train Loss 0.6848 Acc 0.627 | Test  Loss 0.7234 Acc 0.389
Epoch [5/10] Step  4450 | Train Loss 0.7328 Acc 0.487 | Test  Loss 0.6650 Acc 0.578
Epoch [5/10] Step  4500 | Train Loss 0.6841 Acc 0.578 | Test  Loss 0.7019 Acc 0.466
Epoch [5/10] Step  4550 | Train Loss 0.6943 Acc 0.450 | Test  Loss 0.6773 Acc 0.693
Epoch [5/10] Step  4600 | Train Loss 0.6739 Acc 0.509 | Test  Loss 0.6749 Acc 0.589
Epoch [5/10] Step  4650 | Train Loss 0.6833 Acc 0.632 | Test  Loss 0.6859 Acc 0.568
Epoch [6/10] Step  4700 | Train Loss 0.6904 Acc 0.500 | Test  Loss 0.6959 Acc 0.539
Epoch [6/10] Step  4750 | Train Loss 0.6702 Acc 0.557 | Test  Loss 0.6866 Acc 0.533
Epoch [6/10] Step  4800 | Train Loss 0.7148 Acc 0.497 | Test  Loss 0.6824 Acc 0.582
Epoch [6/10] Step  4850 | Train Loss 0.6929 Acc 0.538 | Test  Loss 0.7194 Acc 0.441
Epoch [6/10] Step  4900 | Train Loss 0.6900 Acc 0.574 | Test  Loss 0.6900 Acc 0.463
Epoch [6/10] Step  4950 | Train Loss 0.6983 Acc 0.451 | Test  Loss 0.6722 Acc 0.593
Epoch [6/10] Step  5000 | Train Loss 0.7601 Acc 0.332 | Test  Loss 0.6852 Acc 0.594
Epoch [6/10] Step  5050 | Train Loss 0.6685 Acc 0.595 | Test  Loss 0.6835 Acc 0.494
Epoch [6/10] Step  5100 | Train Loss 0.6802 Acc 0.598 | Test  Loss 0.6974 Acc 0.499
Epoch [6/10] Step  5150 | Train Loss 0.6829 Acc 0.483 | Test  Loss 0.6916 Acc 0.525
Epoch [6/10] Step  5200 | Train Loss 0.6791 Acc 0.632 | Test  Loss 0.6902 Acc 0.530
Epoch [6/10] Step  5250 | Train Loss 0.6796 Acc 0.664 | Test  Loss 0.7139 Acc 0.481
Epoch [6/10] Step  5300 | Train Loss 0.6654 Acc 0.560 | Test  Loss 0.6886 Acc 0.596
Epoch [6/10] Step  5350 | Train Loss 0.6758 Acc 0.606 | Test  Loss 0.6814 Acc 0.644
Epoch [6/10] Step  5400 | Train Loss 0.6797 Acc 0.648 | Test  Loss 0.6759 Acc 0.579
Epoch [6/10] Step  5450 | Train Loss 0.6927 Acc 0.457 | Test  Loss 0.6633 Acc 0.641
Epoch [6/10] Step  5500 | Train Loss 0.6596 Acc 0.699 | Test  Loss 0.6813 Acc 0.553
Epoch [6/10] Step  5550 | Train Loss 0.6921 Acc 0.533 | Test  Loss 0.6819 Acc 0.536
Epoch [6/10] Step  5600 | Train Loss 0.7013 Acc 0.475 | Test  Loss 0.6997 Acc 0.407
Epoch [7/10] Step  5650 | Train Loss 0.6857 Acc 0.572 | Test  Loss 0.7257 Acc 0.506
Epoch [7/10] Step  5700 | Train Loss 0.7257 Acc 0.407 | Test  Loss 0.6911 Acc 0.601
Epoch [7/10] Step  5750 | Train Loss 0.7079 Acc 0.487 | Test  Loss 0.7281 Acc 0.470
Epoch [7/10] Step  5800 | Train Loss 0.6831 Acc 0.613 | Test  Loss 0.6829 Acc 0.569
Epoch [7/10] Step  5850 | Train Loss 0.6852 Acc 0.564 | Test  Loss 0.7002 Acc 0.489
Epoch [7/10] Step  5900 | Train Loss 0.6896 Acc 0.569 | Test  Loss 0.6690 Acc 0.623
Epoch [7/10] Step  5950 | Train Loss 0.6626 Acc 0.579 | Test  Loss 0.6950 Acc 0.550
Epoch [7/10] Step  6000 | Train Loss 0.6852 Acc 0.554 | Test  Loss 0.6799 Acc 0.485
Epoch [7/10] Step  6050 | Train Loss 0.6616 Acc 0.546 | Test  Loss 0.7333 Acc 0.447
Epoch [7/10] Step  6100 | Train Loss 0.6810 Acc 0.617 | Test  Loss 0.6778 Acc 0.614
Epoch [7/10] Step  6150 | Train Loss 0.6592 Acc 0.681 | Test  Loss 0.7097 Acc 0.448
Epoch [7/10] Step  6200 | Train Loss 0.6937 Acc 0.501 | Test  Loss 0.7296 Acc 0.390
Epoch [7/10] Step  6250 | Train Loss 0.6923 Acc 0.529 | Test  Loss 0.6807 Acc 0.503
Epoch [7/10] Step  6300 | Train Loss 0.6659 Acc 0.554 | Test  Loss 0.6821 Acc 0.601
Epoch [7/10] Step  6350 | Train Loss 0.6874 Acc 0.526 | Test  Loss 0.6824 Acc 0.520
Epoch [7/10] Step  6400 | Train Loss 0.7010 Acc 0.461 | Test  Loss 0.6754 Acc 0.579
Epoch [7/10] Step  6450 | Train Loss 0.6596 Acc 0.630 | Test  Loss 0.6936 Acc 0.516
Epoch [7/10] Step  6500 | Train Loss 0.6691 Acc 0.559 | Test  Loss 0.7119 Acc 0.453
Epoch [7/10] Step  6550 | Train Loss 0.6592 Acc 0.605 | Test  Loss 0.6677 Acc 0.566
Epoch [8/10] Step  6600 | Train Loss 0.7093 Acc 0.429 | Test  Loss 0.6955 Acc 0.513
Epoch [8/10] Step  6650 | Train Loss 0.6523 Acc 0.614 | Test  Loss 0.6565 Acc 0.653
Epoch [8/10] Step  6700 | Train Loss 0.7200 Acc 0.476 | Test  Loss 0.6885 Acc 0.556
Epoch [8/10] Step  6750 | Train Loss 0.6156 Acc 0.621 | Test  Loss 0.6451 Acc 0.536
Epoch [8/10] Step  6800 | Train Loss 0.6945 Acc 0.647 | Test  Loss 0.6854 Acc 0.482
Epoch [8/10] Step  6850 | Train Loss 0.7218 Acc 0.441 | Test  Loss 0.6870 Acc 0.571
Epoch [8/10] Step  6900 | Train Loss 0.7063 Acc 0.472 | Test  Loss 0.6834 Acc 0.589
Epoch [8/10] Step  6950 | Train Loss 0.7222 Acc 0.535 | Test  Loss 0.6911 Acc 0.543
Epoch [8/10] Step  7000 | Train Loss 0.6703 Acc 0.620 | Test  Loss 0.7317 Acc 0.559
Epoch [8/10] Step  7050 | Train Loss 0.7793 Acc 0.419 | Test  Loss 0.7109 Acc 0.562
Epoch [8/10] Step  7100 | Train Loss 0.6901 Acc 0.582 | Test  Loss 0.6954 Acc 0.562
Epoch [8/10] Step  7150 | Train Loss 0.6740 Acc 0.597 | Test  Loss 0.7093 Acc 0.487
Epoch [8/10] Step  7200 | Train Loss 0.7207 Acc 0.618 | Test  Loss 0.7363 Acc 0.547
Epoch [8/10] Step  7250 | Train Loss 0.6662 Acc 0.637 | Test  Loss 0.6042 Acc 0.759
Epoch [8/10] Step  7300 | Train Loss 0.6869 Acc 0.582 | Test  Loss 0.5986 Acc 0.752
Epoch [8/10] Step  7350 | Train Loss 0.6661 Acc 0.654 | Test  Loss 0.6566 Acc 0.650
Epoch [8/10] Step  7400 | Train Loss 0.6798 Acc 0.566 | Test  Loss 0.7211 Acc 0.505
Epoch [8/10] Step  7450 | Train Loss 0.6387 Acc 0.768 | Test  Loss 0.7035 Acc 0.501
Epoch [8/10] Step  7500 | Train Loss 0.6945 Acc 0.483 | Test  Loss 0.6994 Acc 0.575
Epoch [9/10] Step  7550 | Train Loss 0.6647 Acc 0.614 | Test  Loss 0.6997 Acc 0.490
Epoch [9/10] Step  7600 | Train Loss 0.7042 Acc 0.385 | Test  Loss 0.6718 Acc 0.573
Epoch [9/10] Step  7650 | Train Loss 0.7058 Acc 0.516 | Test  Loss 0.7029 Acc 0.415
Epoch [9/10] Step  7700 | Train Loss 0.6833 Acc 0.609 | Test  Loss 0.6717 Acc 0.583
Epoch [9/10] Step  7750 | Train Loss 0.6964 Acc 0.562 | Test  Loss 0.6938 Acc 0.517
Epoch [9/10] Step  7800 | Train Loss 0.6942 Acc 0.570 | Test  Loss 0.7035 Acc 0.453
Epoch [9/10] Step  7850 | Train Loss 0.7130 Acc 0.483 | Test  Loss 0.7138 Acc 0.441
Epoch [9/10] Step  7900 | Train Loss 0.6759 Acc 0.611 | Test  Loss 0.7053 Acc 0.563
Epoch [9/10] Step  7950 | Train Loss 0.7084 Acc 0.383 | Test  Loss 0.7033 Acc 0.488
Epoch [9/10] Step  8000 | Train Loss 0.7133 Acc 0.442 | Test  Loss 0.6943 Acc 0.498
Epoch [9/10] Step  8050 | Train Loss 0.6777 Acc 0.591 | Test  Loss 0.6621 Acc 0.725
Epoch [9/10] Step  8100 | Train Loss 0.6560 Acc 0.545 | Test  Loss 0.6717 Acc 0.595
Epoch [9/10] Step  8150 | Train Loss 0.7022 Acc 0.470 | Test  Loss 0.6812 Acc 0.544
Epoch [9/10] Step  8200 | Train Loss 0.6781 Acc 0.621 | Test  Loss 0.6767 Acc 0.609
Epoch [9/10] Step  8250 | Train Loss 0.6771 Acc 0.540 | Test  Loss 0.6733 Acc 0.597
Epoch [9/10] Step  8300 | Train Loss 0.6751 Acc 0.566 | Test  Loss 0.6772 Acc 0.569
Epoch [9/10] Step  8350 | Train Loss 0.6738 Acc 0.607 | Test  Loss 0.6741 Acc 0.539
Epoch [9/10] Step  8400 | Train Loss 0.7040 Acc 0.431 | Test  Loss 0.6818 Acc 0.508
Epoch [10/10] Step  8450 | Train Loss 0.7043 Acc 0.520 | Test  Loss 0.6850 Acc 0.577
Epoch [10/10] Step  8500 | Train Loss 0.6838 Acc 0.562 | Test  Loss 0.6693 Acc 0.640
Epoch [10/10] Step  8550 | Train Loss 0.6708 Acc 0.569 | Test  Loss 0.7067 Acc 0.453
Epoch [10/10] Step  8600 | Train Loss 0.6557 Acc 0.655 | Test  Loss 0.6945 Acc 0.491
Epoch [10/10] Step  8650 | Train Loss 0.7512 Acc 0.422 | Test  Loss 0.6854 Acc 0.548
Epoch [10/10] Step  8700 | Train Loss 0.6714 Acc 0.611 | Test  Loss 0.6939 Acc 0.460
Epoch [10/10] Step  8750 | Train Loss 0.6442 Acc 0.733 | Test  Loss 0.7083 Acc 0.467
Epoch [10/10] Step  8800 | Train Loss 0.7233 Acc 0.383 | Test  Loss 0.6877 Acc 0.518
Epoch [10/10] Step  8850 | Train Loss 0.6854 Acc 0.510 | Test  Loss 0.7052 Acc 0.529
Epoch [10/10] Step  8900 | Train Loss 0.6700 Acc 0.561 | Test  Loss 0.6597 Acc 0.656
Epoch [10/10] Step  8950 | Train Loss 0.6763 Acc 0.647 | Test  Loss 0.6753 Acc 0.606
Epoch [10/10] Step  9000 | Train Loss 0.6664 Acc 0.623 | Test  Loss 0.7235 Acc 0.371
Epoch [10/10] Step  9050 | Train Loss 0.6879 Acc 0.524 | Test  Loss 0.7082 Acc 0.449
Epoch [10/10] Step  9100 | Train Loss 0.6815 Acc 0.618 | Test  Loss 0.6945 Acc 0.540
Epoch [10/10] Step  9150 | Train Loss 0.6946 Acc 0.544 | Test  Loss 0.6904 Acc 0.508
Epoch [10/10] Step  9200 | Train Loss 0.6888 Acc 0.585 | Test  Loss 0.6733 Acc 0.577
Epoch [10/10] Step  9250 | Train Loss 0.6745 Acc 0.578 | Test  Loss 0.6974 Acc 0.490
Epoch [10/10] Step  9300 | Train Loss 0.6677 Acc 0.582 | Test  Loss 0.6625 Acc 0.673
Epoch [10/10] Step  9350 | Train Loss 0.6600 Acc 0.619 | Test  Loss 0.6860 Acc 0.535

=== Training RNN_h128 ===
Epoch [1/10] Step    50 | Train Loss 0.7060 Acc 0.477 | Test  Loss 0.7798 Acc 0.425
Epoch [1/10] Step   100 | Train Loss 0.6623 Acc 0.597 | Test  Loss 0.7348 Acc 0.435
Epoch [1/10] Step   150 | Train Loss 0.7056 Acc 0.531 | Test  Loss 0.7141 Acc 0.487
Epoch [1/10] Step   200 | Train Loss 0.6960 Acc 0.412 | Test  Loss 0.6907 Acc 0.697
Epoch [1/10] Step   250 | Train Loss 0.6873 Acc 0.590 | Test  Loss 0.6877 Acc 0.589
Epoch [1/10] Step   300 | Train Loss 0.6970 Acc 0.558 | Test  Loss 0.6787 Acc 0.593
Epoch [1/10] Step   350 | Train Loss 0.6817 Acc 0.561 | Test  Loss 0.6784 Acc 0.569
Epoch [1/10] Step   400 | Train Loss 0.6941 Acc 0.554 | Test  Loss 0.7093 Acc 0.439
Epoch [1/10] Step   450 | Train Loss 0.6948 Acc 0.518 | Test  Loss 0.7006 Acc 0.388
Epoch [1/10] Step   500 | Train Loss 0.6588 Acc 0.709 | Test  Loss 0.6783 Acc 0.553
Epoch [1/10] Step   550 | Train Loss 0.6919 Acc 0.480 | Test  Loss 0.6884 Acc 0.486
Epoch [1/10] Step   600 | Train Loss 0.6799 Acc 0.618 | Test  Loss 0.6818 Acc 0.572
Epoch [1/10] Step   650 | Train Loss 0.6918 Acc 0.557 | Test  Loss 0.6895 Acc 0.564
Epoch [1/10] Step   700 | Train Loss 0.6904 Acc 0.582 | Test  Loss 0.6932 Acc 0.513
Epoch [1/10] Step   750 | Train Loss 0.6966 Acc 0.411 | Test  Loss 0.6933 Acc 0.478
Epoch [1/10] Step   800 | Train Loss 0.6908 Acc 0.492 | Test  Loss 0.6929 Acc 0.546
Epoch [1/10] Step   850 | Train Loss 0.6931 Acc 0.565 | Test  Loss 0.6945 Acc 0.484
Epoch [1/10] Step   900 | Train Loss 0.7201 Acc 0.399 | Test  Loss 0.7136 Acc 0.372
Epoch [2/10] Step   950 | Train Loss 0.6894 Acc 0.593 | Test  Loss 0.6950 Acc 0.524
Epoch [2/10] Step  1000 | Train Loss 0.7175 Acc 0.328 | Test  Loss 0.7025 Acc 0.430
Epoch [2/10] Step  1050 | Train Loss 0.6858 Acc 0.555 | Test  Loss 0.6937 Acc 0.511
Epoch [2/10] Step  1100 | Train Loss 0.6935 Acc 0.476 | Test  Loss 0.6983 Acc 0.427
Epoch [2/10] Step  1150 | Train Loss 0.6865 Acc 0.579 | Test  Loss 0.6995 Acc 0.485
Epoch [2/10] Step  1200 | Train Loss 0.7071 Acc 0.460 | Test  Loss 0.6733 Acc 0.597
Epoch [2/10] Step  1250 | Train Loss 0.7013 Acc 0.579 | Test  Loss 0.6817 Acc 0.594
Epoch [2/10] Step  1300 | Train Loss 0.6640 Acc 0.619 | Test  Loss 0.7260 Acc 0.494
Epoch [2/10] Step  1350 | Train Loss 0.6627 Acc 0.552 | Test  Loss 0.6774 Acc 0.624
Epoch [2/10] Step  1400 | Train Loss 0.6648 Acc 0.652 | Test  Loss 0.6789 Acc 0.550
Epoch [2/10] Step  1450 | Train Loss 0.6817 Acc 0.615 | Test  Loss 0.6761 Acc 0.585
Epoch [2/10] Step  1500 | Train Loss 0.7117 Acc 0.501 | Test  Loss 0.6650 Acc 0.567
Epoch [2/10] Step  1550 | Train Loss 0.6904 Acc 0.561 | Test  Loss 0.7014 Acc 0.438
Epoch [2/10] Step  1600 | Train Loss 0.6473 Acc 0.660 | Test  Loss 0.6979 Acc 0.563
Epoch [2/10] Step  1650 | Train Loss 0.7534 Acc 0.364 | Test  Loss 0.6981 Acc 0.538
Epoch [2/10] Step  1700 | Train Loss 0.6870 Acc 0.607 | Test  Loss 0.6983 Acc 0.458
Epoch [2/10] Step  1750 | Train Loss 0.6948 Acc 0.372 | Test  Loss 0.6839 Acc 0.617
Epoch [2/10] Step  1800 | Train Loss 0.6916 Acc 0.536 | Test  Loss 0.6889 Acc 0.573
Epoch [2/10] Step  1850 | Train Loss 0.6922 Acc 0.501 | Test  Loss 0.6900 Acc 0.690
Epoch [3/10] Step  1900 | Train Loss 0.6848 Acc 0.642 | Test  Loss 0.6880 Acc 0.488
Epoch [3/10] Step  1950 | Train Loss 0.6982 Acc 0.405 | Test  Loss 0.6941 Acc 0.448
Epoch [3/10] Step  2000 | Train Loss 0.6948 Acc 0.526 | Test  Loss 0.6944 Acc 0.490
Epoch [3/10] Step  2050 | Train Loss 0.6906 Acc 0.565 | Test  Loss 0.6863 Acc 0.648
Epoch [3/10] Step  2100 | Train Loss 0.6772 Acc 0.652 | Test  Loss 0.6850 Acc 0.555
Epoch [3/10] Step  2150 | Train Loss 0.7003 Acc 0.453 | Test  Loss 0.6730 Acc 0.711
Epoch [3/10] Step  2200 | Train Loss 0.6880 Acc 0.504 | Test  Loss 0.6904 Acc 0.567
Epoch [3/10] Step  2250 | Train Loss 0.6967 Acc 0.474 | Test  Loss 0.6953 Acc 0.488
Epoch [3/10] Step  2300 | Train Loss 0.7008 Acc 0.562 | Test  Loss 0.6934 Acc 0.498
Epoch [3/10] Step  2350 | Train Loss 0.6528 Acc 0.714 | Test  Loss 0.6969 Acc 0.500
Epoch [3/10] Step  2400 | Train Loss 0.6974 Acc 0.500 | Test  Loss 0.6900 Acc 0.550
Epoch [3/10] Step  2450 | Train Loss 0.6951 Acc 0.442 | Test  Loss 0.6898 Acc 0.485
Epoch [3/10] Step  2500 | Train Loss 0.6780 Acc 0.612 | Test  Loss 0.6925 Acc 0.522
Epoch [3/10] Step  2550 | Train Loss 0.6735 Acc 0.593 | Test  Loss 0.6979 Acc 0.479
Epoch [3/10] Step  2600 | Train Loss 0.7016 Acc 0.456 | Test  Loss 0.6672 Acc 0.646
Epoch [3/10] Step  2650 | Train Loss 0.6882 Acc 0.545 | Test  Loss 0.6881 Acc 0.529
Epoch [3/10] Step  2700 | Train Loss 0.7004 Acc 0.413 | Test  Loss 0.6870 Acc 0.581
Epoch [3/10] Step  2750 | Train Loss 0.6867 Acc 0.667 | Test  Loss 0.6907 Acc 0.541
Epoch [3/10] Step  2800 | Train Loss 0.6989 Acc 0.449 | Test  Loss 0.6843 Acc 0.608
Epoch [4/10] Step  2850 | Train Loss 0.7064 Acc 0.336 | Test  Loss 0.6957 Acc 0.472
Epoch [4/10] Step  2900 | Train Loss 0.6977 Acc 0.385 | Test  Loss 0.6927 Acc 0.519
Epoch [4/10] Step  2950 | Train Loss 0.6920 Acc 0.503 | Test  Loss 0.6954 Acc 0.454
Epoch [4/10] Step  3000 | Train Loss 0.6935 Acc 0.486 | Test  Loss 0.7108 Acc 0.566
Epoch [4/10] Step  3050 | Train Loss 0.6932 Acc 0.420 | Test  Loss 0.6967 Acc 0.663
Epoch [4/10] Step  3100 | Train Loss 0.6931 Acc 0.500 | Test  Loss 0.6938 Acc 0.583
Epoch [4/10] Step  3150 | Train Loss 0.6956 Acc 0.587 | Test  Loss 0.6915 Acc 0.642
Epoch [4/10] Step  3200 | Train Loss 0.6974 Acc 0.359 | Test  Loss 0.6932 Acc 0.503
Epoch [4/10] Step  3250 | Train Loss 0.6932 Acc 0.496 | Test  Loss 0.6933 Acc 0.451
Epoch [4/10] Step  3300 | Train Loss 0.6932 Acc 0.514 | Test  Loss 0.6862 Acc 0.690
Epoch [4/10] Step  3350 | Train Loss 0.6925 Acc 0.514 | Test  Loss 0.6901 Acc 0.563
Epoch [4/10] Step  3400 | Train Loss 0.6955 Acc 0.394 | Test  Loss 0.6957 Acc 0.363
Epoch [4/10] Step  3450 | Train Loss 0.6928 Acc 0.625 | Test  Loss 0.6930 Acc 0.498
Epoch [4/10] Step  3500 | Train Loss 0.6938 Acc 0.444 | Test  Loss 0.6943 Acc 0.400
Epoch [4/10] Step  3550 | Train Loss 0.6868 Acc 0.529 | Test  Loss 0.6993 Acc 0.580
Epoch [4/10] Step  3600 | Train Loss 0.6937 Acc 0.423 | Test  Loss 0.6945 Acc 0.491
Epoch [4/10] Step  3650 | Train Loss 0.6939 Acc 0.413 | Test  Loss 0.6936 Acc 0.473
Epoch [4/10] Step  3700 | Train Loss 0.6927 Acc 0.521 | Test  Loss 0.6908 Acc 0.620
Epoch [4/10] Step  3750 | Train Loss 0.6937 Acc 0.412 | Test  Loss 0.6929 Acc 0.449
Epoch [5/10] Step  3800 | Train Loss 0.6950 Acc 0.455 | Test  Loss 0.6939 Acc 0.515
Epoch [5/10] Step  3850 | Train Loss 0.6691 Acc 0.639 | Test  Loss 0.6983 Acc 0.503
Epoch [5/10] Step  3900 | Train Loss 0.6944 Acc 0.496 | Test  Loss 0.6980 Acc 0.476
Epoch [5/10] Step  3950 | Train Loss 0.6877 Acc 0.563 | Test  Loss 0.6840 Acc 0.620
Epoch [5/10] Step  4000 | Train Loss 0.6838 Acc 0.621 | Test  Loss 0.6862 Acc 0.549
Epoch [5/10] Step  4050 | Train Loss 0.6812 Acc 0.554 | Test  Loss 0.6998 Acc 0.485
Epoch [5/10] Step  4100 | Train Loss 0.7007 Acc 0.523 | Test  Loss 0.6944 Acc 0.572
Epoch [5/10] Step  4150 | Train Loss 0.6719 Acc 0.641 | Test  Loss 0.6862 Acc 0.564
Epoch [5/10] Step  4200 | Train Loss 0.6726 Acc 0.555 | Test  Loss 0.6728 Acc 0.638
Epoch [5/10] Step  4250 | Train Loss 0.6919 Acc 0.667 | Test  Loss 0.6882 Acc 0.578
Epoch [5/10] Step  4300 | Train Loss 0.6840 Acc 0.533 | Test  Loss 0.6822 Acc 0.541
Epoch [5/10] Step  4350 | Train Loss 0.6736 Acc 0.616 | Test  Loss 0.6954 Acc 0.533
Epoch [5/10] Step  4400 | Train Loss 0.6986 Acc 0.408 | Test  Loss 0.6901 Acc 0.582
Epoch [5/10] Step  4450 | Train Loss 0.6957 Acc 0.454 | Test  Loss 0.6893 Acc 0.516
Epoch [5/10] Step  4500 | Train Loss 0.6936 Acc 0.463 | Test  Loss 0.6929 Acc 0.453
Epoch [5/10] Step  4550 | Train Loss 0.6949 Acc 0.454 | Test  Loss 0.6952 Acc 0.516
Epoch [5/10] Step  4600 | Train Loss 0.7115 Acc 0.415 | Test  Loss 0.7075 Acc 0.428
Epoch [5/10] Step  4650 | Train Loss 0.6935 Acc 0.558 | Test  Loss 0.6939 Acc 0.586
Epoch [6/10] Step  4700 | Train Loss 0.6938 Acc 0.494 | Test  Loss 0.6934 Acc 0.517
Epoch [6/10] Step  4750 | Train Loss 0.6908 Acc 0.508 | Test  Loss 0.6960 Acc 0.478
Epoch [6/10] Step  4800 | Train Loss 0.7100 Acc 0.411 | Test  Loss 0.6971 Acc 0.496
Epoch [6/10] Step  4850 | Train Loss 0.6923 Acc 0.533 | Test  Loss 0.6969 Acc 0.474
Epoch [6/10] Step  4900 | Train Loss 0.6411 Acc 0.692 | Test  Loss 0.7073 Acc 0.495
Epoch [6/10] Step  4950 | Train Loss 0.6897 Acc 0.582 | Test  Loss 0.6916 Acc 0.599
Epoch [6/10] Step  5000 | Train Loss 0.6909 Acc 0.559 | Test  Loss 0.6982 Acc 0.395
Epoch [6/10] Step  5050 | Train Loss 0.6970 Acc 0.427 | Test  Loss 0.6992 Acc 0.379
Epoch [6/10] Step  5100 | Train Loss 0.6938 Acc 0.482 | Test  Loss 0.6921 Acc 0.551
Epoch [6/10] Step  5150 | Train Loss 0.6933 Acc 0.500 | Test  Loss 0.6983 Acc 0.385
Epoch [6/10] Step  5200 | Train Loss 0.7000 Acc 0.384 | Test  Loss 0.6917 Acc 0.527
Epoch [6/10] Step  5250 | Train Loss 0.6941 Acc 0.470 | Test  Loss 0.6929 Acc 0.505
Epoch [6/10] Step  5300 | Train Loss 0.6928 Acc 0.524 | Test  Loss 0.6947 Acc 0.401
Epoch [6/10] Step  5350 | Train Loss 0.6935 Acc 0.486 | Test  Loss 0.6940 Acc 0.455
Epoch [6/10] Step  5400 | Train Loss 0.6896 Acc 0.700 | Test  Loss 0.6920 Acc 0.566
Epoch [6/10] Step  5450 | Train Loss 0.6957 Acc 0.393 | Test  Loss 0.6930 Acc 0.513
Epoch [6/10] Step  5500 | Train Loss 0.6969 Acc 0.364 | Test  Loss 0.6905 Acc 0.603
Epoch [6/10] Step  5550 | Train Loss 0.6915 Acc 0.587 | Test  Loss 0.6897 Acc 0.671
Epoch [6/10] Step  5600 | Train Loss 0.6916 Acc 0.559 | Test  Loss 0.6898 Acc 0.634
Epoch [7/10] Step  5650 | Train Loss 0.6927 Acc 0.526 | Test  Loss 0.6916 Acc 0.577
Epoch [7/10] Step  5700 | Train Loss 0.6948 Acc 0.411 | Test  Loss 0.6946 Acc 0.415
Epoch [7/10] Step  5750 | Train Loss 0.6932 Acc 0.497 | Test  Loss 0.6936 Acc 0.408
Epoch [7/10] Step  5800 | Train Loss 0.6924 Acc 0.647 | Test  Loss 0.6928 Acc 0.557
Epoch [7/10] Step  5850 | Train Loss 0.6923 Acc 0.620 | Test  Loss 0.6929 Acc 0.536
Epoch [7/10] Step  5900 | Train Loss 0.6929 Acc 0.582 | Test  Loss 0.6931 Acc 0.507
Epoch [7/10] Step  5950 | Train Loss 0.6919 Acc 0.653 | Test  Loss 0.6935 Acc 0.451
Epoch [7/10] Step  6000 | Train Loss 0.6929 Acc 0.584 | Test  Loss 0.6931 Acc 0.515
Epoch [7/10] Step  6050 | Train Loss 0.6955 Acc 0.346 | Test  Loss 0.6917 Acc 0.603
Epoch [7/10] Step  6100 | Train Loss 0.6934 Acc 0.489 | Test  Loss 0.6924 Acc 0.546
Epoch [7/10] Step  6150 | Train Loss 0.6940 Acc 0.461 | Test  Loss 0.6915 Acc 0.584
Epoch [7/10] Step  6200 | Train Loss 0.6925 Acc 0.550 | Test  Loss 0.6910 Acc 0.667
Epoch [7/10] Step  6250 | Train Loss 0.6931 Acc 0.503 | Test  Loss 0.6912 Acc 0.658
Epoch [7/10] Step  6300 | Train Loss 0.6937 Acc 0.430 | Test  Loss 0.6935 Acc 0.432
Epoch [7/10] Step  6350 | Train Loss 0.6931 Acc 0.525 | Test  Loss 0.6930 Acc 0.561
Epoch [7/10] Step  6400 | Train Loss 0.6930 Acc 0.530 | Test  Loss 0.6933 Acc 0.487
Epoch [7/10] Step  6450 | Train Loss 0.6918 Acc 0.610 | Test  Loss 0.6923 Acc 0.572
Epoch [7/10] Step  6500 | Train Loss 0.6938 Acc 0.463 | Test  Loss 0.6930 Acc 0.514
Epoch [7/10] Step  6550 | Train Loss 0.6936 Acc 0.474 | Test  Loss 0.6953 Acc 0.353
Epoch [8/10] Step  6600 | Train Loss 0.6945 Acc 0.391 | Test  Loss 0.6942 Acc 0.421
Epoch [8/10] Step  6650 | Train Loss 0.6938 Acc 0.407 | Test  Loss 0.6932 Acc 0.509
Epoch [8/10] Step  6700 | Train Loss 0.6933 Acc 0.463 | Test  Loss 0.6932 Acc 0.502
Epoch [8/10] Step  6750 | Train Loss 0.6935 Acc 0.462 | Test  Loss 0.6939 Acc 0.400
Epoch [8/10] Step  6800 | Train Loss 0.6926 Acc 0.526 | Test  Loss 0.6939 Acc 0.455
Epoch [8/10] Step  6850 | Train Loss 0.6928 Acc 0.584 | Test  Loss 0.6938 Acc 0.366
Epoch [8/10] Step  6900 | Train Loss 0.6920 Acc 0.630 | Test  Loss 0.6933 Acc 0.473
Epoch [8/10] Step  6950 | Train Loss 0.6897 Acc 0.665 | Test  Loss 0.6932 Acc 0.495
Epoch [8/10] Step  7000 | Train Loss 0.6913 Acc 0.561 | Test  Loss 0.6925 Acc 0.524
Epoch [8/10] Step  7050 | Train Loss 0.6954 Acc 0.417 | Test  Loss 0.6944 Acc 0.455
Epoch [8/10] Step  7100 | Train Loss 0.6931 Acc 0.517 | Test  Loss 0.6936 Acc 0.416
Epoch [8/10] Step  7150 | Train Loss 0.6935 Acc 0.465 | Test  Loss 0.6935 Acc 0.458
Epoch [8/10] Step  7200 | Train Loss 0.6939 Acc 0.312 | Test  Loss 0.6934 Acc 0.442
Epoch [8/10] Step  7250 | Train Loss 0.6929 Acc 0.545 | Test  Loss 0.6934 Acc 0.463
Epoch [8/10] Step  7300 | Train Loss 0.6931 Acc 0.560 | Test  Loss 0.6932 Acc 0.518
Epoch [8/10] Step  7350 | Train Loss 0.6934 Acc 0.488 | Test  Loss 0.6932 Acc 0.479
Epoch [8/10] Step  7400 | Train Loss 0.6779 Acc 0.639 | Test  Loss 0.6894 Acc 0.546
Epoch [8/10] Step  7450 | Train Loss 0.7072 Acc 0.368 | Test  Loss 0.6919 Acc 0.509
Epoch [8/10] Step  7500 | Train Loss 0.6978 Acc 0.387 | Test  Loss 0.6921 Acc 0.577
Epoch [9/10] Step  7550 | Train Loss 0.6936 Acc 0.441 | Test  Loss 0.6931 Acc 0.490
Epoch [9/10] Step  7600 | Train Loss 0.6931 Acc 0.524 | Test  Loss 0.6932 Acc 0.398
Epoch [9/10] Step  7650 | Train Loss 0.6928 Acc 0.527 | Test  Loss 0.6914 Acc 0.605
Epoch [9/10] Step  7700 | Train Loss 0.6912 Acc 0.712 | Test  Loss 0.6928 Acc 0.521
Epoch [9/10] Step  7750 | Train Loss 0.6945 Acc 0.363 | Test  Loss 0.6937 Acc 0.504
Epoch [9/10] Step  7800 | Train Loss 0.6938 Acc 0.453 | Test  Loss 0.6939 Acc 0.451
Epoch [9/10] Step  7850 | Train Loss 0.6928 Acc 0.526 | Test  Loss 0.6933 Acc 0.490
Epoch [9/10] Step  7900 | Train Loss 0.6910 Acc 0.586 | Test  Loss 0.6926 Acc 0.523
Epoch [9/10] Step  7950 | Train Loss 0.6948 Acc 0.447 | Test  Loss 0.6946 Acc 0.455
Epoch [9/10] Step  8000 | Train Loss 0.6944 Acc 0.440 | Test  Loss 0.6930 Acc 0.516
Epoch [9/10] Step  8050 | Train Loss 0.6938 Acc 0.435 | Test  Loss 0.6927 Acc 0.553
Epoch [9/10] Step  8100 | Train Loss 0.6947 Acc 0.445 | Test  Loss 0.6925 Acc 0.536
Epoch [9/10] Step  8150 | Train Loss 0.6937 Acc 0.445 | Test  Loss 0.6942 Acc 0.382
Epoch [9/10] Step  8200 | Train Loss 0.6930 Acc 0.545 | Test  Loss 0.6934 Acc 0.451
Epoch [9/10] Step  8250 | Train Loss 0.6915 Acc 0.577 | Test  Loss 0.6938 Acc 0.465
Epoch [9/10] Step  8300 | Train Loss 0.6936 Acc 0.477 | Test  Loss 0.6938 Acc 0.468
Epoch [9/10] Step  8350 | Train Loss 0.6925 Acc 0.528 | Test  Loss 0.6972 Acc 0.344
Epoch [9/10] Step  8400 | Train Loss 0.6891 Acc 0.670 | Test  Loss 0.6964 Acc 0.369
Epoch [10/10] Step  8450 | Train Loss 0.6932 Acc 0.497 | Test  Loss 0.6936 Acc 0.499
Epoch [10/10] Step  8500 | Train Loss 0.6939 Acc 0.461 | Test  Loss 0.6933 Acc 0.500
Epoch [10/10] Step  8550 | Train Loss 0.6922 Acc 0.556 | Test  Loss 0.6903 Acc 0.675
Epoch [10/10] Step  8600 | Train Loss 0.6931 Acc 0.508 | Test  Loss 0.6932 Acc 0.410
Epoch [10/10] Step  8650 | Train Loss 0.6917 Acc 0.605 | Test  Loss 0.6928 Acc 0.507
Epoch [10/10] Step  8700 | Train Loss 0.6934 Acc 0.359 | Test  Loss 0.6930 Acc 0.526
Epoch [10/10] Step  8750 | Train Loss 0.6926 Acc 0.564 | Test  Loss 0.6936 Acc 0.455
Epoch [10/10] Step  8800 | Train Loss 0.6918 Acc 0.579 | Test  Loss 0.6937 Acc 0.466
Epoch [10/10] Step  8850 | Train Loss 0.6919 Acc 0.611 | Test  Loss 0.6927 Acc 0.543
Epoch [10/10] Step  8900 | Train Loss 0.6930 Acc 0.616 | Test  Loss 0.6931 Acc 0.509
Epoch [10/10] Step  8950 | Train Loss 0.6940 Acc 0.381 | Test  Loss 0.6930 Acc 0.527
Epoch [10/10] Step  9000 | Train Loss 0.6932 Acc 0.487 | Test  Loss 0.6932 Acc 0.455
Epoch [10/10] Step  9050 | Train Loss 0.6938 Acc 0.357 | Test  Loss 0.6936 Acc 0.391
Epoch [10/10] Step  9100 | Train Loss 0.6927 Acc 0.522 | Test  Loss 0.6917 Acc 0.553
Epoch [10/10] Step  9150 | Train Loss 0.6930 Acc 0.559 | Test  Loss 0.6930 Acc 0.461
Epoch [10/10] Step  9200 | Train Loss 0.6926 Acc 0.593 | Test  Loss 0.6934 Acc 0.442
Epoch [10/10] Step  9250 | Train Loss 0.6930 Acc 0.521 | Test  Loss 0.6932 Acc 0.488
Epoch [10/10] Step  9300 | Train Loss 0.6935 Acc 0.326 | Test  Loss 0.6931 Acc 0.523
Epoch [10/10] Step  9350 | Train Loss 0.6920 Acc 0.622 | Test  Loss 0.6929 Acc 0.530

=== Training GRU_h64 ===
Epoch [1/10] Step    50 | Train Loss 0.6932 Acc 0.563 | Test  Loss 0.7563 Acc 0.575
Epoch [1/10] Step   100 | Train Loss 0.6995 Acc 0.463 | Test  Loss 0.6870 Acc 0.690
Epoch [1/10] Step   150 | Train Loss 0.6513 Acc 0.735 | Test  Loss 0.6974 Acc 0.538
Epoch [1/10] Step   200 | Train Loss 0.6694 Acc 0.560 | Test  Loss 0.6852 Acc 0.558
Epoch [1/10] Step   250 | Train Loss 0.5912 Acc 0.626 | Test  Loss 0.6203 Acc 0.637
Epoch [1/10] Step   300 | Train Loss 0.5176 Acc 0.778 | Test  Loss 0.6129 Acc 0.702
Epoch [1/10] Step   350 | Train Loss 0.6084 Acc 0.671 | Test  Loss 0.5344 Acc 0.740
Epoch [1/10] Step   400 | Train Loss 0.4054 Acc 0.834 | Test  Loss 0.5171 Acc 0.748
Epoch [1/10] Step   450 | Train Loss 0.4445 Acc 0.783 | Test  Loss 0.4883 Acc 0.775
Epoch [1/10] Step   500 | Train Loss 0.5771 Acc 0.714 | Test  Loss 0.6380 Acc 0.705
Epoch [1/10] Step   550 | Train Loss 0.4741 Acc 0.732 | Test  Loss 0.3979 Acc 0.816
Epoch [1/10] Step   600 | Train Loss 0.3441 Acc 0.835 | Test  Loss 0.3540 Acc 0.863
Epoch [1/10] Step   650 | Train Loss 0.4848 Acc 0.748 | Test  Loss 0.4295 Acc 0.798
Epoch [1/10] Step   700 | Train Loss 0.3865 Acc 0.868 | Test  Loss 0.4479 Acc 0.810
Epoch [1/10] Step   750 | Train Loss 0.4194 Acc 0.785 | Test  Loss 0.4484 Acc 0.737
Epoch [1/10] Step   800 | Train Loss 0.4648 Acc 0.787 | Test  Loss 0.4743 Acc 0.722
Epoch [1/10] Step   850 | Train Loss 0.3737 Acc 0.830 | Test  Loss 0.4230 Acc 0.769
Epoch [1/10] Step   900 | Train Loss 0.3980 Acc 0.833 | Test  Loss 0.5163 Acc 0.679
Epoch [2/10] Step   950 | Train Loss 0.5103 Acc 0.700 | Test  Loss 0.3540 Acc 0.836
Epoch [2/10] Step  1000 | Train Loss 0.2462 Acc 0.903 | Test  Loss 0.4571 Acc 0.742
Epoch [2/10] Step  1050 | Train Loss 0.3728 Acc 0.869 | Test  Loss 0.5175 Acc 0.773
Epoch [2/10] Step  1100 | Train Loss 0.5925 Acc 0.700 | Test  Loss 0.3418 Acc 0.880
Epoch [2/10] Step  1150 | Train Loss 0.5238 Acc 0.744 | Test  Loss 0.3656 Acc 0.851
Epoch [2/10] Step  1200 | Train Loss 0.4116 Acc 0.869 | Test  Loss 0.3681 Acc 0.845
Epoch [2/10] Step  1250 | Train Loss 0.6230 Acc 0.677 | Test  Loss 0.3917 Acc 0.869
Epoch [2/10] Step  1300 | Train Loss 0.3058 Acc 0.875 | Test  Loss 0.6518 Acc 0.749
Epoch [2/10] Step  1350 | Train Loss 0.3078 Acc 0.874 | Test  Loss 0.2772 Acc 0.900
Epoch [2/10] Step  1400 | Train Loss 0.5784 Acc 0.696 | Test  Loss 0.2448 Acc 0.930
Epoch [2/10] Step  1450 | Train Loss 0.3433 Acc 0.809 | Test  Loss 0.4014 Acc 0.786
Epoch [2/10] Step  1500 | Train Loss 0.4178 Acc 0.785 | Test  Loss 0.2967 Acc 0.882
Epoch [2/10] Step  1550 | Train Loss 0.2934 Acc 0.866 | Test  Loss 0.3479 Acc 0.801
Epoch [2/10] Step  1600 | Train Loss 0.3887 Acc 0.787 | Test  Loss 0.5438 Acc 0.735
Epoch [2/10] Step  1650 | Train Loss 0.2861 Acc 0.891 | Test  Loss 0.5147 Acc 0.797
Epoch [2/10] Step  1700 | Train Loss 0.3432 Acc 0.837 | Test  Loss 0.3232 Acc 0.884
Epoch [2/10] Step  1750 | Train Loss 0.3543 Acc 0.818 | Test  Loss 0.3791 Acc 0.852
Epoch [2/10] Step  1800 | Train Loss 0.3276 Acc 0.872 | Test  Loss 0.5360 Acc 0.795
Epoch [2/10] Step  1850 | Train Loss 0.3555 Acc 0.888 | Test  Loss 0.4924 Acc 0.834
Epoch [3/10] Step  1900 | Train Loss 0.2652 Acc 0.959 | Test  Loss 0.4667 Acc 0.792
Epoch [3/10] Step  1950 | Train Loss 0.2770 Acc 0.872 | Test  Loss 0.3481 Acc 0.808
Epoch [3/10] Step  2000 | Train Loss 0.3839 Acc 0.866 | Test  Loss 0.4278 Acc 0.862
Epoch [3/10] Step  2050 | Train Loss 0.2610 Acc 0.815 | Test  Loss 0.2731 Acc 0.922
Epoch [3/10] Step  2100 | Train Loss 0.3620 Acc 0.832 | Test  Loss 0.2812 Acc 0.884
Epoch [3/10] Step  2150 | Train Loss 0.3915 Acc 0.844 | Test  Loss 0.3921 Acc 0.802
Epoch [3/10] Step  2200 | Train Loss 0.3534 Acc 0.819 | Test  Loss 0.2925 Acc 0.910
Epoch [3/10] Step  2250 | Train Loss 0.4182 Acc 0.849 | Test  Loss 0.3545 Acc 0.857
Epoch [3/10] Step  2300 | Train Loss 0.2791 Acc 0.925 | Test  Loss 0.4196 Acc 0.796
Epoch [3/10] Step  2350 | Train Loss 0.2942 Acc 0.894 | Test  Loss 0.3421 Acc 0.834
Epoch [3/10] Step  2400 | Train Loss 0.5254 Acc 0.737 | Test  Loss 0.4441 Acc 0.792
Epoch [3/10] Step  2450 | Train Loss 0.3339 Acc 0.849 | Test  Loss 0.3571 Acc 0.833
Epoch [3/10] Step  2500 | Train Loss 0.3185 Acc 0.875 | Test  Loss 0.3919 Acc 0.792
Epoch [3/10] Step  2550 | Train Loss 0.3307 Acc 0.872 | Test  Loss 0.4413 Acc 0.783
Epoch [3/10] Step  2600 | Train Loss 0.4284 Acc 0.790 | Test  Loss 0.5853 Acc 0.782
Epoch [3/10] Step  2650 | Train Loss 0.4567 Acc 0.649 | Test  Loss 0.5701 Acc 0.831
Epoch [3/10] Step  2700 | Train Loss 0.4009 Acc 0.788 | Test  Loss 0.7101 Acc 0.791
Epoch [3/10] Step  2750 | Train Loss 0.4416 Acc 0.732 | Test  Loss 0.4463 Acc 0.808
Epoch [3/10] Step  2800 | Train Loss 0.3914 Acc 0.892 | Test  Loss 0.4702 Acc 0.762
Epoch [4/10] Step  2850 | Train Loss 0.4757 Acc 0.787 | Test  Loss 0.5618 Acc 0.752
Epoch [4/10] Step  2900 | Train Loss 0.2984 Acc 0.875 | Test  Loss 0.3831 Acc 0.850
Epoch [4/10] Step  2950 | Train Loss 0.3106 Acc 0.879 | Test  Loss 0.4056 Acc 0.845
Epoch [4/10] Step  3000 | Train Loss 0.4615 Acc 0.732 | Test  Loss 0.3055 Acc 0.919
Epoch [4/10] Step  3050 | Train Loss 0.4090 Acc 0.778 | Test  Loss 0.4594 Acc 0.784
Epoch [4/10] Step  3100 | Train Loss 0.6709 Acc 0.702 | Test  Loss 0.5350 Acc 0.732
Epoch [4/10] Step  3150 | Train Loss 0.2395 Acc 0.903 | Test  Loss 0.3752 Acc 0.846
Epoch [4/10] Step  3200 | Train Loss 0.2722 Acc 0.867 | Test  Loss 0.4020 Acc 0.844
Epoch [4/10] Step  3250 | Train Loss 0.2653 Acc 0.897 | Test  Loss 0.5532 Acc 0.719
Epoch [4/10] Step  3300 | Train Loss 0.2848 Acc 0.873 | Test  Loss 0.2644 Acc 0.894
Epoch [4/10] Step  3350 | Train Loss 0.2136 Acc 0.953 | Test  Loss 0.4324 Acc 0.829
Epoch [4/10] Step  3400 | Train Loss 0.2694 Acc 0.843 | Test  Loss 0.4663 Acc 0.791
Epoch [4/10] Step  3450 | Train Loss 0.3940 Acc 0.788 | Test  Loss 0.3674 Acc 0.808
Epoch [4/10] Step  3500 | Train Loss 0.4023 Acc 0.847 | Test  Loss 0.5319 Acc 0.787
Epoch [4/10] Step  3550 | Train Loss 0.2691 Acc 0.877 | Test  Loss 0.4342 Acc 0.757
Epoch [4/10] Step  3600 | Train Loss 0.4035 Acc 0.877 | Test  Loss 0.3660 Acc 0.826
Epoch [4/10] Step  3650 | Train Loss 0.4886 Acc 0.702 | Test  Loss 0.3563 Acc 0.865
Epoch [4/10] Step  3700 | Train Loss 0.4822 Acc 0.757 | Test  Loss 0.3062 Acc 0.848
Epoch [4/10] Step  3750 | Train Loss 0.2526 Acc 0.928 | Test  Loss 0.4401 Acc 0.795
Epoch [5/10] Step  3800 | Train Loss 0.4035 Acc 0.789 | Test  Loss 0.3195 Acc 0.859
Epoch [5/10] Step  3850 | Train Loss 0.3937 Acc 0.760 | Test  Loss 0.3660 Acc 0.872
Epoch [5/10] Step  3900 | Train Loss 0.3186 Acc 0.818 | Test  Loss 0.2201 Acc 0.924
Epoch [5/10] Step  3950 | Train Loss 0.2950 Acc 0.867 | Test  Loss 0.1768 Acc 0.960
Epoch [5/10] Step  4000 | Train Loss 0.2830 Acc 0.889 | Test  Loss 0.4600 Acc 0.842
Epoch [5/10] Step  4050 | Train Loss 0.5366 Acc 0.757 | Test  Loss 0.4666 Acc 0.718
Epoch [5/10] Step  4100 | Train Loss 0.2999 Acc 0.875 | Test  Loss 0.3868 Acc 0.769
Epoch [5/10] Step  4150 | Train Loss 0.2674 Acc 0.868 | Test  Loss 0.3959 Acc 0.754
Epoch [5/10] Step  4200 | Train Loss 0.3491 Acc 0.843 | Test  Loss 0.4446 Acc 0.751
Epoch [5/10] Step  4250 | Train Loss 0.5018 Acc 0.847 | Test  Loss 0.5594 Acc 0.800
Epoch [5/10] Step  4300 | Train Loss 0.2706 Acc 0.922 | Test  Loss 0.3115 Acc 0.885
Epoch [5/10] Step  4350 | Train Loss 0.3796 Acc 0.866 | Test  Loss 0.4002 Acc 0.827
Epoch [5/10] Step  4400 | Train Loss 0.3864 Acc 0.787 | Test  Loss 0.4476 Acc 0.815
Epoch [5/10] Step  4450 | Train Loss 0.2391 Acc 0.931 | Test  Loss 0.3863 Acc 0.788
Epoch [5/10] Step  4500 | Train Loss 0.1888 Acc 0.955 | Test  Loss 0.4293 Acc 0.833
Epoch [5/10] Step  4550 | Train Loss 0.5043 Acc 0.768 | Test  Loss 0.4997 Acc 0.767
Epoch [5/10] Step  4600 | Train Loss 0.2815 Acc 0.870 | Test  Loss 0.3010 Acc 0.903
Epoch [5/10] Step  4650 | Train Loss 0.3641 Acc 0.897 | Test  Loss 0.4062 Acc 0.856
Epoch [6/10] Step  4700 | Train Loss 0.3355 Acc 0.796 | Test  Loss 0.4028 Acc 0.846
Epoch [6/10] Step  4750 | Train Loss 0.2539 Acc 0.931 | Test  Loss 0.5056 Acc 0.794
Epoch [6/10] Step  4800 | Train Loss 0.3870 Acc 0.819 | Test  Loss 0.4907 Acc 0.734
Epoch [6/10] Step  4850 | Train Loss 0.4279 Acc 0.844 | Test  Loss 0.5579 Acc 0.697
Epoch [6/10] Step  4900 | Train Loss 0.3751 Acc 0.881 | Test  Loss 0.4036 Acc 0.764
Epoch [6/10] Step  4950 | Train Loss 0.3152 Acc 0.869 | Test  Loss 0.4066 Acc 0.828
Epoch [6/10] Step  5000 | Train Loss 0.2528 Acc 0.881 | Test  Loss 0.1996 Acc 0.941
Epoch [6/10] Step  5050 | Train Loss 0.2584 Acc 0.906 | Test  Loss 0.2284 Acc 0.888
Epoch [6/10] Step  5100 | Train Loss 0.3230 Acc 0.861 | Test  Loss 0.2384 Acc 0.878
Epoch [6/10] Step  5150 | Train Loss 0.2888 Acc 0.824 | Test  Loss 0.3496 Acc 0.851
Epoch [6/10] Step  5200 | Train Loss 0.2358 Acc 0.903 | Test  Loss 0.3695 Acc 0.845
Epoch [6/10] Step  5250 | Train Loss 0.4032 Acc 0.792 | Test  Loss 0.3089 Acc 0.894
Epoch [6/10] Step  5300 | Train Loss 0.4004 Acc 0.867 | Test  Loss 0.4312 Acc 0.779
Epoch [6/10] Step  5350 | Train Loss 0.3763 Acc 0.794 | Test  Loss 0.4070 Acc 0.731
Epoch [6/10] Step  5400 | Train Loss 0.2979 Acc 0.877 | Test  Loss 0.4465 Acc 0.771
Epoch [6/10] Step  5450 | Train Loss 0.5429 Acc 0.729 | Test  Loss 0.3795 Acc 0.829
Epoch [6/10] Step  5500 | Train Loss 0.3054 Acc 0.876 | Test  Loss 0.4927 Acc 0.791
Epoch [6/10] Step  5550 | Train Loss 0.2248 Acc 0.902 | Test  Loss 0.7090 Acc 0.733
Epoch [6/10] Step  5600 | Train Loss 0.3701 Acc 0.813 | Test  Loss 0.4230 Acc 0.847
Epoch [7/10] Step  5650 | Train Loss 0.2533 Acc 0.881 | Test  Loss 0.4395 Acc 0.819
Epoch [7/10] Step  5700 | Train Loss 0.3327 Acc 0.898 | Test  Loss 0.3794 Acc 0.864
Epoch [7/10] Step  5750 | Train Loss 0.2700 Acc 0.844 | Test  Loss 0.3693 Acc 0.898
Epoch [7/10] Step  5800 | Train Loss 0.3506 Acc 0.880 | Test  Loss 0.5347 Acc 0.780
Epoch [7/10] Step  5850 | Train Loss 0.3434 Acc 0.877 | Test  Loss 0.3460 Acc 0.881
Epoch [7/10] Step  5900 | Train Loss 0.2985 Acc 0.849 | Test  Loss 0.3134 Acc 0.901
Epoch [7/10] Step  5950 | Train Loss 0.2533 Acc 0.900 | Test  Loss 0.2277 Acc 0.880
Epoch [7/10] Step  6000 | Train Loss 0.2232 Acc 0.926 | Test  Loss 0.2495 Acc 0.826
Epoch [7/10] Step  6050 | Train Loss 0.1919 Acc 0.908 | Test  Loss 0.2570 Acc 0.890
Epoch [7/10] Step  6100 | Train Loss 0.3527 Acc 0.816 | Test  Loss 0.3873 Acc 0.878
Epoch [7/10] Step  6150 | Train Loss 0.2886 Acc 0.855 | Test  Loss 0.5491 Acc 0.801
Epoch [7/10] Step  6200 | Train Loss 0.2027 Acc 0.923 | Test  Loss 0.3824 Acc 0.810
Epoch [7/10] Step  6250 | Train Loss 0.4280 Acc 0.774 | Test  Loss 0.4039 Acc 0.762
Epoch [7/10] Step  6300 | Train Loss 0.3383 Acc 0.906 | Test  Loss 0.3956 Acc 0.827
Epoch [7/10] Step  6350 | Train Loss 0.3754 Acc 0.792 | Test  Loss 0.2818 Acc 0.890
Epoch [7/10] Step  6400 | Train Loss 0.2850 Acc 0.878 | Test  Loss 0.4595 Acc 0.803
Epoch [7/10] Step  6450 | Train Loss 0.1088 Acc 0.984 | Test  Loss 0.1883 Acc 0.936
Epoch [7/10] Step  6500 | Train Loss 0.3150 Acc 0.875 | Test  Loss 0.2958 Acc 0.862
Epoch [7/10] Step  6550 | Train Loss 0.2769 Acc 0.847 | Test  Loss 0.5559 Acc 0.672
Epoch [8/10] Step  6600 | Train Loss 0.3021 Acc 0.901 | Test  Loss 0.4646 Acc 0.809
Epoch [8/10] Step  6650 | Train Loss 0.1726 Acc 0.926 | Test  Loss 0.5756 Acc 0.712
Epoch [8/10] Step  6700 | Train Loss 0.2984 Acc 0.870 | Test  Loss 0.2726 Acc 0.892
Epoch [8/10] Step  6750 | Train Loss 0.2795 Acc 0.847 | Test  Loss 0.5089 Acc 0.853
Epoch [8/10] Step  6800 | Train Loss 0.4251 Acc 0.787 | Test  Loss 0.4783 Acc 0.796
Epoch [8/10] Step  6850 | Train Loss 0.2279 Acc 0.909 | Test  Loss 0.2635 Acc 0.934
Epoch [8/10] Step  6900 | Train Loss 0.3017 Acc 0.903 | Test  Loss 0.2497 Acc 0.912
Epoch [8/10] Step  6950 | Train Loss 0.2777 Acc 0.850 | Test  Loss 0.3184 Acc 0.907
Epoch [8/10] Step  7000 | Train Loss 0.3169 Acc 0.814 | Test  Loss 0.4053 Acc 0.856
Epoch [8/10] Step  7050 | Train Loss 0.1992 Acc 0.901 | Test  Loss 0.3565 Acc 0.871
Epoch [8/10] Step  7100 | Train Loss 0.3544 Acc 0.797 | Test  Loss 0.4411 Acc 0.799
Epoch [8/10] Step  7150 | Train Loss 0.4441 Acc 0.833 | Test  Loss 0.3778 Acc 0.810
Epoch [8/10] Step  7200 | Train Loss 0.2371 Acc 0.866 | Test  Loss 0.2413 Acc 0.887
Epoch [8/10] Step  7250 | Train Loss 0.1490 Acc 0.963 | Test  Loss 0.4115 Acc 0.777
Epoch [8/10] Step  7300 | Train Loss 0.3499 Acc 0.850 | Test  Loss 0.7071 Acc 0.705
Epoch [8/10] Step  7350 | Train Loss 0.3015 Acc 0.844 | Test  Loss 0.6323 Acc 0.716
Epoch [8/10] Step  7400 | Train Loss 0.2183 Acc 0.935 | Test  Loss 0.7983 Acc 0.743
Epoch [8/10] Step  7450 | Train Loss 0.2780 Acc 0.892 | Test  Loss 0.3321 Acc 0.874
Epoch [8/10] Step  7500 | Train Loss 0.2188 Acc 0.901 | Test  Loss 0.4318 Acc 0.875
Epoch [9/10] Step  7550 | Train Loss 0.1606 Acc 0.931 | Test  Loss 0.4889 Acc 0.825
Epoch [9/10] Step  7600 | Train Loss 0.1943 Acc 0.935 | Test  Loss 0.4279 Acc 0.815
Epoch [9/10] Step  7650 | Train Loss 0.5561 Acc 0.760 | Test  Loss 0.5057 Acc 0.863
Epoch [9/10] Step  7700 | Train Loss 0.1211 Acc 0.962 | Test  Loss 0.3321 Acc 0.873
Epoch [9/10] Step  7750 | Train Loss 0.1983 Acc 0.856 | Test  Loss 0.4526 Acc 0.775
Epoch [9/10] Step  7800 | Train Loss 0.2471 Acc 0.912 | Test  Loss 0.2553 Acc 0.830
Epoch [9/10] Step  7850 | Train Loss 0.1759 Acc 0.963 | Test  Loss 0.3328 Acc 0.816
Epoch [9/10] Step  7900 | Train Loss 0.2736 Acc 0.906 | Test  Loss 0.4583 Acc 0.863
Epoch [9/10] Step  7950 | Train Loss 0.1256 Acc 0.973 | Test  Loss 0.3450 Acc 0.873
Epoch [9/10] Step  8000 | Train Loss 0.2304 Acc 0.877 | Test  Loss 0.5621 Acc 0.750
Epoch [9/10] Step  8050 | Train Loss 0.3094 Acc 0.878 | Test  Loss 0.5361 Acc 0.800
Epoch [9/10] Step  8100 | Train Loss 0.2551 Acc 0.857 | Test  Loss 0.4233 Acc 0.785
Epoch [9/10] Step  8150 | Train Loss 0.1590 Acc 0.939 | Test  Loss 0.3088 Acc 0.882
Epoch [9/10] Step  8200 | Train Loss 0.1527 Acc 0.931 | Test  Loss 0.4559 Acc 0.826
Epoch [9/10] Step  8250 | Train Loss 0.2407 Acc 0.847 | Test  Loss 0.5799 Acc 0.790
Epoch [9/10] Step  8300 | Train Loss 0.2079 Acc 0.907 | Test  Loss 0.5669 Acc 0.758
Epoch [9/10] Step  8350 | Train Loss 0.2998 Acc 0.873 | Test  Loss 0.5091 Acc 0.802
Epoch [9/10] Step  8400 | Train Loss 0.2889 Acc 0.897 | Test  Loss 0.3681 Acc 0.835
Epoch [10/10] Step  8450 | Train Loss 0.2230 Acc 0.881 | Test  Loss 0.4729 Acc 0.792
Epoch [10/10] Step  8500 | Train Loss 0.2838 Acc 0.898 | Test  Loss 0.2625 Acc 0.908
Epoch [10/10] Step  8550 | Train Loss 0.2127 Acc 0.901 | Test  Loss 0.1663 Acc 0.932
Epoch [10/10] Step  8600 | Train Loss 0.1457 Acc 0.932 | Test  Loss 0.2874 Acc 0.911
Epoch [10/10] Step  8650 | Train Loss 0.2145 Acc 0.906 | Test  Loss 0.3563 Acc 0.832
Epoch [10/10] Step  8700 | Train Loss 0.2130 Acc 0.909 | Test  Loss 0.5509 Acc 0.816
Epoch [10/10] Step  8750 | Train Loss 0.1580 Acc 0.966 | Test  Loss 0.3850 Acc 0.838
Epoch [10/10] Step  8800 | Train Loss 0.2478 Acc 0.853 | Test  Loss 0.4893 Acc 0.818
Epoch [10/10] Step  8850 | Train Loss 0.4427 Acc 0.878 | Test  Loss 0.5626 Acc 0.839
Epoch [10/10] Step  8900 | Train Loss 0.1092 Acc 0.971 | Test  Loss 0.5525 Acc 0.843
Epoch [10/10] Step  8950 | Train Loss 0.2123 Acc 0.965 | Test  Loss 0.4356 Acc 0.844
Epoch [10/10] Step  9000 | Train Loss 0.1579 Acc 0.931 | Test  Loss 0.3278 Acc 0.844
Epoch [10/10] Step  9050 | Train Loss 0.2016 Acc 0.924 | Test  Loss 0.3506 Acc 0.794
Epoch [10/10] Step  9100 | Train Loss 0.3260 Acc 0.797 | Test  Loss 0.3896 Acc 0.859
Epoch [10/10] Step  9150 | Train Loss 0.3280 Acc 0.796 | Test  Loss 0.4244 Acc 0.797
Epoch [10/10] Step  9200 | Train Loss 0.3714 Acc 0.906 | Test  Loss 0.4719 Acc 0.759
Epoch [10/10] Step  9250 | Train Loss 0.2028 Acc 0.939 | Test  Loss 0.6221 Acc 0.752
Epoch [10/10] Step  9300 | Train Loss 0.1933 Acc 0.906 | Test  Loss 0.5262 Acc 0.850
Epoch [10/10] Step  9350 | Train Loss 0.1574 Acc 0.959 | Test  Loss 0.3555 Acc 0.845

=== Training GRU_h128 ===
Epoch [1/10] Step    50 | Train Loss 0.6947 Acc 0.561 | Test  Loss 0.7667 Acc 0.525
Epoch [1/10] Step   100 | Train Loss 0.6912 Acc 0.551 | Test  Loss 0.7124 Acc 0.555
Epoch [1/10] Step   150 | Train Loss 0.6532 Acc 0.644 | Test  Loss 0.7154 Acc 0.561
Epoch [1/10] Step   200 | Train Loss 0.7322 Acc 0.309 | Test  Loss 0.6835 Acc 0.637
Epoch [1/10] Step   250 | Train Loss 0.6930 Acc 0.477 | Test  Loss 0.6913 Acc 0.477
Epoch [1/10] Step   300 | Train Loss 0.6875 Acc 0.585 | Test  Loss 0.6959 Acc 0.445
Epoch [1/10] Step   350 | Train Loss 0.7167 Acc 0.394 | Test  Loss 0.6992 Acc 0.464
Epoch [1/10] Step   400 | Train Loss 0.6946 Acc 0.536 | Test  Loss 0.6912 Acc 0.518
Epoch [1/10] Step   450 | Train Loss 0.6942 Acc 0.435 | Test  Loss 0.6901 Acc 0.504
Epoch [1/10] Step   500 | Train Loss 0.6830 Acc 0.618 | Test  Loss 0.6963 Acc 0.426
Epoch [1/10] Step   550 | Train Loss 0.6933 Acc 0.509 | Test  Loss 0.6883 Acc 0.635
Epoch [1/10] Step   600 | Train Loss 0.6968 Acc 0.459 | Test  Loss 0.6905 Acc 0.652
Epoch [1/10] Step   650 | Train Loss 0.6803 Acc 0.636 | Test  Loss 0.6754 Acc 0.605
Epoch [1/10] Step   700 | Train Loss 0.6884 Acc 0.568 | Test  Loss 0.7220 Acc 0.421
Epoch [1/10] Step   750 | Train Loss 0.6469 Acc 0.634 | Test  Loss 0.6635 Acc 0.559
Epoch [1/10] Step   800 | Train Loss 0.5418 Acc 0.713 | Test  Loss 0.5907 Acc 0.687
Epoch [1/10] Step   850 | Train Loss 0.5473 Acc 0.697 | Test  Loss 0.5534 Acc 0.737
Epoch [1/10] Step   900 | Train Loss 0.6008 Acc 0.762 | Test  Loss 0.4486 Acc 0.772
Epoch [2/10] Step   950 | Train Loss 0.4447 Acc 0.835 | Test  Loss 0.4868 Acc 0.729
Epoch [2/10] Step  1000 | Train Loss 0.5114 Acc 0.782 | Test  Loss 0.5027 Acc 0.746
Epoch [2/10] Step  1050 | Train Loss 0.3988 Acc 0.843 | Test  Loss 0.4768 Acc 0.749
Epoch [2/10] Step  1100 | Train Loss 0.3377 Acc 0.874 | Test  Loss 0.4843 Acc 0.775
Epoch [2/10] Step  1150 | Train Loss 0.3851 Acc 0.865 | Test  Loss 0.4401 Acc 0.805
Epoch [2/10] Step  1200 | Train Loss 0.4161 Acc 0.810 | Test  Loss 0.4025 Acc 0.836
Epoch [2/10] Step  1250 | Train Loss 0.3768 Acc 0.804 | Test  Loss 0.2982 Acc 0.917
Epoch [2/10] Step  1300 | Train Loss 0.6234 Acc 0.719 | Test  Loss 0.3219 Acc 0.808
Epoch [2/10] Step  1350 | Train Loss 0.3543 Acc 0.807 | Test  Loss 0.4392 Acc 0.762
Epoch [2/10] Step  1400 | Train Loss 0.5233 Acc 0.815 | Test  Loss 0.5149 Acc 0.727
Epoch [2/10] Step  1450 | Train Loss 0.2918 Acc 0.928 | Test  Loss 0.5810 Acc 0.695
Epoch [2/10] Step  1500 | Train Loss 0.4196 Acc 0.785 | Test  Loss 0.4541 Acc 0.739
Epoch [2/10] Step  1550 | Train Loss 0.4930 Acc 0.751 | Test  Loss 0.3424 Acc 0.873
Epoch [2/10] Step  1600 | Train Loss 0.3108 Acc 0.862 | Test  Loss 0.4295 Acc 0.800
Epoch [2/10] Step  1650 | Train Loss 0.3314 Acc 0.841 | Test  Loss 0.6300 Acc 0.660
Epoch [2/10] Step  1700 | Train Loss 0.4347 Acc 0.731 | Test  Loss 0.4496 Acc 0.732
Epoch [2/10] Step  1750 | Train Loss 0.3252 Acc 0.899 | Test  Loss 0.4371 Acc 0.746
Epoch [2/10] Step  1800 | Train Loss 0.3434 Acc 0.861 | Test  Loss 0.5257 Acc 0.774
Epoch [2/10] Step  1850 | Train Loss 0.5038 Acc 0.737 | Test  Loss 0.5062 Acc 0.805
Epoch [3/10] Step  1900 | Train Loss 0.5267 Acc 0.703 | Test  Loss 0.4055 Acc 0.836
Epoch [3/10] Step  1950 | Train Loss 0.4553 Acc 0.781 | Test  Loss 0.4588 Acc 0.817
Epoch [3/10] Step  2000 | Train Loss 0.3487 Acc 0.809 | Test  Loss 0.3859 Acc 0.788
Epoch [3/10] Step  2050 | Train Loss 0.4460 Acc 0.821 | Test  Loss 0.3554 Acc 0.858
Epoch [3/10] Step  2100 | Train Loss 0.4370 Acc 0.776 | Test  Loss 0.5579 Acc 0.672
Epoch [3/10] Step  2150 | Train Loss 0.2588 Acc 0.900 | Test  Loss 0.6019 Acc 0.634
Epoch [3/10] Step  2200 | Train Loss 0.3283 Acc 0.807 | Test  Loss 0.4993 Acc 0.752
Epoch [3/10] Step  2250 | Train Loss 0.4955 Acc 0.765 | Test  Loss 0.3966 Acc 0.800
Epoch [3/10] Step  2300 | Train Loss 0.3061 Acc 0.894 | Test  Loss 0.3802 Acc 0.810
Epoch [3/10] Step  2350 | Train Loss 0.3301 Acc 0.844 | Test  Loss 0.4153 Acc 0.787
Epoch [3/10] Step  2400 | Train Loss 0.4135 Acc 0.754 | Test  Loss 0.3532 Acc 0.857
Epoch [3/10] Step  2450 | Train Loss 0.4206 Acc 0.821 | Test  Loss 0.4146 Acc 0.796
Epoch [3/10] Step  2500 | Train Loss 0.3724 Acc 0.877 | Test  Loss 0.4190 Acc 0.809
Epoch [3/10] Step  2550 | Train Loss 0.3070 Acc 0.846 | Test  Loss 0.4094 Acc 0.787
Epoch [3/10] Step  2600 | Train Loss 0.3404 Acc 0.830 | Test  Loss 0.4167 Acc 0.732
Epoch [3/10] Step  2650 | Train Loss 0.2801 Acc 0.854 | Test  Loss 0.4661 Acc 0.746
Epoch [3/10] Step  2700 | Train Loss 0.3234 Acc 0.861 | Test  Loss 0.4316 Acc 0.824
Epoch [3/10] Step  2750 | Train Loss 0.3292 Acc 0.847 | Test  Loss 0.3268 Acc 0.865
Epoch [3/10] Step  2800 | Train Loss 0.3285 Acc 0.816 | Test  Loss 0.3160 Acc 0.923
Epoch [4/10] Step  2850 | Train Loss 0.2903 Acc 0.888 | Test  Loss 0.4155 Acc 0.885
Epoch [4/10] Step  2900 | Train Loss 0.4099 Acc 0.816 | Test  Loss 0.3354 Acc 0.827
Epoch [4/10] Step  2950 | Train Loss 0.2736 Acc 0.895 | Test  Loss 0.3891 Acc 0.815
Epoch [4/10] Step  3000 | Train Loss 0.2641 Acc 0.931 | Test  Loss 0.3078 Acc 0.888
Epoch [4/10] Step  3050 | Train Loss 0.3598 Acc 0.861 | Test  Loss 0.4867 Acc 0.753
Epoch [4/10] Step  3100 | Train Loss 0.3819 Acc 0.848 | Test  Loss 0.5237 Acc 0.751
Epoch [4/10] Step  3150 | Train Loss 0.5390 Acc 0.806 | Test  Loss 0.4178 Acc 0.825
Epoch [4/10] Step  3200 | Train Loss 0.3435 Acc 0.871 | Test  Loss 0.4904 Acc 0.815
Epoch [4/10] Step  3250 | Train Loss 0.4189 Acc 0.798 | Test  Loss 0.4681 Acc 0.763
Epoch [4/10] Step  3300 | Train Loss 0.5468 Acc 0.793 | Test  Loss 0.4804 Acc 0.803
Epoch [4/10] Step  3350 | Train Loss 0.4354 Acc 0.787 | Test  Loss 0.3953 Acc 0.811
Epoch [4/10] Step  3400 | Train Loss 0.4740 Acc 0.754 | Test  Loss 0.4424 Acc 0.762
Epoch [4/10] Step  3450 | Train Loss 0.4099 Acc 0.749 | Test  Loss 0.4772 Acc 0.827
Epoch [4/10] Step  3500 | Train Loss 0.2596 Acc 0.925 | Test  Loss 0.2578 Acc 0.915
Epoch [4/10] Step  3550 | Train Loss 0.4353 Acc 0.816 | Test  Loss 0.5855 Acc 0.783
Epoch [4/10] Step  3600 | Train Loss 0.4239 Acc 0.773 | Test  Loss 0.4930 Acc 0.732
Epoch [4/10] Step  3650 | Train Loss 0.4231 Acc 0.788 | Test  Loss 0.4039 Acc 0.796
Epoch [4/10] Step  3700 | Train Loss 0.3582 Acc 0.790 | Test  Loss 0.2970 Acc 0.859
Epoch [4/10] Step  3750 | Train Loss 0.5117 Acc 0.770 | Test  Loss 0.3507 Acc 0.772
Epoch [5/10] Step  3800 | Train Loss 0.3620 Acc 0.804 | Test  Loss 0.4000 Acc 0.854
Epoch [5/10] Step  3850 | Train Loss 0.2155 Acc 0.925 | Test  Loss 0.4213 Acc 0.821
Epoch [5/10] Step  3900 | Train Loss 0.2429 Acc 0.880 | Test  Loss 0.4287 Acc 0.764
Epoch [5/10] Step  3950 | Train Loss 0.2658 Acc 0.869 | Test  Loss 0.3730 Acc 0.753
Epoch [5/10] Step  4000 | Train Loss 0.3473 Acc 0.870 | Test  Loss 0.3170 Acc 0.876
Epoch [5/10] Step  4050 | Train Loss 0.3746 Acc 0.792 | Test  Loss 0.4455 Acc 0.700
Epoch [5/10] Step  4100 | Train Loss 0.3125 Acc 0.866 | Test  Loss 0.3554 Acc 0.840
Epoch [5/10] Step  4150 | Train Loss 0.4985 Acc 0.787 | Test  Loss 0.3001 Acc 0.893
Epoch [5/10] Step  4200 | Train Loss 0.4184 Acc 0.760 | Test  Loss 0.2804 Acc 0.904
Epoch [5/10] Step  4250 | Train Loss 0.3489 Acc 0.846 | Test  Loss 0.2350 Acc 0.906
Epoch [5/10] Step  4300 | Train Loss 0.3020 Acc 0.869 | Test  Loss 0.4404 Acc 0.831
Epoch [5/10] Step  4350 | Train Loss 0.3038 Acc 0.836 | Test  Loss 0.3017 Acc 0.816
Epoch [5/10] Step  4400 | Train Loss 0.4877 Acc 0.725 | Test  Loss 0.4677 Acc 0.813
Epoch [5/10] Step  4450 | Train Loss 0.3223 Acc 0.866 | Test  Loss 0.3783 Acc 0.838
Epoch [5/10] Step  4500 | Train Loss 0.4401 Acc 0.759 | Test  Loss 0.4165 Acc 0.843
Epoch [5/10] Step  4550 | Train Loss 0.3169 Acc 0.818 | Test  Loss 0.2389 Acc 0.919
Epoch [5/10] Step  4600 | Train Loss 0.3423 Acc 0.872 | Test  Loss 0.4031 Acc 0.809
Epoch [5/10] Step  4650 | Train Loss 0.4354 Acc 0.818 | Test  Loss 0.2752 Acc 0.887
Epoch [6/10] Step  4700 | Train Loss 0.2147 Acc 0.926 | Test  Loss 0.2730 Acc 0.902
Epoch [6/10] Step  4750 | Train Loss 0.2643 Acc 0.900 | Test  Loss 0.3249 Acc 0.880
Epoch [6/10] Step  4800 | Train Loss 0.2963 Acc 0.852 | Test  Loss 0.4405 Acc 0.776
Epoch [6/10] Step  4850 | Train Loss 0.1980 Acc 0.929 | Test  Loss 0.4772 Acc 0.855
Epoch [6/10] Step  4900 | Train Loss 0.2564 Acc 0.842 | Test  Loss 0.5844 Acc 0.796
Epoch [6/10] Step  4950 | Train Loss 0.3074 Acc 0.872 | Test  Loss 0.3721 Acc 0.809
Epoch [6/10] Step  5000 | Train Loss 0.3248 Acc 0.821 | Test  Loss 0.3727 Acc 0.812
Epoch [6/10] Step  5050 | Train Loss 0.3564 Acc 0.849 | Test  Loss 0.3199 Acc 0.862
Epoch [6/10] Step  5100 | Train Loss 0.2581 Acc 0.846 | Test  Loss 0.3537 Acc 0.847
Epoch [6/10] Step  5150 | Train Loss 0.1935 Acc 0.959 | Test  Loss 0.4333 Acc 0.819
Epoch [6/10] Step  5200 | Train Loss 0.2653 Acc 0.872 | Test  Loss 0.2619 Acc 0.889
Epoch [6/10] Step  5250 | Train Loss 0.2846 Acc 0.872 | Test  Loss 0.2185 Acc 0.903
Epoch [6/10] Step  5300 | Train Loss 0.2673 Acc 0.875 | Test  Loss 0.4725 Acc 0.756
Epoch [6/10] Step  5350 | Train Loss 0.3419 Acc 0.787 | Test  Loss 0.3844 Acc 0.751
Epoch [6/10] Step  5400 | Train Loss 0.5320 Acc 0.723 | Test  Loss 0.4142 Acc 0.750
Epoch [6/10] Step  5450 | Train Loss 0.1755 Acc 0.932 | Test  Loss 0.4735 Acc 0.700
Epoch [6/10] Step  5500 | Train Loss 0.3671 Acc 0.872 | Test  Loss 0.6991 Acc 0.640
Epoch [6/10] Step  5550 | Train Loss 0.4669 Acc 0.816 | Test  Loss 0.4039 Acc 0.803
Epoch [6/10] Step  5600 | Train Loss 0.3549 Acc 0.849 | Test  Loss 0.5677 Acc 0.686
Epoch [7/10] Step  5650 | Train Loss 0.3040 Acc 0.820 | Test  Loss 0.3401 Acc 0.862
Epoch [7/10] Step  5700 | Train Loss 0.2664 Acc 0.846 | Test  Loss 0.4471 Acc 0.872
Epoch [7/10] Step  5750 | Train Loss 0.3234 Acc 0.869 | Test  Loss 0.3643 Acc 0.849
Epoch [7/10] Step  5800 | Train Loss 0.2388 Acc 0.906 | Test  Loss 0.3575 Acc 0.845
Epoch [7/10] Step  5850 | Train Loss 0.2664 Acc 0.845 | Test  Loss 0.3276 Acc 0.894
Epoch [7/10] Step  5900 | Train Loss 0.2595 Acc 0.854 | Test  Loss 0.3736 Acc 0.854
Epoch [7/10] Step  5950 | Train Loss 0.3820 Acc 0.779 | Test  Loss 0.4713 Acc 0.846
Epoch [7/10] Step  6000 | Train Loss 0.5366 Acc 0.762 | Test  Loss 0.3823 Acc 0.819
Epoch [7/10] Step  6050 | Train Loss 0.1890 Acc 0.900 | Test  Loss 0.5815 Acc 0.764
Epoch [7/10] Step  6100 | Train Loss 0.3186 Acc 0.876 | Test  Loss 0.2812 Acc 0.878
Epoch [7/10] Step  6150 | Train Loss 0.2554 Acc 0.877 | Test  Loss 0.2577 Acc 0.876
Epoch [7/10] Step  6200 | Train Loss 0.1999 Acc 0.928 | Test  Loss 0.5126 Acc 0.750
Epoch [7/10] Step  6250 | Train Loss 0.4988 Acc 0.729 | Test  Loss 0.3575 Acc 0.900
Epoch [7/10] Step  6300 | Train Loss 0.2781 Acc 0.876 | Test  Loss 0.3717 Acc 0.880
Epoch [7/10] Step  6350 | Train Loss 0.4435 Acc 0.763 | Test  Loss 0.2641 Acc 0.926
Epoch [7/10] Step  6400 | Train Loss 0.3858 Acc 0.816 | Test  Loss 0.3415 Acc 0.835
Epoch [7/10] Step  6450 | Train Loss 0.3800 Acc 0.800 | Test  Loss 0.3647 Acc 0.842
Epoch [7/10] Step  6500 | Train Loss 0.3062 Acc 0.878 | Test  Loss 0.5100 Acc 0.793
Epoch [7/10] Step  6550 | Train Loss 0.2431 Acc 0.901 | Test  Loss 0.6441 Acc 0.709
Epoch [8/10] Step  6600 | Train Loss 0.3449 Acc 0.822 | Test  Loss 0.3930 Acc 0.767
Epoch [8/10] Step  6650 | Train Loss 0.3139 Acc 0.881 | Test  Loss 0.3441 Acc 0.853
Epoch [8/10] Step  6700 | Train Loss 0.3788 Acc 0.881 | Test  Loss 0.2958 Acc 0.896
Epoch [8/10] Step  6750 | Train Loss 0.3945 Acc 0.816 | Test  Loss 0.2861 Acc 0.904
Epoch [8/10] Step  6800 | Train Loss 0.2363 Acc 0.906 | Test  Loss 0.4222 Acc 0.931
Epoch [8/10] Step  6850 | Train Loss 0.2158 Acc 0.881 | Test  Loss 0.4032 Acc 0.911
Epoch [8/10] Step  6900 | Train Loss 0.2341 Acc 0.878 | Test  Loss 0.2637 Acc 0.857
Epoch [8/10] Step  6950 | Train Loss 0.1695 Acc 0.965 | Test  Loss 0.3998 Acc 0.871
Epoch [8/10] Step  7000 | Train Loss 0.1861 Acc 0.934 | Test  Loss 0.4133 Acc 0.849
Epoch [8/10] Step  7050 | Train Loss 0.3952 Acc 0.819 | Test  Loss 0.3727 Acc 0.795
Epoch [8/10] Step  7100 | Train Loss 0.3751 Acc 0.904 | Test  Loss 0.6522 Acc 0.784
Epoch [8/10] Step  7150 | Train Loss 0.4487 Acc 0.785 | Test  Loss 0.3228 Acc 0.882
Epoch [8/10] Step  7200 | Train Loss 0.2969 Acc 0.842 | Test  Loss 0.1879 Acc 0.926
Epoch [8/10] Step  7250 | Train Loss 0.1447 Acc 0.957 | Test  Loss 0.2663 Acc 0.835
Epoch [8/10] Step  7300 | Train Loss 0.2547 Acc 0.850 | Test  Loss 0.3516 Acc 0.917
Epoch [8/10] Step  7350 | Train Loss 0.2638 Acc 0.930 | Test  Loss 0.2105 Acc 0.933
Epoch [8/10] Step  7400 | Train Loss 0.2005 Acc 0.872 | Test  Loss 0.2559 Acc 0.937
Epoch [8/10] Step  7450 | Train Loss 0.2693 Acc 0.926 | Test  Loss 0.3060 Acc 0.862
Epoch [8/10] Step  7500 | Train Loss 0.2061 Acc 0.879 | Test  Loss 0.3474 Acc 0.847
Epoch [9/10] Step  7550 | Train Loss 0.3128 Acc 0.852 | Test  Loss 0.3481 Acc 0.869
Epoch [9/10] Step  7600 | Train Loss 0.3362 Acc 0.881 | Test  Loss 0.4144 Acc 0.749
Epoch [9/10] Step  7650 | Train Loss 0.3052 Acc 0.817 | Test  Loss 0.2896 Acc 0.850
Epoch [9/10] Step  7700 | Train Loss 0.1386 Acc 0.965 | Test  Loss 0.3317 Acc 0.845
Epoch [9/10] Step  7750 | Train Loss 0.3177 Acc 0.912 | Test  Loss 0.4235 Acc 0.794
Epoch [9/10] Step  7800 | Train Loss 0.1832 Acc 0.903 | Test  Loss 0.3450 Acc 0.859
Epoch [9/10] Step  7850 | Train Loss 0.2026 Acc 0.940 | Test  Loss 0.4346 Acc 0.797
Epoch [9/10] Step  7900 | Train Loss 0.1282 Acc 0.937 | Test  Loss 0.3550 Acc 0.809
Epoch [9/10] Step  7950 | Train Loss 0.1999 Acc 0.847 | Test  Loss 0.4180 Acc 0.812
Epoch [9/10] Step  8000 | Train Loss 0.1589 Acc 0.987 | Test  Loss 0.2387 Acc 0.912
Epoch [9/10] Step  8050 | Train Loss 0.1164 Acc 0.960 | Test  Loss 0.3602 Acc 0.857
Epoch [9/10] Step  8100 | Train Loss 0.3965 Acc 0.794 | Test  Loss 0.5563 Acc 0.746
Epoch [9/10] Step  8150 | Train Loss 0.3491 Acc 0.878 | Test  Loss 0.3318 Acc 0.849
Epoch [9/10] Step  8200 | Train Loss 0.4313 Acc 0.816 | Test  Loss 0.2923 Acc 0.870
Epoch [9/10] Step  8250 | Train Loss 0.2928 Acc 0.873 | Test  Loss 0.3141 Acc 0.849
Epoch [9/10] Step  8300 | Train Loss 0.3143 Acc 0.847 | Test  Loss 0.3215 Acc 0.820
Epoch [9/10] Step  8350 | Train Loss 0.2294 Acc 0.907 | Test  Loss 0.3237 Acc 0.814
Epoch [9/10] Step  8400 | Train Loss 0.2830 Acc 0.934 | Test  Loss 0.5243 Acc 0.788
Epoch [10/10] Step  8450 | Train Loss 0.0903 Acc 0.984 | Test  Loss 0.3950 Acc 0.833
Epoch [10/10] Step  8500 | Train Loss 0.1791 Acc 0.941 | Test  Loss 0.5269 Acc 0.842
Epoch [10/10] Step  8550 | Train Loss 0.2108 Acc 0.850 | Test  Loss 0.3657 Acc 0.868
Epoch [10/10] Step  8600 | Train Loss 0.1852 Acc 0.934 | Test  Loss 0.4901 Acc 0.849
Epoch [10/10] Step  8650 | Train Loss 0.1668 Acc 0.912 | Test  Loss 0.4122 Acc 0.820
Epoch [10/10] Step  8700 | Train Loss 0.3074 Acc 0.881 | Test  Loss 0.4812 Acc 0.789
Epoch [10/10] Step  8750 | Train Loss 0.2681 Acc 0.907 | Test  Loss 0.3355 Acc 0.858
Epoch [10/10] Step  8800 | Train Loss 0.3209 Acc 0.935 | Test  Loss 0.2704 Acc 0.872
Epoch [10/10] Step  8850 | Train Loss 0.4153 Acc 0.850 | Test  Loss 0.3079 Acc 0.824
Epoch [10/10] Step  8900 | Train Loss 0.1415 Acc 0.932 | Test  Loss 0.6829 Acc 0.715
Epoch [10/10] Step  8950 | Train Loss 0.2533 Acc 0.881 | Test  Loss 0.5427 Acc 0.818
Epoch [10/10] Step  9000 | Train Loss 0.1590 Acc 0.958 | Test  Loss 0.4141 Acc 0.814
Epoch [10/10] Step  9050 | Train Loss 0.1501 Acc 0.910 | Test  Loss 0.4015 Acc 0.788
Epoch [10/10] Step  9100 | Train Loss 0.1598 Acc 0.971 | Test  Loss 0.7000 Acc 0.808
Epoch [10/10] Step  9150 | Train Loss 0.3141 Acc 0.846 | Test  Loss 0.3215 Acc 0.862
Epoch [10/10] Step  9200 | Train Loss 0.3859 Acc 0.763 | Test  Loss 0.4725 Acc 0.797
Epoch [10/10] Step  9250 | Train Loss 0.1726 Acc 0.937 | Test  Loss 0.2119 Acc 0.934
Epoch [10/10] Step  9300 | Train Loss 0.1277 Acc 0.962 | Test  Loss 0.3392 Acc 0.837
Epoch [10/10] Step  9350 | Train Loss 0.1019 Acc 0.993 | Test  Loss 0.4072 Acc 0.817

Plot saved to rnn_gru_comparison.png

==========================================================================================
Review description                             True     RNN_h64      RNN_h128     GRU_h64      GRU_h128  
==========================================================================================
short positive (baseline)                    positive pos        ✓ pos        ✓ pos        ✓ pos        ✓
short negative (baseline)                    negative neg        ✓ pos        ✗ neg        ✓ neg        ✓
negation at START → positive                 positive pos        ✓ pos        ✓ pos        ✓ pos        ✓
negation at START → negative                 negative pos        ✗ pos        ✗ neg        ✓ neg        ✓
negation at END   → negative                 negative pos        ✗ pos        ✗ neg        ✓ pos        ✗
late flip         → positive                 positive pos        ✓ pos        ✓ pos        ✓ neg        ✗
sentiment at START, neutral filler           positive pos        ✓ pos        ✓ pos        ✓ pos        ✓
sentiment in MIDDLE, neutral around          negative pos        ✗ pos        ✗ neg        ✓ neg        ✓
sentiment at END only                        positive pos        ✓ pos        ✓ pos        ✓ pos        ✓
long positive                                positive pos        ✓ pos        ✓ pos        ✓ pos        ✓
long negative                                negative pos        ✗ pos        ✗ neg        ✓ neg        ✓
very short positive                          positive pos        ✓ pos        ✓ pos        ✓ pos        ✓
very short negative                          negative pos        ✗ pos        ✗ neg        ✓ neg        ✓
sarcasm (surface=positive, true=negative)    negative pos        ✗ pos        ✗ pos        ✗ pos        ✗
==========================================================================================

=== Training MLP_h64 ===
Epoch [1/10] Step    50 | Train Loss 0.6662 Acc 0.687 | Test  Loss 0.7237 Acc 0.650

Word                    Pos logit  Neg logit
--------------------------------------------
the                       -0.0883    -0.1646
buddy                      0.2773    -0.2392
holly                     -0.0521    -0.1230
story                      0.1085    -0.0810
shows                      0.0776    -0.1024
the                       -0.0883    -0.1646
famous                     0.2155    -0.7371
singer                     0.3726    -1.0030
beginnings                -0.1538    -0.3541
in                        -0.1764    -0.2154
the                       -0.0883    -0.1646
dunk                      -0.3749     0.1729
lubbock                   -0.1113    -0.4038
texas                      0.2485    -0.1483
to                        -0.0242     0.2763
his                        0.1583    -0.7769
rise                      -0.1353     0.0630
to                        -0.0242     0.2763
stardom                   -0.0175    -0.2159
to                        -0.0242     0.2763
his                        0.1583    -0.7769
tragic                    -0.2448     0.0524
death                      0.2318    -0.0286
in                        -0.1764    -0.2154
plane                     -0.1134     0.1029
crash                      0.0556     0.1274
strengthened              -0.1335     0.0823
by                         0.0489    -0.1075
the                       -0.0883    -0.1646
fact                      -0.2628     0.2178
--------------------------------------------
Avg logits : pos=-0.0142  neg=-0.1513
Softmax    : pos=0.5342  neg=0.4658
Predicted  : positive    True: positive
Epoch [1/10] Step   100 | Train Loss 0.6611 Acc 0.537 | Test  Loss 0.6625 Acc 0.605

Word                    Pos logit  Neg logit
--------------------------------------------
there                     -0.3188     0.4010
wasn                      -1.4644     1.3276
a                         -0.1002    -0.2028
in                         0.2583    -0.7834
the                        0.2264    -0.4428
voting                    -0.0519    -0.0052
option                    -0.4966     0.4703
so                        -0.4883     0.3563
was                        0.1384    -0.7215
compelled                 -0.2466     0.3546
to                        -0.0256     0.1844
use                       -0.3428     0.1634
the                        0.2264    -0.4428
next                      -0.0280    -0.2360
available                  0.1816    -0.1012
figure                    -0.2705     0.0367
br                        -0.5698     0.6055
br                        -0.5698     0.6055
it                        -0.1803     0.1295
is                         0.3182    -0.4887
sad                       -0.4241     0.5854
day                        0.6882    -0.3276
for                       -0.0234    -0.5706
bollywood                  0.4353    -1.1822
when                      -0.0808    -0.3090
such                      -0.0243    -0.5105
type                      -0.4405     0.1268
of                         0.6901    -0.9124
movies                     0.0628    -0.5297
which                      0.3676    -0.2986
--------------------------------------------
Avg logits : pos=-0.0851  neg=-0.0906
Softmax    : pos=0.5014  neg=0.4986
Predicted  : positive    True: negative
Epoch [1/10] Step   150 | Train Loss 0.5948 Acc 0.695 | Test  Loss 0.6100 Acc 0.671

Word                    Pos logit  Neg logit
--------------------------------------------
to                        -0.3715     0.4723
this                      -0.4502     0.1791
day                        1.3216    -0.8623
have                      -1.3956     1.2613
never                     -0.3306     0.0064
seen                      -0.9019     0.4289
elizabeth                  1.9620    -2.7477
shue                      -0.6338     0.5230
in                         0.7211    -1.4285
anything                  -4.1189     2.9246
else                      -3.0996     2.3955
because                   -2.4135     1.8084
of                         1.3828    -1.7034
the                        0.6097    -0.9546
stench                    -2.7560     1.5941
of                         1.3828    -1.7034
this                      -0.4502     0.1791
movie                      0.7083    -1.0929
poorly                    -3.6340     1.9941
acted                     -0.3590    -0.4999
poorly                    -3.6340     1.9941
plotted                   -1.9288     0.8733
and                        0.9802    -1.9988
racially                  -2.7750     1.7662
neanderthal               -1.2238     0.4867
it                        -1.0910     0.7390
took                       0.5599    -0.5986
place                      0.2175    -0.3640
in                         0.7211    -1.4285
chicago                    1.3906    -2.1059
--------------------------------------------
Avg logits : pos=-0.6537  neg=0.0713
Softmax    : pos=0.3263  neg=0.6737
Predicted  : negative    True: negative
Epoch [1/10] Step   200 | Train Loss 0.5644 Acc 0.779 | Test  Loss 0.5628 Acc 0.709

Word                    Pos logit  Neg logit
--------------------------------------------
this                      -0.4282     0.3763
is                         0.8991    -1.0417
one                        0.1976    -0.6130
of                         1.2946    -1.5419
the                        0.3736    -0.6554
greatest                   3.2980    -4.0369
documentaries              2.0497    -2.9585
ve                        -0.1725    -0.2428
ever                       0.5005    -1.0916
seen                      -1.2305     0.6483
along                      0.7127    -1.1364
with                       0.9365    -1.4419
dark                       0.1559    -0.8521
days                       0.1347    -0.1094
have                      -1.6310     1.5740
skated                    -1.7170     0.8431
for                        0.5858    -1.2159
maybe                     -4.9924     3.4434
an                         0.1690    -0.1958
hour                       0.3223     0.3082
my                         2.4386    -2.7287
entire                    -0.3199    -0.1805
life                       3.6795    -3.6442
and                        1.5660    -2.5342
still                     -0.1448     0.0957
love                       3.3511    -3.8924
this                      -0.4282     0.3763
movie                      1.1228    -1.4244
peralta                    0.0864    -0.6479
and                        1.5660    -2.5342
--------------------------------------------
Avg logits : pos=0.4792  neg=-0.9018
Softmax    : pos=0.7992  neg=0.2008
Predicted  : positive    True: positive
Epoch [1/10] Step   250 | Train Loss 0.4889 Acc 0.782 | Test  Loss 0.6229 Acc 0.667

Word                    Pos logit  Neg logit
--------------------------------------------
i                         -0.6679    -0.4550
haven                      1.5700    -1.4472
seen                      -1.6004     0.8645
bsg                       -1.1068     0.4372
tried                     -3.1598     1.9551
to                        -0.6939     1.0674
watch                      0.9424    -0.8735
it                        -1.0134     0.7727
once                       1.6233    -1.8043
in                         1.0498    -1.5950
the                        0.2277    -0.5443
middle                    -0.5606    -0.2378
of                         1.4663    -1.7569
the                        0.2277    -0.5443
show                       2.3040    -2.4059
but                       -0.9108     0.6272
couldn                    -8.2851     5.0422
get                       -2.1666     1.6090
into                      -0.7282    -0.0638
it                        -1.0134     0.7727
however                   -0.2212     0.1391
saw                       -0.0516    -0.3066
caprica                    0.5969    -0.2263
rebirth                    2.5234    -2.4742
yesterday                 -2.1648     2.3613
felt                      -1.1894     0.4876
little                    -1.2298     0.6390
lost                       0.0092    -0.2406
so                        -1.5562     1.1754
decided                   -0.4309     0.5301
--------------------------------------------
Avg logits : pos=-0.5403  neg=0.1168
Softmax    : pos=0.3414  neg=0.6586
Predicted  : negative    True: positive
Epoch [1/10] Step   300 | Train Loss 0.4385 Acc 0.863 | Test  Loss 0.6373 Acc 0.708

Word                    Pos logit  Neg logit
--------------------------------------------
when                      -0.2608    -0.2857
it                        -0.7298     0.4812
comes                      1.4245    -1.1856
to                        -0.8503     1.2205
political                 -0.9124    -0.3248
movies                     1.5513    -1.9250
usually                   -0.1739     0.5733
come                       0.3300    -0.1621
out                       -5.1489     3.0749
feeling                    0.8620    -1.3272
empty                    -10.9520     6.8781
they                      -2.2872     2.0552
generally                  0.8121    -1.2073
take                      -0.4074     0.6331
up                        -1.8988     1.4735
some                      -1.5745     0.8538
moralistic                -5.4300     2.9419
stance                    -0.2571    -0.1831
and                        2.0246    -3.0691
you                       -0.2667    -0.2073
have                      -2.2490     2.0720
clear                     -4.2632     2.8128
good                       4.0685    -4.6026
vs                         1.9263    -1.1684
bad                      -17.7436    12.2700
story                      1.7520    -1.7926
line                      -0.4452     0.1620
as                         0.9076    -1.3552
if                        -4.0598     2.9264
it                        -0.7298     0.4812
--------------------------------------------
Avg logits : pos=-1.4994  neg=0.7371
Softmax    : pos=0.0965  neg=0.9035
Predicted  : negative    True: positive
Epoch [1/10] Step   350 | Train Loss 0.4738 Acc 0.728 | Test  Loss 0.5169 Acc 0.767

Word                    Pos logit  Neg logit
--------------------------------------------
i                          0.6284    -1.3007
think                     -2.2320     1.4114
one                        0.4719    -0.8187
true                       2.6693    -2.8253
thing                     -6.9071     4.1845
is                         1.4400    -1.5502
one                        0.4719    -0.8187
of                         1.4230    -1.8044
meryl                      0.1306    -0.8620
streeps                   -0.2318     0.1010
finest                     8.3400    -8.7105
movies                     1.7373    -2.0183
to                        -0.8326     1.2265
date                       0.2235    -0.1867
her                        2.9248    -3.7653
depiction                  3.1581    -3.2593
of                         1.4230    -1.8044
dying                     -5.4159     3.1206
woman                      0.6730    -1.0534
is                         1.4400    -1.5502
perfect                    2.1795    -2.7800
have                      -2.2847     2.1616
recently                   0.9504    -1.1151
lived                      2.3627    -2.5175
this                      -0.0405    -0.0145
movie                      1.5463    -1.6221
and                        1.9758    -2.9913
it                        -0.4555     0.2219
touched                   -4.0448     2.0778
me                         0.3340    -1.2240
--------------------------------------------
Avg logits : pos=0.4686  neg=-1.0029
Softmax    : pos=0.8133  neg=0.1867
Predicted  : positive    True: positive
Epoch [1/10] Step   400 | Train Loss 0.4988 Acc 0.724 | Test  Loss 0.4408 Acc 0.853

Word                    Pos logit  Neg logit
--------------------------------------------
i                          1.1698    -1.7405
must                      -0.5763     0.8622
have                      -2.2363     2.1250
been                      -1.1043     0.9323
in                         1.3712    -1.9896
good                       5.0475    -5.5534
mood                       5.4518    -4.7667
to                        -0.9111     1.3168
give                       0.0160     0.1714
this                      -0.0094    -0.0254
shameful                 -24.2421    16.1437
predictable              -14.8241    10.2720
embarrassing             -23.1344    15.9977
movie                      1.2212    -1.2744
even                      -1.9791     1.5454
what                      -1.0521     0.4690
wrong                    -20.7235    14.3837
with                       1.1051    -1.5250
it                        -0.1851    -0.0164
let                       -1.3022     1.3033
start                     -0.7120     0.3806
with                       1.1051    -1.5250
the                        0.0313    -0.3998
gratuitous               -19.6866    13.3274
sex                        0.4894    -0.7390
although                   0.4814    -0.7112
admit                     -5.4147     3.8684
the                        0.0313    -0.3998
rotational                 1.5757    -1.4403
style                      4.4031    -4.9358
--------------------------------------------
Avg logits : pos=-3.1531  neg=1.8686
Softmax    : pos=0.0066  neg=0.9934
Predicted  : negative    True: negative
Epoch [1/10] Step   450 | Train Loss 0.4246 Acc 0.807 | Test  Loss 0.5737 Acc 0.696

Word                    Pos logit  Neg logit
--------------------------------------------
i                          2.3405    -2.7697
saw                        0.0643    -0.4278
heaven                     2.5221    -2.7836
gate                      -0.7908     0.5692
on                         0.2982    -0.6302
its                        2.0419    -1.9266
opening                    2.9659    -3.1833
week                       0.5441    -0.2502
nearly                    -5.6070     3.7618
twenty                     1.6557    -1.8468
years                      1.8008    -2.1746
ago                        0.3760    -0.4119
tickets                   -2.0151     2.1858
were                      -3.8872     3.6058
sold                       0.0980    -0.5530
in                         1.2684    -1.8830
advance                    2.0746    -2.1437
based                      1.8981    -2.2758
on                         0.2982    -0.6302
the                        0.0230    -0.3701
great                      7.2716    -7.4749
anticipation               2.0701    -1.7326
of                         1.5054    -1.8547
seeing                     1.0693    -1.1507
cimino                    -3.3095     1.9492
long                       0.3265    -0.3855
in                         1.2684    -1.8830
the                        0.0230    -0.3701
making                    -1.1508     0.5769
follow                     0.9666    -0.8971
--------------------------------------------
Avg logits : pos=0.6003  neg=-0.9120
Softmax    : pos=0.8194  neg=0.1806
Predicted  : positive    True: positive
Epoch [1/10] Step   500 | Train Loss 0.5665 Acc 0.723 | Test  Loss 0.4471 Acc 0.789

Word                    Pos logit  Neg logit
--------------------------------------------
screened                   0.1378    -0.3363
this                       0.2505    -0.2362
morning                    0.5013     0.0403
for                        0.5763    -1.1292
the                        0.0665    -0.3637
press                     -0.0558     0.0595
at                         0.3522    -0.5049
roma                      -3.7101     2.3975
film                       2.1614    -2.6155
festival                   5.8679    -6.0857
io                        -0.2482     0.0909
napoleone                 -1.5840     0.4642
is                         1.4425    -1.4969
easy                       2.7335    -2.6048
to                        -0.7894     1.2222
love                       6.0872    -6.6008
first                      1.4619    -1.9567
of                         1.4205    -1.7397
all                        1.8422    -1.9552
it                         0.3949    -0.6003
can                       -0.1759     0.5294
count                     -3.3236     2.4891
on                         0.4460    -0.7612
great                      7.7072    -7.8888
production                 0.0866    -0.3459
values                     4.8354    -5.0463
as                         0.7999    -1.0049
very                       4.5169    -4.8584
few                        0.9050    -1.1809
italian                    1.3441    -2.2095
--------------------------------------------
Avg logits : pos=1.2017  neg=-1.4743
Softmax    : pos=0.9356  neg=0.0644
Predicted  : positive    True: positive
Epoch [1/10] Step   550 | Train Loss 0.3919 Acc 0.860 | Test  Loss 0.4243 Acc 0.733

Word                    Pos logit  Neg logit
--------------------------------------------
i                          2.4868    -2.6826
did                       -2.2843     2.3631
not                       -2.6634     2.8388
enjoy                      7.2933    -7.0511
the                        0.0227    -0.3123
film                       2.0048    -2.4832
joshua                     0.4610    -0.1724
at                         0.2521    -0.3361
all                        2.0072    -2.0784
perhaps                   -0.1531    -0.1364
it                         0.3625    -0.5561
is                         1.6347    -1.6424
because                   -4.9614     3.6480
saw                       -0.0109    -0.2036
another                   -2.2977     1.5629
much                       0.4492    -0.6481
better                     3.7212    -4.0021
similar                    0.5498    -0.3252
film                       2.0048    -2.4832
titled                     3.0532    -3.1576
orphan                    -1.4535     1.1901
days                       1.1359    -1.0131
prior                      0.9146    -1.0238
but                        0.0428    -0.1469
perhaps                   -0.1531    -0.1364
it                         0.3625    -0.5561
really                     1.5154    -1.8665
just                      -4.6435     3.6104
because                   -4.9614     3.6480
this                       0.1779    -0.1266
--------------------------------------------
Avg logits : pos=0.2290  neg=-0.4760
Softmax    : pos=0.6693  neg=0.3307
Predicted  : positive    True: negative
Epoch [1/10] Step   600 | Train Loss 0.4453 Acc 0.830 | Test  Loss 0.4830 Acc 0.747

Word                    Pos logit  Neg logit
--------------------------------------------
why                       -1.0015     0.5809
is                         1.6204    -1.6381
it                         0.5322    -0.7644
that                      -0.0946     0.3728
every                      0.2084    -0.6198
time                       1.0966    -1.2754
mention                   -4.9006     3.2692
this                       0.2027    -0.2338
movie                      0.5689    -0.5696
to                        -0.7088     1.0919
somebody                  -6.7840     4.3747
have                      -1.7496     1.7428
to                        -0.7088     1.0919
hear                       1.9554    -2.1120
minutes                   -3.5792     3.5223
of                         1.1233    -1.4025
praise                     5.7055    -6.2842
about                     -0.2624    -0.0352
it                         0.5322    -0.7644
have                      -1.7496     1.7428
come                       0.9956    -0.9255
to                        -0.7088     1.0919
the                       -0.0564    -0.1801
conclusion                -0.8798     0.5644
that                      -0.0946     0.3728
any                       -4.4107     3.2322
movie                      0.5689    -0.5696
that                      -0.0946     0.3728
has                        1.7876    -1.7645
twist                      0.2912    -0.0394
--------------------------------------------
Avg logits : pos=-0.3532  neg=0.1415
Softmax    : pos=0.3788  neg=0.6212
Predicted  : negative    True: negative
Epoch [1/10] Step   650 | Train Loss 0.4782 Acc 0.750 | Test  Loss 0.4144 Acc 0.799

Word                    Pos logit  Neg logit
--------------------------------------------
this                       0.1608    -0.1879
and                        2.7027    -3.6396
not                       -1.9777     2.2147
certain                   -1.4814     0.6301
slightly                  -7.4671     5.8750
overrated                -16.0207    11.4030
southern                   1.6320    -1.9201
soap                      -2.6711     1.5003
opera                      3.4373    -3.5623
was                       -0.3887    -0.0032
the                       -0.0581    -0.1507
greatest                   8.1668    -8.5634
epic                       5.5090    -5.3890
to                        -0.7681     1.1564
come                       0.7005    -0.6016
out                       -2.9928     1.9360
of                         1.2637    -1.5078
hollywoods                -6.2798     3.1221
greatest                   8.1668    -8.5634
year                       0.6662    -0.8130
will                       0.8028    -0.3572
not                       -1.9777     2.2147
not                       -1.9777     2.2147
restate                   -8.2815     5.9266
the                       -0.0581    -0.1507
obvious                  -11.2383     8.0443
cary                       0.3759    -0.5008
grant                      0.3641    -0.3373
victor                     1.3667    -1.6700
mclaglen                  -0.6226     0.7143
--------------------------------------------
Avg logits : pos=-0.9649  neg=0.3012
Softmax    : pos=0.2199  neg=0.7801
Predicted  : negative    True: positive
Epoch [1/10] Step   700 | Train Loss 0.6240 Acc 0.809 | Test  Loss 0.4593 Acc 0.735

Word                    Pos logit  Neg logit
--------------------------------------------
what                      -0.6777     0.3101
is                         1.3085    -1.3548
it                         0.3903    -0.6259
about                     -0.5362     0.2452
certain                   -3.0883     1.8263
films                      2.8864    -3.2772
that                      -0.5071     0.6670
generates                 -2.0944     1.3133
such                       1.0216    -1.5184
polar                      1.6670    -0.9292
opposite                  -1.3216     0.8375
reactions                  3.5293    -3.2497
br                        -0.9221     1.2192
br                        -0.9221     1.2192
some                      -1.4253     0.9501
people                    -0.0724    -0.2997
here                       1.8469    -1.8786
have                      -2.3140     2.1907
called                     0.2087    -0.1469
high                      -0.8983     0.7010
roller                     3.4530    -3.4037
disgusting               -30.2614    20.3642
some                      -1.4253     0.9501
have                      -2.3140     2.1907
called                     0.2087    -0.1469
it                         0.3903    -0.6259
extraordinary              8.8412    -8.6888
as                         0.6757    -0.8014
would                     -2.5277     2.7823
actually                  -3.0099     2.3952
--------------------------------------------
Avg logits : pos=-0.9297  neg=0.4405
Softmax    : pos=0.2026  neg=0.7974
Predicted  : negative    True: positive
Epoch [1/10] Step   750 | Train Loss 0.5251 Acc 0.723 | Test  Loss 0.3465 Acc 0.897

Word                    Pos logit  Neg logit
--------------------------------------------
what                       0.1902    -0.2440
why                       -1.5281     1.0032
are                       -0.5041     1.0601
people                     0.5952    -0.8863
saying                    -5.4125     4.1567
this                       0.0826    -0.0823
is                         1.4455    -1.4410
mind                       5.3368    -5.4473
blowing                  -10.3148     6.4074
just                      -3.6919     2.9886
face                       0.3975    -0.3841
it                         0.5976    -0.8278
the                       -0.1566    -0.0083
ending                    -2.8455     2.4376
is                         1.4455    -1.4410
on                         0.4094    -0.6015
of                         1.0806    -1.2796
the                       -0.1566    -0.0083
worst                    -23.1573    16.0347
endings                   -1.2878     0.6335
in                         1.1109    -1.6228
the                       -0.1566    -0.0083
history                    4.4431    -4.5517
of                         1.0806    -1.2796
cinematography             5.0456    -5.6283
left                      -4.5427     3.1394
and                        2.7197    -3.5984
the                       -0.1566    -0.0083
whole                      1.0073    -1.4277
world                      6.7010    -7.2350
--------------------------------------------
Avg logits : pos=-0.6741  neg=-0.0050
Softmax    : pos=0.3387  neg=0.6613
Predicted  : negative    True: negative
Epoch [1/10] Step   800 | Train Loss 0.5047 Acc 0.750 | Test  Loss 0.4414 Acc 0.804

Word                    Pos logit  Neg logit
--------------------------------------------
for                        0.3169    -0.6850
movie                      0.3344    -0.2091
shot                      -7.5448     5.6318
in                         0.9676    -1.4496
days                       0.9475    -0.7929
and                        2.7068    -3.5645
budget                   -15.3165    11.5607
less                      -2.4754     1.9677
than                      -1.2659     0.8629
million                   -5.4342     4.3691
this                      -0.0452     0.0890
little                     0.1131    -0.1599
movie                      0.3344    -0.2091
that                      -0.4392     0.6369
could                     -4.6539     4.2248
deserves                   7.3413    -7.5405
best                       7.2884    -8.2839
we                         1.9996    -1.8421
could                     -4.6539     4.2248
award                      5.0106    -6.0737
interesting                9.3307    -8.8965
premise                  -10.1940     6.9434
aside                     -3.4747     2.8412
from                      -0.1816     0.0833
the                       -0.1881     0.0294
usual                     -2.2471     1.6420
meteor                     1.7801    -1.9161
stuff                    -11.4714     7.5038
with                       1.0011    -1.1651
solid                     -1.3136    -0.2301
--------------------------------------------
Avg logits : pos=-1.0476  neg=0.3198
Softmax    : pos=0.2031  neg=0.7969
Predicted  : negative    True: positive
Epoch [1/10] Step   850 | Train Loss 0.4783 Acc 0.726 | Test  Loss 0.4404 Acc 0.786

Word                    Pos logit  Neg logit
--------------------------------------------
the                       -0.0895    -0.0731
biggest                    1.8193    -1.9825
and                        2.9978    -3.8718
most                       4.8650    -5.1962
disconcerting             -8.7771     6.4579
things                     0.9867    -1.6787
of                         1.2943    -1.4911
the                       -0.0895    -0.0731
raptor                     0.3860    -0.0460
movie                      0.1883    -0.0116
was                       -0.1954    -0.1910
ending                    -2.5233     2.2499
for                        0.3941    -0.7918
the                       -0.0895    -0.0731
tyransaurus                0.1643    -0.1363
is                         1.6986    -1.6298
identical                 -2.6674     2.5774
to                        -1.2764     1.7446
carnosaur                 -7.4233     5.0613
except                    -1.3672     1.2283
kid                        2.8227    -3.1234
in                         1.1693    -1.6798
the                       -0.0895    -0.0731
loader                    -0.9965     0.8306
was                       -0.1954    -0.1910
bit                       -5.4053     4.5624
better                     4.5494    -4.7484
acted                     -1.3453     0.8262
and                        2.9978    -3.8718
action                     0.7365    -0.7322
--------------------------------------------
Avg logits : pos=-0.1820  neg=-0.2042
Softmax    : pos=0.5056  neg=0.4944
Predicted  : positive    True: negative
Epoch [1/10] Step   900 | Train Loss 0.3905 Acc 0.809 | Test  Loss 0.5928 Acc 0.732

Word                    Pos logit  Neg logit
--------------------------------------------
i                          3.0549    -3.1201
saw                       -0.2287     0.0826
this                       0.0081    -0.0433
movie                     -0.0243     0.2266
in                         0.7637    -1.1958
the                       -0.1533     0.0160
first                      0.8785    -1.3126
couple                     1.2048    -1.0985
of                         0.8458    -0.9880
weeks                      0.3811    -0.2541
it                         0.5635    -0.7906
was                       -0.4098     0.0461
out                       -1.8843     1.3096
don                        0.9103    -1.2657
remember                   2.6327    -2.3165
exactly                   -5.1550     3.7396
when                       0.1777    -0.5046
thought                   -2.8103     1.9995
that                      -0.1577     0.3767
it                         0.5635    -0.7906
was                       -0.4098     0.0461
alright                   -5.7916     4.0133
for                        0.2403    -0.5366
ben                        0.6413    -0.5355
stiller                    2.5350    -1.9343
movie                     -0.0243     0.2266
this                       0.0081    -0.0433
movie                     -0.0243     0.2266
isn                       -8.4102     6.6775
for                        0.2403    -0.5366
--------------------------------------------
Avg logits : pos=-0.3278  neg=0.0573
Softmax    : pos=0.4049  neg=0.5951
Predicted  : negative    True: positive
Epoch [2/10] Step   950 | Train Loss 0.4090 Acc 0.776 | Test  Loss 0.4897 Acc 0.746

Word                    Pos logit  Neg logit
--------------------------------------------
not                       -2.2847     2.4975
exactly                   -5.1633     3.7150
new                        1.6563    -1.5782
story                      1.3955    -1.1465
line                       0.4040    -0.5787
but                        0.5105    -0.6027
this                       0.2533    -0.3571
romantic                   9.4061    -9.1768
comedy                     4.0748    -4.5789
makes                      3.7510    -3.5916
the                       -0.0814    -0.0859
concept                    3.7377    -3.3425
work                       1.9655    -2.3198
young                      2.8443    -2.9952
man                        1.7182    -1.6306
john                       1.6043    -2.7028
cusack                     0.9076    -1.0457
and                        2.9773    -3.8393
drop                     -10.0093     7.7844
dead                      -5.0785     3.3434
gorgeous                   7.4452    -7.0793
woman                     -0.0149    -0.2199
kate                       2.1376    -2.5870
beckinsale                 2.1322    -1.9430
keep                       1.0127    -1.0370
meeting                    0.8090    -0.6885
by                        -0.0091    -0.2285
chance                    -0.0522    -0.1982
and                        2.9773    -3.8393
wonder                     2.3854    -2.5601
--------------------------------------------
Avg logits : pos=1.1137  neg=-1.4204
Softmax    : pos=0.9265  neg=0.0735
Predicted  : positive    True: negative
Epoch [2/10] Step  1000 | Train Loss 0.4417 Acc 0.838 | Test  Loss 0.5161 Acc 0.749

Word                    Pos logit  Neg logit
--------------------------------------------
this                       0.1769    -0.2761
movie                      0.1084     0.0425
was                       -0.4145     0.0348
pointless                -31.1405    22.9350
can                        0.2278     0.2469
even                      -0.8942     0.7877
call                      -0.3745     0.6595
it                         0.8340    -1.1199
sci                        4.6995    -3.7973
fi                         6.5406    -5.6920
since                      1.5510    -1.7190
that                      -0.1216     0.3270
requires                   0.0468    -0.0091
more                       2.5675    -2.5376
from                      -0.1282     0.0294
movie                      0.1084     0.0425
than                      -0.6807     0.3139
merely                   -12.0295     9.0875
taking                    -0.2353     0.2036
place                      1.8252    -1.6947
in                         0.8635    -1.2941
space                      1.5395    -0.8848
max                        1.6531    -1.5596
isn                       -8.0086     6.3581
even                      -0.8942     0.7877
set                        0.8919    -0.5666
in                         0.8635    -1.2941
space                      1.5395    -0.8848
for                        0.2760    -0.5761
the                       -0.1790     0.0630
--------------------------------------------
Avg logits : pos=-0.9596  neg=0.6004
Softmax    : pos=0.1736  neg=0.8264
Predicted  : negative    True: negative
Epoch [2/10] Step  1050 | Train Loss 0.4286 Acc 0.776 | Test  Loss 0.6667 Acc 0.650

Word                    Pos logit  Neg logit
--------------------------------------------
what                       0.8315    -0.8105
is                         1.3845    -1.4121
night                      2.7908    -2.2378
vision                     9.3769    -9.1319
well                       3.6686    -4.2383
according                 -0.3520     0.3974
to                        -0.7928     1.2381
the                       -0.1593     0.0493
star                       1.0539    -0.9160
williamson                 0.1878    -0.5227
let                       -0.1674     0.2403
see                        1.6186    -1.5676
one                        0.6653    -0.7581
package                   -2.4760     2.7848
store                      1.1516    -1.0870
owner                      0.0794    -0.0896
says                       0.7441    -0.7888
to                        -0.7928     1.2381
him                       -0.0828    -0.0418
it                         0.8710    -1.1582
getting                   -2.9303     2.1007
dark                       3.7258    -3.4225
outside                   -0.3895     0.2396
to                        -0.7928     1.2381
which                      0.6442    -0.5330
he                         1.2635    -1.8860
replies                   -0.3986     0.0881
it                         0.8710    -1.1582
makes                      3.7021    -3.5282
for                        0.3536    -0.6333
--------------------------------------------
Avg logits : pos=0.8550  neg=-0.8769
Softmax    : pos=0.8497  neg=0.1503
Predicted  : positive    True: negative
Epoch [2/10] Step  1100 | Train Loss 0.3167 Acc 0.869 | Test  Loss 0.4769 Acc 0.780

Word                    Pos logit  Neg logit
--------------------------------------------
one                        0.7474    -0.8451
of                         0.9198    -1.0434
the                       -0.1529     0.0496
many                       2.4303    -2.6214
backwoods                 -4.5609     2.7413
horror                     3.7499    -3.7079
that                      -0.0477     0.2466
came                       0.2905    -0.5267
out                       -1.2964     0.9079
in                         0.8593    -1.2982
the                       -0.1529     0.0496
early                      0.8421    -1.0792
eightes                    0.2063    -0.1754
and                        2.8931    -3.6822
fortunately              -11.1823     7.8136
this                       0.1576    -0.2481
is                         1.5127    -1.5259
one                        0.7474    -0.8451
of                         0.9198    -1.0434
the                       -0.1529     0.0496
better                     5.0158    -5.3046
ones                      -5.2222     3.3459
yes                       -3.2036     2.0444
it                         1.0007    -1.2475
has                        2.0328    -1.8900
cheesy                   -21.8058    16.7744
plot                      -8.9428     6.1247
but                        0.4804    -0.5539
was                       -0.2915    -0.0824
pleasantly                 8.4248    -7.5715
--------------------------------------------
Avg logits : pos=-0.7927  neg=0.1619
Softmax    : pos=0.2780  neg=0.7220
Predicted  : negative    True: positive
Epoch [2/10] Step  1150 | Train Loss 0.3879 Acc 0.836 | Test  Loss 0.4038 Acc 0.806

Word                    Pos logit  Neg logit
--------------------------------------------
the                       -0.2020     0.1062
film                       0.4583    -0.5617
torrent                  -19.1358    13.2596
was                       -0.1993    -0.1503
first                      1.1649    -1.6431
and                        2.5990    -3.3601
last                      -0.4287     0.3952
for                        0.2228    -0.4847
greta                     -0.2687     0.5336
garbo                      1.0060    -0.9162
it                         0.8799    -1.1365
was                       -0.1993    -0.1503
her                        1.6310    -2.4576
first                      1.1649    -1.6431
american                   1.8239    -2.5068
made                      -1.3427     1.1732
film                       0.4583    -0.5617
at                         0.1901    -0.1431
mgm                        0.7555    -0.4876
the                       -0.2020     0.1062
only                      -1.9994     2.0808
studio                     0.8526    -0.9679
in                         0.6810    -1.0856
the                       -0.2020     0.1062
usa                        2.3584    -2.5224
that                      -0.1259     0.3175
she                        1.4085    -2.1357
would                     -2.7877     3.1090
ever                       3.5190    -3.8978
work                       1.4529    -1.6828
--------------------------------------------
Avg logits : pos=-0.1489  neg=-0.2436
Softmax    : pos=0.5237  neg=0.4763
Predicted  : positive    True: positive
Epoch [2/10] Step  1200 | Train Loss 0.4696 Acc 0.784 | Test  Loss 0.5264 Acc 0.761

Word                    Pos logit  Neg logit
--------------------------------------------
vivah                     -2.6672     1.4255
is                         1.1765    -1.2250
by                        -0.0851    -0.0811
no                        -6.2766     4.8336
means                     -0.9647     0.9806
classic                    6.5839    -6.7289
however                   -0.1736     0.0856
in                         0.5346    -0.9122
the                       -0.1545     0.0771
days                       1.1931    -1.0684
of                         0.6529    -0.7272
hardcore                   4.3882    -4.2680
action                     0.7452    -0.7032
path                       2.8766    -2.8758
breaking                  -1.8495     1.0966
special                    1.5008    -1.3722
effects                   -1.3431     1.1533
complex                    2.8964    -2.2028
plots                     -7.2015     4.5637
none                      -7.8580     5.9464
of                         0.6529    -0.7272
which                      0.5848    -0.3444
bollywood                  0.2648    -0.2328
has                        1.8471    -1.6528
mastered                   4.1596    -4.7483
yet                        0.5530    -0.3229
its                        2.3246    -2.3322
quite                      3.3802    -3.2893
refreshing                14.6238   -13.9571
to                        -0.9292     1.4049
--------------------------------------------
Avg logits : pos=0.7145  neg=-0.9401
Softmax    : pos=0.8395  neg=0.1605
Predicted  : positive    True: positive
Epoch [2/10] Step  1250 | Train Loss 0.4572 Acc 0.812 | Test  Loss 0.4595 Acc 0.777

Word                    Pos logit  Neg logit
--------------------------------------------
whether                   -1.0719     1.0433
you                        2.9107    -3.1150
watch                      1.6200    -1.9340
the                       -0.1420     0.0515
regular                    1.6991    -1.6805
version                   -0.0543    -0.0046
of                         0.8718    -0.9001
this                       0.0197    -0.0755
monstrosity              -12.3151     8.7986
or                        -3.0612     2.8383
the                       -0.1420     0.0515
mst                        2.3079    -1.8293
version                   -0.0543    -0.0046
you                        2.9107    -3.1150
can                       -0.3537     0.8697
only                      -2.4159     2.4550
be                        -1.8943     2.0350
impressed                  9.8203    -9.7304
by                        -0.0912    -0.0936
the                       -0.1420     0.0515
utter                    -19.3314    14.0051
gall                     -10.4945     7.1122
that                      -0.4139     0.5378
went                      -1.7262     1.4853
into                      -0.4061     0.0311
this                       0.0197    -0.0755
production                -0.6965     0.8937
the                       -0.1420     0.0515
filmmakers                 0.6276    -0.5718
insult                   -13.5756    10.4835
--------------------------------------------
Avg logits : pos=-1.5239  neg=0.9888
Softmax    : pos=0.0750  neg=0.9250
Predicted  : negative    True: negative
Epoch [2/10] Step  1300 | Train Loss 0.4691 Acc 0.779 | Test  Loss 0.4302 Acc 0.755

Word                    Pos logit  Neg logit
--------------------------------------------
and                        2.4866    -3.1092
boy                        0.1841    -0.0971
is                         1.3280    -1.3228
it                         0.9278    -1.1346
soft                      -6.9599     4.7373
br                        -1.3410     1.7776
br                        -1.3410     1.7776
saw                       -0.1642     0.0520
this                       0.1468    -0.1655
on                         0.4692    -0.5461
cable                      0.1241    -0.3075
channel                    0.4159    -0.8821
bravo                      2.8187    -3.5029
one                        0.5604    -0.6199
saturday                   0.8499    -0.5966
night                      2.6769    -2.2484
and                        2.4866    -3.1092
here                       1.4147    -1.4175
in                         0.7587    -1.1530
britain                    3.8322    -4.1919
we                         2.6184    -2.5579
often                      0.7665    -0.6161
have                      -1.8893     1.9848
these                      1.8149    -1.9476
dire                     -32.3759    24.3773
erotic                     5.7267    -5.3895
soft                      -6.9599     4.7373
core                       1.6763    -1.5680
movies                     0.3008    -0.2040
turning                   -1.2651     0.8052
--------------------------------------------
Avg logits : pos=-0.5971  neg=0.1187
Softmax    : pos=0.3283  neg=0.6717
Predicted  : negative    True: negative
Epoch [2/10] Step  1350 | Train Loss 0.6359 Acc 0.636 | Test  Loss 0.5264 Acc 0.801

Word                    Pos logit  Neg logit
--------------------------------------------
the                       -0.0759    -0.0223
makers                    -0.2134     0.3642
of                         1.1334    -1.1362
this                       0.1372    -0.2423
fine                       3.4051    -4.0701
film                       0.5592    -0.7166
did                       -3.1637     3.1625
terrific                  12.1480   -11.8812
job                       -5.8780     4.2085
of                         1.1334    -1.1362
getting                   -2.0012     1.4642
you                        3.0258    -3.2657
involved                  -0.0625    -0.0159
with                       1.0417    -1.1484
the                       -0.0759    -0.0223
characters                 2.0766    -1.3056
as                         0.6898    -0.7164
they                      -2.3453     2.4228
suffered                 -11.3298     8.0012
through                    0.9243    -0.8704
this                       0.1372    -0.2423
horrible                 -42.1045    30.1682
ordeal                     0.7040    -1.4856
the                       -0.0759    -0.0223
horrific                 -16.7754    11.3578
scene                      1.8822    -1.5122
in                         0.9378    -1.3815
the                       -0.0759    -0.0223
woods                      2.4754    -2.4379
was                       -0.2584    -0.0861
--------------------------------------------
Avg logits : pos=-1.7341  neg=0.9137
Softmax    : pos=0.0661  neg=0.9339
Predicted  : negative    True: positive
Epoch [2/10] Step  1400 | Train Loss 0.5644 Acc 0.719 | Test  Loss 0.4619 Acc 0.810

Word                    Pos logit  Neg logit
--------------------------------------------
the                       -0.1086     0.0290
plot                     -10.3425     7.2232
of                         0.9974    -0.9945
this                       0.1247    -0.2051
movie                     -0.3360     0.8482
is                         1.5608    -1.5472
as                         0.6151    -0.6012
dumb                     -27.6816    21.2570
as                         0.6151    -0.6012
bag                       -1.8047     2.3759
of                         0.9974    -0.9945
hair                       0.6755     0.0430
jimmy                      2.0360    -2.9099
smit                       5.7641    -5.7816
plays                      4.9589    -5.4731
character                  1.2811    -0.9501
that                      -0.1404     0.3459
could                     -4.9223     4.7020
have                      -2.5153     2.5643
been                      -1.0299     1.0922
upset                     -5.3284     3.3225
by                        -0.0712    -0.0847
the                       -0.1086     0.0290
ridiculousness            -7.5449     5.6035
of                         0.9974    -0.9945
the                       -0.1086     0.0290
story                      0.8554    -0.7086
he                         1.0462    -1.5970
is                         1.5608    -1.5472
evil                      -3.1576     1.3438
--------------------------------------------
Avg logits : pos=-1.3705  neg=0.8606
Softmax    : pos=0.0970  neg=0.9030
Predicted  : negative    True: positive
Epoch [2/10] Step  1450 | Train Loss 0.3685 Acc 0.840 | Test  Loss 0.5276 Acc 0.712

Word                    Pos logit  Neg logit
--------------------------------------------
although                   0.3315    -0.4424
not                       -2.8691     3.0406
one                        0.5504    -0.5986
of                         0.8256    -0.8234
vonnegut                   2.6641    -3.3380
better                     4.4861    -4.7815
known                      0.5432    -0.5836
works                      2.0019    -2.2938
it                         0.9503    -1.1413
is                         1.4081    -1.4041
definite                  -6.1695     4.0604
must                      -0.7775     1.1385
see                        0.7258    -0.5812
interestingly             -1.3043     0.6777
thought                   -3.3798     2.5327
out                       -0.9001     0.7168
especially                 5.5164    -5.4962
like                       0.0250     0.2271
how                        1.3556    -1.3318
the                       -0.1341     0.0674
director                   0.2046     0.2544
filmed                     2.3210    -2.2073
the                       -0.1341     0.0674
couple                     0.3528    -0.3551
in                         0.8169    -1.2529
love                       7.3329    -7.7290
--------------------------------------------
Avg logits : pos=0.6440  neg=-0.8299
Softmax    : pos=0.8136  neg=0.1864
Predicted  : positive    True: positive
Epoch [2/10] Step  1500 | Train Loss 0.5040 Acc 0.803 | Test  Loss 0.4242 Acc 0.817

Word                    Pos logit  Neg logit
--------------------------------------------
unfortunately             -9.5921     7.0492
this                       0.0766    -0.1520
is                         1.4159    -1.4326
not                       -2.6832     2.8169
one                        0.6294    -0.6633
of                         0.9440    -0.9299
those                      0.1730    -0.3244
movies                     1.0777    -1.1928
which                      0.8747    -0.7118
at                         0.3267    -0.2396
least                     -8.5188     6.7181
make                      -2.3759     2.3484
you                        2.6045    -2.6984
laugh                      0.3682    -0.6547
at                         0.3267    -0.2396
their                      2.5682    -2.6992
unbelievable              -9.9497     5.8194
stupidity                -18.1072    13.5103
it                         1.1032    -1.3034
has                        2.1019    -2.0091
no                        -6.8152     5.2578
entertainment              3.3771    -3.1601
value                      2.3801    -2.4715
at                         0.3267    -0.2396
all                        1.8540    -1.9508
it                         1.1032    -1.3034
just                      -3.8835     3.3610
plain                    -20.4443    15.6025
sucks                     -8.7075     6.4816
don                        1.0675    -1.3711
--------------------------------------------
Avg logits : pos=-2.2126  neg=1.4406
Softmax    : pos=0.0253  neg=0.9747
Predicted  : negative    True: negative
Epoch [2/10] Step  1550 | Train Loss 0.6208 Acc 0.669 | Test  Loss 0.4924 Acc 0.763

Word                    Pos logit  Neg logit
--------------------------------------------
there                     -0.5377     0.8007
aren                      -0.5660     0.8016
too                       -6.0088     4.8908
many                       1.7370    -1.7929
times                      2.3270    -2.8993
when                       0.2315    -0.5559
see                        0.7773    -0.6395
film                       0.5481    -0.6314
and                        3.0335    -3.6496
go                        -0.7294     0.9268
huh                       -8.5145     6.4741
what                       0.4227    -0.4787
but                        0.4632    -0.4684
this                       0.1242    -0.1643
was                       -0.0024    -0.4058
one                        0.6354    -0.6760
of                         0.7848    -0.7606
them                      -0.9938     1.0712
maybe                     -5.9340     4.1167
after                      0.0960    -0.4148
seeing                     0.1948    -0.1314
zabriskie                  4.2142    -4.0378
point                     -0.9059     0.8797
felt                       2.6764    -3.1679
much                       0.4898    -0.4496
the                       -0.1015     0.0414
same                      -0.0760     0.1302
way                        2.1445    -2.3921
woody                      0.2140    -0.0244
allen                      0.2196    -0.2933
--------------------------------------------
Avg logits : pos=-0.1012  neg=-0.1300
Softmax    : pos=0.5072  neg=0.4928
Predicted  : positive    True: positive
Epoch [2/10] Step  1600 | Train Loss 0.3786 Acc 0.867 | Test  Loss 0.4013 Acc 0.803

Word                    Pos logit  Neg logit
--------------------------------------------
an                        -0.4181     0.3271
american                   1.5169    -2.0361
woman                     -0.8756     1.0950
her                        0.8396    -1.4743
european                   1.8324    -2.3321
husband                   -0.0401    -0.1839
and                        3.3542    -4.0485
children                  -0.0543     0.3293
return                     0.3084    -0.4441
to                        -1.0499     1.5823
her                        0.8396    -1.4743
mother                    -0.1713     0.0496
home                       2.4041    -2.6222
in                         0.9953    -1.4649
watch                      1.8421    -1.9849
on                         0.5160    -0.6085
the                       -0.1452     0.0726
rhine                    -11.8937     8.7677
film                       0.5320    -0.5822
based                      1.4946    -1.7804
on                         0.5160    -0.6085
the                       -0.1452     0.0726
play                       4.1477    -4.5103
by                        -0.0795    -0.0575
lillian                    0.4635    -0.0720
hellman                    1.7092    -2.1076
and                        3.3542    -4.0485
starring                   0.6119    -0.2844
paul                       1.0675    -1.5008
lukas                      2.7854    -2.8491
--------------------------------------------
Avg logits : pos=0.5419  neg=-0.8260
Softmax    : pos=0.7970  neg=0.2030
Predicted  : positive    True: positive
Epoch [2/10] Step  1650 | Train Loss 0.4233 Acc 0.756 | Test  Loss 0.3720 Acc 0.861

Word                    Pos logit  Neg logit
--------------------------------------------
i                          3.7009    -3.8720
couldn                   -11.2022     8.0227
stand                      0.2861    -0.5362
to                        -1.4469     1.9994
watch                      1.8626    -2.0778
very                       7.4025    -7.3402
much                       0.1371    -0.2657
of                         0.9256    -0.9455
this                       0.1598    -0.2716
crap                     -33.5153    24.6656
this                       0.1598    -0.2716
is                         1.8865    -1.8716
your                       5.5598    -5.7197
standard                  -0.1077     0.4468
junk                     -17.6637    14.0311
that                      -0.1527     0.3296
certain                   -1.4147     1.0071
annoying                 -22.7836    17.7221
women                      0.0150     0.2299
love                       7.9880    -8.3254
old                        0.3648    -0.2965
english                    0.7403    -1.1662
era                        4.3185    -3.8921
drama                      2.3229    -1.9433
with                       0.9654    -1.0501
lots                       0.8959    -0.6881
of                         0.9256    -0.9455
costumes                   4.1150    -3.0932
and                        3.5647    -4.3084
clich                    -30.2209    22.3954
--------------------------------------------
Avg logits : pos=-2.3404  neg=1.3990
Softmax    : pos=0.0232  neg=0.9768
Predicted  : negative    True: negative
Epoch [2/10] Step  1700 | Train Loss 0.4855 Acc 0.748 | Test  Loss 0.2587 Acc 0.922

Word                    Pos logit  Neg logit
--------------------------------------------
i                          3.9004    -4.0385
am                        -2.0168     1.3940
major                      1.0073    -1.5122
fan                        1.6303    -1.4384
of                         0.9381    -0.9113
the                       -0.1664     0.0964
horror                     4.8753    -4.8276
genre                      3.6552    -3.8389
love                       8.2345    -8.5619
horror                     4.8753    -4.8276
slasher                  -12.1768     9.9198
gore                      -2.4938     1.7826
flicks                    -1.3581     1.5494
of                         0.9381    -0.9113
all                        1.9390    -1.9412
kinds                      2.0557    -2.9779
some                      -0.5640     0.4805
of                         0.9381    -0.9113
my                         6.7456    -7.1248
favorites                  7.7588    -7.7704
are                       -0.3089     0.9225
the                       -0.1664     0.0964
really                     4.4565    -4.3019
good                       9.3818    -9.3441
bad                      -36.3810    27.6288
horror                     4.8753    -4.8276
flicks                    -1.3581     1.5494
but                        0.3132    -0.2161
this                       0.0656    -0.1404
movies                     0.8465    -0.8514
--------------------------------------------
Avg logits : pos=0.4147  neg=-0.8618
Softmax    : pos=0.7819  neg=0.2181
Predicted  : positive    True: negative
Epoch [2/10] Step  1750 | Train Loss 0.5239 Acc 0.857 | Test  Loss 0.3610 Acc 0.884

Word                    Pos logit  Neg logit
--------------------------------------------
the                       -0.2364     0.1923
theme                      6.6198    -6.0937
song                       2.8694    -3.6208
often                      0.6986    -0.6000
goes                      -0.4014     0.2778
through                    0.4846    -0.3682
my                         6.3665    -6.6182
head                      -0.0974     0.2449
after                     -0.2061    -0.0902
all                        1.8108    -1.7364
these                      1.8530    -1.9590
years                      2.4991    -2.6465
was                       -0.3024    -0.0222
never                      0.3225    -0.2303
much                       0.1734    -0.1467
of                         0.7862    -0.7472
tv                        -0.2569     0.8993
watcher                    0.1325     0.3590
probably                  -6.5980     5.5823
because                   -3.4175     2.6852
was                       -0.3024    -0.0222
just                      -4.0717     3.6562
entering                  -5.2582     3.6312
my                         6.3665    -6.6182
busy                      -2.0412     1.0386
teen                      -0.3907     1.3839
years                      2.4991    -2.6465
when                       0.0601    -0.3636
my                         6.3665    -6.6182
family                     2.9797    -3.4766
--------------------------------------------
Avg logits : pos=0.6436  neg=-0.8225
Softmax    : pos=0.8125  neg=0.1875
Predicted  : positive    True: positive
Epoch [2/10] Step  1800 | Train Loss 0.3753 Acc 0.859 | Test  Loss 0.4779 Acc 0.777

Word                    Pos logit  Neg logit
--------------------------------------------
this                       0.0597    -0.0983
is                         1.8350    -1.7489
another                   -2.2138     1.7515
bollywood                  0.3145     0.0080
remake                    -2.4540     2.5502
of                         0.8360    -0.8109
hollywood                 -0.0862     0.0711
movie                     -0.6043     1.3157
hitch                     -0.7856     2.0794
if                        -1.2112     1.2053
m                          0.8083    -0.1927
correct                  -11.9972     9.5519
br                        -1.5492     1.9896
br                        -1.5492     1.9896
the                       -0.1933     0.1503
film                       0.5268    -0.5428
has                        2.2731    -2.1256
some                      -0.2752     0.2558
great                     14.6274   -13.8919
moments                   12.8163   -11.4161
which                      1.0039    -0.8031
will                       0.7239    -0.1963
have                      -2.5083     2.6244
you                        2.8547    -2.9122
laughing                  -8.0399     5.8636
out                       -0.5903     0.4921
loud                       2.9157    -2.4534
which                      1.0039    -0.8031
frankly                  -15.6410    11.7809
only                      -2.4303     2.4307
--------------------------------------------
Avg logits : pos=-0.3177  neg=0.2705
Softmax    : pos=0.3571  neg=0.6429
Predicted  : negative    True: negative
Epoch [2/10] Step  1850 | Train Loss 0.3746 Acc 0.785 | Test  Loss 0.5431 Acc 0.730

Word                    Pos logit  Neg logit
--------------------------------------------
not                       -4.2058     4.0563
having                     0.3329    -0.6325
seen                      -0.2091     0.0553
this                      -0.0170    -0.0110
film                       0.5928    -0.7170
in                         1.1370    -1.5907
quite                      4.8056    -4.5227
some                      -0.8455     0.7602
time                       0.7320    -0.7589
we                         1.9235    -1.5453
caught                    -6.4841     5.6348
with                       0.9165    -0.9076
it                         1.4537    -1.5834
not                       -4.2058     4.0563
long                       0.4767    -0.0607
ago                        1.2108    -1.0229
in                         1.1370    -1.5907
the                       -0.2176     0.1533
nicely                    10.9138   -10.4617
transferred                1.4558    -1.2419
criterion                  1.6629    -1.4230
dvd                        3.5074    -3.7563
le                         2.1514    -2.1638
cercle                     7.7205    -6.7469
rouge                     -4.0456     3.3801
is                         2.1776    -2.1096
film                       0.5928    -0.7170
that                      -0.5266     0.7019
owes                      -3.5526     2.2811
lot                        0.8622    -0.9058
--------------------------------------------
Avg logits : pos=0.7151  neg=-0.7797
Softmax    : pos=0.8168  neg=0.1832
Predicted  : positive    True: positive
Epoch [3/10] Step  1900 | Train Loss 0.3786 Acc 0.762 | Test  Loss 0.3924 Acc 0.871

Word                    Pos logit  Neg logit
--------------------------------------------
you                        2.5911    -2.6000
know                      -0.1063     0.1446
people                     2.2094    -2.5362
who                        0.7877    -0.8121
make                      -2.1668     2.1450
comedies                   5.5895    -5.6275
so                         1.1397    -0.9515
often                      0.9906    -0.8719
forget                     6.0836    -5.9652
it                         1.4991    -1.6737
really                     4.5802    -4.3785
ok                        -8.8044     7.2307
to                        -0.7288     1.1017
be                        -1.4204     1.6594
outrageous               -20.6293    15.0713
well                       3.9871    -4.4443
not                       -3.0416     3.1038
this                       0.0324    -0.0826
time                       0.7282    -0.8038
unconditional              4.7908    -4.4781
love                       8.1909    -8.4950
has                        2.3625    -2.2017
it                         1.4991    -1.6737
all                        1.7691    -1.7611
barry                      1.1746    -1.5067
manilow                    6.5195    -7.4866
and                        3.2216    -3.8758
dwarf                     -5.1914     4.0205
in                         1.0871    -1.5348
movie                     -0.7130     1.4863
--------------------------------------------
Avg logits : pos=0.6011  neg=-0.9266
Softmax    : pos=0.8217  neg=0.1783
Predicted  : positive    True: positive
Epoch [3/10] Step  1950 | Train Loss 0.4229 Acc 0.807 | Test  Loss 0.5356 Acc 0.774

Word                    Pos logit  Neg logit
--------------------------------------------
there                     -0.7343     1.0065
are                       -0.2901     0.9115
number                     0.3999    -0.1756
of                         0.5206    -0.4692
problems                  -2.5717     1.8982
with                       0.8745    -0.8302
this                       0.0488    -0.1000
movie                     -0.8101     1.6678
but                        0.5087    -0.4584
the                       -0.3057     0.3055
bottom                   -17.2705    13.3674
line                       0.3390    -0.4681
is                         2.0206    -1.8749
that                      -0.1005     0.3621
it                         1.6028    -1.7816
tried                     -4.0207     3.2373
to                        -0.8629     1.2859
do                        -2.0378     2.1571
too                       -4.6312     3.8166
much                       0.3656    -0.3032
with                       0.8745    -0.8302
too                       -4.6312     3.8166
little                     1.0677    -0.7402
the                       -0.3057     0.3055
base                       1.1835    -0.8274
story                      0.6688    -0.5027
is                         2.0206    -1.8749
quite                      7.6248    -6.9859
good                      10.6226   -10.3986
but                        0.5087    -0.4584
--------------------------------------------
Avg logits : pos=-0.2440  neg=0.1686
Softmax    : pos=0.3983  neg=0.6017
Predicted  : negative    True: negative
Epoch [3/10] Step  2000 | Train Loss 0.6096 Acc 0.734 | Test  Loss 0.4281 Acc 0.830

Word                    Pos logit  Neg logit
--------------------------------------------
i                          4.1185    -4.3195
not                       -4.0996     3.9933
fan                        1.3300    -1.1759
of                         0.5246    -0.5019
this                      -0.0057    -0.0453
brand                      3.3967    -3.8532
of                         0.5246    -0.5019
comedy                     5.1531    -5.2832
stereotyped              -11.2375     8.8971
characters                 0.6637     0.1491
over                       0.1317    -0.0187
acting                    -3.0671     2.3205
their                      2.8495    -2.8101
way                        2.4124    -2.6130
through                    0.5441    -0.4625
cops                      -0.3607     0.5366
and                        3.2714    -3.8925
robbers                   -1.1255     1.4430
farce                    -17.9975    13.8433
but                        0.2641    -0.1165
there                     -1.2859     1.5062
are                       -0.6065     1.2859
enough                    -8.9805     7.0447
likable                   13.5160   -12.8259
characters                 0.6637     0.1491
to                        -1.3309     1.8656
sustain                    5.1878    -5.4766
interest                   0.5511    -0.3579
michelle                  -0.0606     0.7770
pfeiffer                   0.6197    -0.4943
--------------------------------------------
Avg logits : pos=-0.1478  neg=-0.0312
Softmax    : pos=0.4709  neg=0.5291
Predicted  : negative    True: positive
Epoch [3/10] Step  2050 | Train Loss 0.4761 Acc 0.692 | Test  Loss 0.3579 Acc 0.916

Word                    Pos logit  Neg logit
--------------------------------------------
i                          3.5937    -3.7466
had                       -3.4240     3.2504
no                        -8.2873     6.6117
expectations              -0.7990     0.8101
never                      0.0643     0.0586
saw                       -0.3082     0.2460
previews                   2.2131    -1.8110
for                        0.2125    -0.3156
marigold                   3.7480    -2.8561
and                        2.6583    -3.1099
enjoyed                   15.8116   -15.2258
the                       -0.2827     0.2895
characters                 0.2863     0.4609
contemporary               5.5553    -5.7449
music                      4.0863    -4.9565
and                        2.6583    -3.1099
sharp                      3.1103    -2.2522
dancing                    0.1909     0.3149
in                         0.7120    -1.0723
this                      -0.0747     0.0665
light                      1.8290    -1.5044
hearted                  -10.5616     6.4594
movie                     -0.6524     1.5396
even                      -1.4174     1.4037
though                     0.0607    -0.0911
of                         0.3908    -0.3431
the                       -0.2827     0.2895
dialog                     0.5658    -0.3327
is                         1.6956    -1.6247
english                    0.2637    -0.6321
--------------------------------------------
Avg logits : pos=0.7872  neg=-0.8976
Softmax    : pos=0.8435  neg=0.1565
Predicted  : positive    True: positive
Epoch [3/10] Step  2100 | Train Loss 0.3787 Acc 0.845 | Test  Loss 0.4961 Acc 0.783

Word                    Pos logit  Neg logit
--------------------------------------------
a                         -0.8423     0.5737
movie                     -0.5408     1.4008
about                      0.0440     0.0733
mysterious                -0.9658     0.1262
love                       8.9439    -9.2246
letter                    -0.4083     0.4213
that                      -0.0656     0.2682
puts                       0.5774    -0.5373
small                      0.7253     0.0338
town                       0.1436    -0.2831
on                         0.5622    -0.5625
its                        2.9842    -2.8616
ear                        0.9396    -1.1247
should                    -1.1198     1.4108
be                        -1.1270     1.3907
fun                       11.5645   -10.9298
romantic                  10.4565    -9.7443
and                        2.9855    -3.4231
easy                       6.3560    -6.0152
going                     -3.0494     2.7393
entertainment              2.9739    -2.7151
instead                   -0.9120     0.9054
this                       0.0038    -0.0041
movie                     -0.5408     1.4008
is                         1.8747    -1.7604
more                       1.3365    -1.5113
about                      0.0440     0.0733
things                     1.9803    -2.0504
not                       -2.6321     2.7528
said                      -0.0160     0.2856
--------------------------------------------
Avg logits : pos=1.4092  neg=-1.2964
Softmax    : pos=0.9374  neg=0.0626
Predicted  : positive    True: negative
Epoch [3/10] Step  2150 | Train Loss 0.5352 Acc 0.728 | Test  Loss 0.4283 Acc 0.832

Word                    Pos logit  Neg logit
--------------------------------------------
jack                      -0.1573     0.0685
black                     -0.2860     0.5708
and                        2.9337    -3.4183
kyle                       0.2053    -0.4314
gass                       3.9696    -3.5381
team                       3.7198    -3.4817
together                   3.2907    -3.6233
to                        -0.7088     1.0325
promote                    7.6225    -7.8245
their                      2.6071    -2.5862
band                       2.1567    -2.5627
tenacious                 10.2484   -10.1578
in                         0.7986    -1.1736
this                      -0.0125     0.0027
rock                       1.4848    -1.6798
classic                    9.1093    -8.9990
called                     0.0944    -0.0248
tenacious                 10.2484   -10.1578
in                         0.7986    -1.1736
the                       -0.2588     0.2663
pick                      -1.6773     1.7202
of                         0.4837    -0.4572
destiny                    5.0045    -5.2811
jack                      -0.1573     0.0685
black                     -0.2860     0.5708
and                        2.9337    -3.4183
kyle                       0.2053    -0.4314
gass                       3.9696    -3.5381
invent                    -4.5836     3.3752
their                      2.6071    -2.5862
--------------------------------------------
Avg logits : pos=2.2121  neg=-2.2956
Softmax    : pos=0.9891  neg=0.0109
Predicted  : positive    True: positive
Epoch [3/10] Step  2200 | Train Loss 0.4436 Acc 0.806 | Test  Loss 0.3837 Acc 0.841

Word                    Pos logit  Neg logit
--------------------------------------------
before                     0.2810    -0.4716
all                        1.8301    -1.7837
d                          0.6497    -0.4892
like                      -0.2402     0.6323
to                        -1.0013     1.4228
point                     -1.9836     1.8206
out                       -0.4046     0.3271
that                      -0.1545     0.4074
have                      -3.2038     3.3605
not                       -3.2576     3.3108
read                      -0.2576     0.4256
the                       -0.2470     0.2865
book                       2.1155    -2.2532
so                         1.1439    -0.9584
there                     -0.8245     1.0829
was                       -0.2261    -0.1562
no                        -7.4394     6.0418
chance                    -3.8986     3.0035
d                          0.6497    -0.4892
be                        -1.7381     1.9373
disappointed              -8.1168     6.9280
in                         0.8981    -1.3167
that                      -0.1545     0.4074
aspect                     2.2803    -2.2220
the                       -0.2470     0.2865
major                      1.1335    -1.5661
flaw                     -11.7026     9.6811
spotted                   -1.6292     3.1351
was                       -0.2261    -0.1562
historical                 4.6651    -4.2209
--------------------------------------------
Avg logits : pos=-1.0435  neg=0.9471
Softmax    : pos=0.1202  neg=0.8798
Predicted  : negative    True: positive
Epoch [3/10] Step  2250 | Train Loss 0.5179 Acc 0.785 | Test  Loss 0.6163 Acc 0.618

Word                    Pos logit  Neg logit
--------------------------------------------
i                          3.4272    -3.5992
liked                      6.0210    -6.7163
this                       0.0347    -0.0469
movie                     -0.9832     2.1155
cute                       2.4983    -1.2564
and                        2.5720    -3.0734
funny                     11.9981   -11.1567
found                     -2.0443     1.9661
this                       0.0347    -0.0469
film                      -0.0602     0.7108
to                        -0.9509     1.3624
be                        -2.0818     2.2345
good                       9.2023    -8.9625
family                     4.0425    -4.6581
film                      -0.0602     0.7108
the                       -0.2730     0.2985
dirtiest                 -22.1794    16.0180
part                       0.9061    -1.2205
of                         0.4867    -0.4620
this                       0.0347    -0.0469
movie                     -0.9832     2.1155
was                       -0.1973    -0.1442
when                       0.2524    -0.5542
it                         1.6441    -1.7519
made                      -2.6339     2.3841
references                -0.5523     0.5054
to                        -0.9509     1.3624
the                       -0.2730     0.2985
new                        1.2340    -1.1638
york                       2.0585    -1.8546
--------------------------------------------
Avg logits : pos=0.4075  neg=-0.4877
Softmax    : pos=0.7100  neg=0.2900
Predicted  : positive    True: positive
Epoch [3/10] Step  2300 | Train Loss 0.5608 Acc 0.701 | Test  Loss 0.5352 Acc 0.699

Word                    Pos logit  Neg logit
--------------------------------------------
this                       0.4363    -0.5305
was                        0.1123    -0.5766
something                 -2.4850     1.4789
had                       -3.1252     2.8777
been                      -0.5807     0.6483
looking                    0.3498    -0.1477
forward                   -0.9141     1.5598
to                        -0.6952     0.9843
seeing                     0.0564     0.0285
the                       -0.1678     0.2068
ultimate                   5.4613    -4.7199
avengers                   0.9412    -0.3943
movies                     1.1467    -1.3497
had                       -3.1252     2.8777
both                       1.2935    -1.8051
exceeded                  -8.0096     7.0921
my                         6.9687    -7.2195
expectations              -0.0432    -0.0216
and                        3.3146    -3.8042
since                      3.1423    -3.1399
iron                       1.2080    -1.1424
man                        0.3141     0.0623
has                        2.9640    -2.7976
been                      -0.5807     0.6483
one                        1.6577    -1.7350
of                         0.7460    -0.7101
my                         6.9687    -7.2195
favorite                   7.3388    -7.1760
marvel                     2.4479    -1.5779
characters                 0.6959     0.0999
--------------------------------------------
Avg logits : pos=0.9279  neg=-0.9168
Softmax    : pos=0.8635  neg=0.1365
Predicted  : positive    True: negative
Epoch [3/10] Step  2350 | Train Loss 0.3836 Acc 0.862 | Test  Loss 0.5121 Acc 0.790

Word                    Pos logit  Neg logit
--------------------------------------------
let                       -0.7530     1.0926
face                      -0.0632     0.1163
it                         2.0453    -2.1676
lot                        1.9532    -1.9725
of                         0.6253    -0.6062
bad                      -38.4530    29.8981
movies                     1.1479    -1.3457
are                       -0.3454     0.9498
made                      -1.4627     1.3024
all                        1.7671    -1.7542
the                       -0.1916     0.2160
time                       0.9746    -0.9380
for                        0.4231    -0.5611
those                      0.8528    -1.0101
people                     2.9584    -3.3995
who                        0.8776    -0.9267
work                       1.3041    -1.3183
in                         1.1542    -1.5780
film                       0.4082    -0.2624
you                        3.0789    -3.2153
have                      -2.5486     2.6899
probably                  -6.7676     5.7211
poured                    -4.1662     2.5686
lot                        1.9532    -1.9725
of                         0.6253    -0.6062
time                       0.9746    -0.9380
and                        2.9523    -3.4802
effort                    -7.6950     6.6599
into                      -0.0852    -0.0066
many                       2.3142    -2.2910
--------------------------------------------
Avg logits : pos=-1.1380  neg=0.6955
Softmax    : pos=0.1378  neg=0.8622
Predicted  : negative    True: positive
Epoch [3/10] Step  2400 | Train Loss 0.3880 Acc 0.810 | Test  Loss 0.3924 Acc 0.883

Word                    Pos logit  Neg logit
--------------------------------------------
fascinating               20.2085   -18.4080
yet                        0.8282    -0.5160
unsettling                 9.6306    -8.0217
look                       1.2040    -1.0793
at                         0.1719    -0.0081
edith                      0.7299    -1.1678
bouvier                    5.1129    -4.8495
beale                      5.4380    -4.7347
big                       -0.1172     0.3141
edie                       0.5753     0.1715
and                        2.4130    -2.9233
her                       -0.4258     0.2872
daughter                  -1.0186     1.3123
little                     0.9833    -0.6970
edie                       0.5753     0.1715
aunt                      -0.6738     0.9488
and                        2.4130    -2.9233
first                      1.3862    -1.8434
cousin                    -0.2739     0.4189
to                        -0.6660     1.0119
the                       -0.2525     0.2661
late                       0.2184    -0.0985
jacquelyn                  9.1501    -7.3818
kennedy                    2.1285    -2.6336
onasis                     0.0689    -0.0198
they                      -1.8292     2.0848
live                       2.6344    -2.5511
in                         0.7408    -1.1595
rodent                    -2.4561     3.4615
infested                 -17.8510    12.9349
--------------------------------------------
Avg logits : pos=1.3682  neg=-1.2544
Softmax    : pos=0.9323  neg=0.0677
Predicted  : positive    True: positive
Epoch [3/10] Step  2450 | Train Loss 0.2985 Acc 0.890 | Test  Loss 0.3578 Acc 0.852

Word                    Pos logit  Neg logit
--------------------------------------------
the                       -0.2045     0.2375
premise                  -17.0299    12.7691
is                         2.4529    -2.3916
simple                     6.1521    -4.9925
this                       0.1597    -0.2075
movies                     1.0139    -1.1060
starts                    -1.2331     0.7064
out                       -0.6643     0.5392
looking                   -0.1528     0.4390
like                      -0.3807     0.7632
your                       5.3661    -5.3003
average                   -7.1195     6.1126
lame                     -42.4570    33.1923
chick                     -0.2550     0.7853
flick                     -2.9834     3.4937
about                      0.0745     0.0443
two                        0.3905    -0.8032
attractive                 7.3631    -6.6318
young                      0.5397    -0.2241
people                     2.8046    -3.2695
meeting                    0.9102    -0.5415
each                       1.4833    -1.1894
other                      0.9946    -1.0383
in                         1.0016    -1.4195
an                        -0.4482     0.4015
airport                    0.2532     0.0417
then                       0.3958    -0.3718
things                     1.3654    -1.5171
take                      -0.0774     0.4060
degree                     2.5477    -2.0207
--------------------------------------------
Avg logits : pos=-1.2579  neg=0.8969
Softmax    : pos=0.1039  neg=0.8961
Predicted  : negative    True: positive
Epoch [3/10] Step  2500 | Train Loss 0.5555 Acc 0.805 | Test  Loss 0.3696 Acc 0.845

Word                    Pos logit  Neg logit
--------------------------------------------
there                     -0.7955     1.0407
perhaps                   -1.6232     1.2558
special                    1.8147    -1.5068
reason                    -7.0595     5.5370
why                       -1.8138     1.4499
the                       -0.2871     0.3064
fox                        0.2277     0.1583
and                        2.6438    -3.0628
the                       -0.2871     0.3064
child                     -1.1856     1.7031
hit                        1.9518    -3.0169
special                    1.8147    -1.5068
note                      -0.1530     0.5538
in                         0.7480    -1.1571
my                         7.1806    -7.3389
heart                      3.2920    -3.8284
having                     0.0549    -0.2871
just                      -5.2154     4.5247
said                      -0.0248     0.2624
goodbye                    4.6055    -4.6895
to                        -0.7740     1.0752
my                         7.1806    -7.3389
new                        1.1679    -1.1054
fianc                      0.9823    -1.5208
of                         0.4660    -0.4449
oh                        -7.5883     5.6600
one                        1.0469    -1.2300
day                        3.3874    -2.9659
for                        0.2313    -0.3199
an                        -0.5705     0.4900
--------------------------------------------
Avg logits : pos=0.3806  neg=-0.5665
Softmax    : pos=0.7205  neg=0.2795
Predicted  : positive    True: positive
Epoch [3/10] Step  2550 | Train Loss 0.4351 Acc 0.812 | Test  Loss 0.3841 Acc 0.844

Word                    Pos logit  Neg logit
--------------------------------------------
i                          4.5963    -4.7134
saw                       -0.2858     0.2175
this                       0.0778    -0.0975
movie                     -0.7740     1.6392
when                       0.4644    -0.7038
it                         1.8938    -2.0632
was                       -0.2874    -0.0475
first                      1.6377    -2.0712
released                   3.5660    -3.2476
in                         1.1661    -1.5972
pittsburgh                 1.0536    -1.3113
pa                        -1.3448     1.5207
had                       -3.1725     2.9823
traveled                   1.9229    -2.5582
from                       0.3067    -0.4235
youngstown               -11.4525     8.1454
ohio                       0.7888    -1.0153
distance                  -0.2144     0.8384
of                         0.6163    -0.6079
approx                    -1.0074     1.6985
miles                      0.9183    -0.2398
knew                      -1.0389     0.2774
nothing                  -14.9447    11.4248
of                         0.6163    -0.6079
the                       -0.1980     0.2095
plot                     -12.5667     9.1318
nor                       -2.8104     2.6506
the                       -0.1980     0.2095
players                    1.5004    -1.5004
had                       -3.1725     2.9823
--------------------------------------------
Avg logits : pos=-1.0781  neg=0.7041
Softmax    : pos=0.1440  neg=0.8560
Predicted  : negative    True: negative
Epoch [3/10] Step  2600 | Train Loss 0.4418 Acc 0.781 | Test  Loss 0.4133 Acc 0.844

Word                    Pos logit  Neg logit
--------------------------------------------
i                          4.0379    -4.0885
loved                     16.4993   -16.2594
watching                   0.0210     0.7318
sea                        3.1455    -2.7499
hunt                       0.1298     0.0678
back                       0.0855    -0.0720
in                         1.0494    -1.4240
the                       -0.1444     0.1769
day                        3.2139    -2.8025
was                       -0.1709    -0.1771
in                         1.0494    -1.4240
grammar                   -1.2050     0.6205
school                     0.6161    -0.7203
and                        3.0811    -3.4404
would                     -2.9842     3.1398
get                        0.4739    -0.2562
home                       2.9970    -3.2108
do                        -1.4558     1.5711
my                         7.0940    -7.2053
homework                 -19.2353    14.0106
and                        3.0811    -3.4404
by                        -0.0224    -0.0167
would                     -2.9842     3.1398
be                        -1.1013     1.3115
ready                     -0.3215     0.9507
to                        -0.4695     0.7125
watch                      2.3512    -2.3306
sea                        3.1455    -2.7499
hunt                       0.1298     0.0678
and                        3.0811    -3.4404
--------------------------------------------
Avg logits : pos=0.8396  neg=-0.9769
Softmax    : pos=0.8601  neg=0.1399
Predicted  : positive    True: positive
Epoch [3/10] Step  2650 | Train Loss 0.3425 Acc 0.902 | Test  Loss 0.5491 Acc 0.744

Word                    Pos logit  Neg logit
--------------------------------------------
if                        -1.7474     1.4956
had                       -4.2704     3.8881
just                      -4.7026     4.0674
seen                      -0.2121     0.0253
the                       -0.2120     0.2311
pilot                     -1.5169     2.2035
of                         0.4675    -0.4341
this                      -0.0188     0.0232
show                       1.8292    -1.7499
would                     -3.7630     3.8182
have                      -3.1850     3.3465
rated                      2.2068    -2.1221
it                         1.6866    -1.8169
i                          4.0679    -4.2143
was                       -0.4947     0.2220
immediately               -0.9786     1.2646
hooked                    -0.8001     1.5721
on                         0.6043    -0.6167
this                      -0.0188     0.0232
gorgeous                  15.6306   -14.4321
new                        1.1074    -1.0520
world                     10.0630   -10.3353
subsequent                 2.4774    -2.3172
episodes                   5.1328    -5.2354
have                      -3.1850     3.3465
not                       -3.3579     3.2412
completely               -11.1136     7.8687
lived                      4.7146    -5.2211
up                        -0.0855     0.1902
to                        -0.7104     0.9787
--------------------------------------------
Avg logits : pos=0.3205  neg=-0.3914
Softmax    : pos=0.6708  neg=0.3292
Predicted  : positive    True: positive
Epoch [3/10] Step  2700 | Train Loss 0.3570 Acc 0.809 | Test  Loss 0.4936 Acc 0.699

Word                    Pos logit  Neg logit
--------------------------------------------
have                      -3.0301     3.2143
you                        2.9914    -3.1018
ever                       5.2216    -5.2976
seen                       0.1069    -0.1324
one                        1.1178    -1.1394
of                         0.5432    -0.5047
those                      0.7187    -0.7636
shows                      1.8842    -1.8363
that                      -0.0249     0.2497
became                     2.2875    -2.6633
so                         0.9719    -0.8565
popular                    5.4652    -5.3786
that                      -0.0249     0.2497
it                         1.8135    -1.9498
could                     -5.9325     5.4892
eventually                 1.0552    -0.9352
get                        0.4649    -0.1955
away                      -0.9980     1.0699
with                       0.6856    -0.5397
any                       -7.3259     5.8973
crummy                   -36.4633    27.4198
nonsense                 -24.3531    18.7964
and                        2.8367    -3.1810
repetitive               -20.2952    15.9893
halfhearted              -31.0052    23.2293
gimmicks                 -20.6900    16.4536
that                      -0.0249     0.2497
it                         1.8135    -1.9498
creators                  -0.2633     0.8515
can                       -0.0742     0.8477
--------------------------------------------
Avg logits : pos=-4.0176  neg=2.9861
Softmax    : pos=0.0009  neg=0.9991
Predicted  : negative    True: negative
Epoch [3/10] Step  2750 | Train Loss 0.4243 Acc 0.812 | Test  Loss 0.3161 Acc 0.865

Word                    Pos logit  Neg logit
--------------------------------------------
i                          3.3530    -3.5561
just                      -3.9436     3.4190
rented                    -1.7594     1.5526
blackwater                -2.7083     2.4221
valley                     2.9773    -2.7194
exorcism                 -12.7883     8.6278
because                   -1.9084     1.3696
the                       -0.2044     0.2421
cover                     -1.2106     1.5517
and                        2.7740    -3.1694
pictures                   2.0396    -1.6248
looked                    -3.0291     3.1299
terrifying                 2.0633    -3.9101
and                        2.7740    -3.1694
don                       -0.0938     0.2009
normally                  -0.3024     0.1747
watch                      2.2321    -2.1749
movies                     1.4152    -1.8278
that                      -0.1804     0.4365
are                       -0.6643     1.2771
automatically             -0.7707     1.2914
released                   2.6575    -2.4513
onto                      -0.3370     0.6624
dvd                        5.0158    -5.4585
but                        0.2465    -0.1016
this                      -0.0052     0.0005
looked                    -3.0291     3.1299
so                         1.0702    -0.9750
interesting               12.6809   -11.6302
and                        2.7740    -3.1694
--------------------------------------------
Avg logits : pos=0.3713  neg=-0.5483
Softmax    : pos=0.7150  neg=0.2850
Predicted  : positive    True: negative
Epoch [3/10] Step  2800 | Train Loss 0.4589 Acc 0.779 | Test  Loss 0.4479 Acc 0.748

Word                    Pos logit  Neg logit
--------------------------------------------
this                       0.1649    -0.2141
movie                     -0.6272     1.2816
origins                    0.5828    -0.4809
are                       -0.1515     0.8059
mystery                    4.3192    -3.7793
to                        -0.4586     0.7313
me                         1.3561    -1.8351
as                         0.8548    -0.8728
only                      -3.5275     3.1523
know                       0.0230    -0.0170
as                         0.8548    -0.8728
much                       0.4008    -0.4378
as                         0.8548    -0.8728
imdb                      -2.9542     3.2356
did                       -3.1187     2.9756
before                     0.2623    -0.4778
rented                    -1.8885     1.5547
it                         2.1294    -2.3346
assume                     0.2891    -0.4662
that                       0.0551     0.1571
before                     0.2623    -0.4778
starship                   0.5113    -0.0003
troopers                   0.1393     0.7069
killshot                   1.3564    -1.3532
was                       -0.3710    -0.0128
one                        1.6122    -1.7514
of                         0.6134    -0.6065
the                       -0.1432     0.1921
countless                  4.6268    -5.4134
unaired                  -27.9627    20.8748
--------------------------------------------
Avg logits : pos=-0.6645  neg=0.4464
Softmax    : pos=0.2477  neg=0.7523
Predicted  : negative    True: positive
Epoch [4/10] Step  2850 | Train Loss 0.3546 Acc 0.846 | Test  Loss 0.4424 Acc 0.800

Word                    Pos logit  Neg logit
--------------------------------------------
all                        2.0076    -1.9990
can                       -0.0745     0.8591
say                       -3.7548     3.5090
is                         3.0144    -2.9176
that                      -0.0510     0.3128
was                       -0.5914     0.2745
expecting                 -6.6892     5.7926
wick                      -1.8871     1.2496
movie                     -0.9398     1.7103
and                        3.4320    -3.8725
blurred                    4.4393    -4.1056
surprised                  3.4176    -3.1337
me                         1.2290    -1.7828
on                         0.6493    -0.6533
the                       -0.2370     0.2725
positive                   3.0197    -2.7121
way                        2.0058    -2.1032
very                       8.8599    -8.4791
nice                      15.4296   -14.0451
teenager                  -0.7627     1.4879
movie                     -0.9398     1.7103
all                        2.0076    -1.9990
this                       0.0478    -0.0675
kinds                      2.2225    -3.0265
of                         0.5318    -0.5205
situations                 0.5443    -0.3611
are                       -0.3188     0.9954
normal                     1.6213    -1.7632
on                         0.6493    -0.6533
school                     0.4908    -0.6749
--------------------------------------------
Avg logits : pos=1.3124  neg=-1.2232
Softmax    : pos=0.9266  neg=0.0734
Predicted  : positive    True: positive
Epoch [4/10] Step  2900 | Train Loss 0.3789 Acc 0.836 | Test  Loss 0.3800 Acc 0.835

Word                    Pos logit  Neg logit
--------------------------------------------
the                       -0.2432     0.2653
story                      0.7320    -0.6121
of                         0.5132    -0.4853
the                       -0.2432     0.2653
bride                     -2.1891     3.1552
fair                       8.6497    -8.1296
is                         2.5026    -2.4293
an                        -0.4780     0.3956
amusing                    9.5161    -8.2756
and                        3.0570    -3.4535
engaging                   4.0175    -3.7981
one                        0.9934    -1.1017
and                        3.0570    -3.4535
it                         1.9786    -2.1355
is                         2.5026    -2.4293
to                        -0.9123     1.2105
the                       -0.2432     0.2653
filmmaker                 -0.1747     1.0676
credit                    -1.2294     2.0791
that                      -0.2020     0.4838
he                         0.6993    -1.1191
sets                       1.2242    -0.5879
out                       -0.6048     0.5045
to                        -0.9123     1.2105
portray                   -0.5581     1.1284
rural                      2.0368    -1.7591
minnesotans               -1.2985     0.8394
with                       0.7027    -0.5622
the                       -0.2432     0.2653
same                      -0.1032     0.1468
--------------------------------------------
Avg logits : pos=1.0849  neg=-0.9016
Softmax    : pos=0.8794  neg=0.1206
Predicted  : positive    True: negative
Epoch [4/10] Step  2950 | Train Loss 0.3308 Acc 0.861 | Test  Loss 0.4948 Acc 0.742

Word                    Pos logit  Neg logit
--------------------------------------------
hunt                      -0.6508     0.9136
for                        0.1780    -0.2535
justice                    5.4779    -4.6559
is                         2.6702    -2.6137
canadian                   1.4116    -1.8780
television                 0.9038    -1.1611
drama                      2.1688    -1.8305
that                      -0.1271     0.4074
has                        2.5298    -2.2814
made                      -2.4494     2.1995
it                         2.1547    -2.3007
to                        -0.7513     1.0711
dvd                        5.1446    -5.6083
and                        3.2458    -3.5899
that                      -0.1271     0.4074
is                         2.6702    -2.6137
reason                    -7.2583     5.6901
for                        0.1780    -0.2535
gratitude                 15.5976   -14.8286
for                        0.1780    -0.2535
those                      0.8568    -0.9575
who                        0.7407    -0.7657
hunger                     3.9000    -4.3455
for                        0.1780    -0.2535
educational                2.0552    -2.1098
dramas                     5.5662    -5.4949
that                      -0.1271     0.4074
inform                     1.2154    -0.9438
us                         1.1829    -1.4485
about                      0.0949     0.0638
--------------------------------------------
Avg logits : pos=1.6269  neg=-1.6427
Softmax    : pos=0.9634  neg=0.0366
Predicted  : positive    True: positive
Epoch [4/10] Step  3000 | Train Loss 0.3294 Acc 0.833 | Test  Loss 0.5297 Acc 0.748

Word                    Pos logit  Neg logit
--------------------------------------------
it                         2.3249    -2.5088
has                        2.8482    -2.6756
taken                     -0.0404     0.1152
several                    1.3834    -1.3968
viewings                   1.2895    -1.5117
for                        0.2493    -0.3869
me                         2.0570    -2.5339
to                        -0.6344     0.8925
fully                      3.6046    -3.7649
appreciate                11.1042   -10.7418
this                       0.0979    -0.0895
film                       0.4123    -0.2929
initially                 -0.8230     0.7452
was                       -0.3714    -0.0466
struck                     2.6402    -2.3712
by                        -0.0305    -0.0254
the                       -0.1771     0.2171
stylized                  -0.8893     1.6328
sets                       1.3614    -0.8135
but                        0.6467    -0.6486
found                     -2.4715     2.2289
the                       -0.1771     0.2171
rest                       1.9257    -1.9039
slow                      -8.9738     7.2455
going                     -2.7605     2.1766
and                        3.4423    -3.8107
dull                     -44.8930    35.2711
thought                   -1.9998     1.4125
that                       0.0320     0.1891
such                       0.2364    -0.0169
--------------------------------------------
Avg logits : pos=-0.9529  neg=0.5601
Softmax    : pos=0.1805  neg=0.8195
Predicted  : negative    True: positive
Epoch [4/10] Step  3050 | Train Loss 0.3961 Acc 0.888 | Test  Loss 0.4785 Acc 0.750

Word                    Pos logit  Neg logit
--------------------------------------------
i                          3.4500    -3.6001
haven                      4.3146    -4.2404
seen                      -0.0509    -0.0677
all                        1.4335    -1.4540
cage                       0.4581     0.0886
works                      1.6329    -1.7895
by                        -0.1088     0.0758
any                       -9.1592     7.3768
means                     -1.6985     1.5746
but                        0.5112    -0.4812
his                        0.5945    -1.2189
acting                    -4.2156     3.2399
in                         0.6681    -1.0522
this                       0.0242    -0.0066
one                        1.3093    -1.4268
was                       -0.4940     0.1073
truly                     17.8152   -16.5330
awful                    -52.9306    41.0492
the                       -0.2497     0.2939
other                      0.8604    -0.8782
characters                -0.0683     0.6296
run                       -5.7064     4.5272
the                       -0.2497     0.2939
gamut                      5.5515    -5.5394
of                         0.4602    -0.4394
ability                    1.9579    -1.4180
but                        0.5112    -0.4812
having                     0.7610    -0.9416
most                       6.7366    -6.6362
of                         0.4602    -0.4394
--------------------------------------------
Avg logits : pos=-0.8474  neg=0.3538
Softmax    : pos=0.2313  neg=0.7687
Predicted  : negative    True: negative
Epoch [4/10] Step  3100 | Train Loss 0.4708 Acc 0.782 | Test  Loss 0.4053 Acc 0.825

Word                    Pos logit  Neg logit
--------------------------------------------
this                       0.0820    -0.0814
is                         3.1779    -3.1066
my                         6.3035    -6.4134
first                      1.6272    -2.0930
review                     1.1373    -0.9053
on                         0.6279    -0.6373
imdb                      -2.4154     2.7654
com                       -1.2272     2.1130
and                        3.5799    -3.9242
probably                  -7.0400     5.8870
first                      1.6272    -2.0930
ever                       5.4339    -5.4520
written                   -0.7416     0.6030
review                     1.1373    -0.9053
of                         0.5510    -0.5464
film                       0.6100    -0.6806
ve                         2.7646    -3.0420
done                      -1.1393     0.2711
of                         0.5510    -0.5464
my                         6.3035    -6.4134
own                        2.6646    -2.7069
accord                     5.0612    -4.9153
not                       -3.3640     3.2411
for                        0.2215    -0.3410
some                      -0.5029     0.5323
class                     -0.4842     0.8687
assignment                 0.1703    -0.2517
think                      0.7521    -1.0603
that                       0.1116     0.0720
fact                      -2.2473     1.4645
--------------------------------------------
Avg logits : pos=0.8445  neg=-0.9432
Softmax    : pos=0.8566  neg=0.1434
Predicted  : positive    True: negative
Epoch [4/10] Step  3150 | Train Loss 0.3195 Acc 0.841 | Test  Loss 0.4819 Acc 0.815

Word                    Pos logit  Neg logit
--------------------------------------------
hilarious                  8.4992    -8.3298
clean                     -1.3724    -0.3932
light                      2.5084    -2.2090
hearted                  -13.6419     8.7660
and                        2.8878    -3.1635
quote                     -1.8237     1.6974
worthy                    -0.7351    -0.9859
what                       0.1681    -0.0705
else                      -4.1102     2.8020
can                       -0.1513     0.9417
you                        2.7084    -2.8136
ask                       -0.4764     0.7265
for                        0.1243    -0.1227
in                         0.7376    -1.0598
film                       0.1461     0.0976
this                      -0.0247     0.0694
is                         2.4976    -2.4229
my                         6.0234    -6.1221
all                        1.1372    -1.2247
time                       0.6180    -0.5810
number                     0.0028     0.0514
one                        1.0008    -1.0825
favorite                   7.3695    -7.2425
movie                     -0.6980     1.3230
ever                       4.7572    -4.8217
since                      2.6249    -2.6849
was                       -0.4646     0.1392
little                     0.8097    -0.5968
girl                      -2.0028     3.2854
ve                         3.5837    -3.6660
--------------------------------------------
Avg logits : pos=0.7568  neg=-0.9898
Softmax    : pos=0.8515  neg=0.1485
Predicted  : positive    True: positive
Epoch [4/10] Step  3200 | Train Loss 0.3916 Acc 0.849 | Test  Loss 0.4441 Acc 0.788

Word                    Pos logit  Neg logit
--------------------------------------------
i                          3.3382    -3.3771
claim                     -7.7922     6.0835
no                        -9.3262     7.5400
matter                    -3.3059     2.5067
how                        0.9765    -0.8060
hard                       1.3820    -1.8071
seek                       0.4697    -0.1639
ll                         1.9414    -2.1262
never                      0.3289    -0.2965
find                      -0.3393     0.3714
better                     4.5832    -4.6847
movie                     -0.7964     1.5145
version                   -0.7610     1.2870
of                         0.4556    -0.4192
othello                    0.2905    -0.2846
if                        -1.1547     0.9603
you                        2.7936    -2.9234
love                       8.5482    -8.9310
kenneth                   -0.0791     0.6183
branagh                   -1.3520     2.1294
magnificent               23.8354   -22.4283
masterpieces               9.1304    -8.6737
much                       0.4852    -0.3990
ado                       -0.8371     0.5200
about                      0.0659     0.0763
nothing                  -17.4211    13.3942
and                        3.0218    -3.2732
hamlet                    -2.4547     1.8464
as                         0.7231    -0.6857
much                       0.4852    -0.3990
--------------------------------------------
Avg logits : pos=0.5745  neg=-0.7610
Softmax    : pos=0.7918  neg=0.2082
Predicted  : positive    True: positive
Epoch [4/10] Step  3250 | Train Loss 0.3405 Acc 0.776 | Test  Loss 0.5114 Acc 0.783

Word                    Pos logit  Neg logit
--------------------------------------------
hlots                      0.0532    -0.0054
was                       -0.5553     0.2478
an                        -0.4027     0.3331
outstanding               13.0671   -12.3102
series                     6.7397    -6.2891
its                        3.7857    -3.5969
what                       0.1384    -0.1302
nypd                       1.9006    -1.8474
blue                       0.7318    -0.0406
will                       0.8901    -0.4399
never                     -0.1029     0.0734
be                        -1.7940     1.9358
on                         0.5496    -0.5693
hlots                      0.0532    -0.0054
the                       -0.2583     0.3222
plots                     -6.1768     3.7001
are                       -0.7213     1.2805
real                      -0.0448     0.2281
the                       -0.2583     0.3222
dialog                     0.5323    -0.2422
is                         2.6427    -2.6112
real                      -0.0448     0.2281
the                       -0.2583     0.3222
relationships              3.2080    -3.2238
are                       -0.7213     1.2805
real                      -0.0448     0.2281
with                       0.6604    -0.5629
hlots                      0.0532    -0.0054
back                      -0.0329     0.0768
as                         0.7330    -0.7150
--------------------------------------------
Avg logits : pos=0.8107  neg=-0.7339
Softmax    : pos=0.8241  neg=0.1759
Predicted  : positive    True: positive
Epoch [4/10] Step  3300 | Train Loss 0.3095 Acc 0.895 | Test  Loss 0.6057 Acc 0.782

Word                    Pos logit  Neg logit
--------------------------------------------
i                          3.0403    -3.0576
was                       -0.4703     0.1458
one                        1.1821    -1.2157
chosen                     0.5031    -0.0609
to                        -0.7128     0.9565
see                        0.4581    -0.3450
this                       0.0132     0.0023
movie                     -0.8585     1.7065
in                         0.6957    -1.0185
sneak                     -2.6117     3.6081
preview                    1.3995    -0.7646
br                        -0.9033     1.3209
br                        -0.9033     1.3209
first                      1.1627    -1.6681
you                        2.5759    -2.6764
should                    -1.9476     2.1442
know                       0.2947    -0.3643
that                      -0.0147     0.2499
this                       0.0132     0.0023
film                      -0.0607     0.4683
is                         2.4339    -2.4094
based                      1.1320    -1.3759
on                         0.5172    -0.5232
the                       -0.2452     0.2995
video                      0.0787     0.6822
game                       3.9608    -3.3966
far                       -1.1113     1.0389
cry                        1.6774    -2.0268
for                        0.0861    -0.1001
its                        3.6307    -3.4727
--------------------------------------------
Avg logits : pos=0.5005  neg=-0.3510
Softmax    : pos=0.7009  neg=0.2991
Predicted  : positive    True: negative
Epoch [4/10] Step  3350 | Train Loss 0.4624 Acc 0.731 | Test  Loss 0.4359 Acc 0.756

Word                    Pos logit  Neg logit
--------------------------------------------
although                   0.6611    -0.6932
the                       -0.2279     0.2783
beginning                  1.4120    -1.5993
suggests                  -0.3764     0.4353
all                        1.2217    -1.3011
quiet                     13.2751   -12.3538
on                         0.6316    -0.6541
the                       -0.2279     0.2783
western                    2.4468    -2.6164
front                     -0.0130     0.0698
this                       0.0560    -0.0573
silly                    -28.8258    23.0838
and                        3.1816    -3.4371
superficial              -34.0665    26.6931
version                   -0.6280     1.0061
of                         0.4466    -0.4289
war                        8.6317    -8.2527
falls                     -0.6765     0.6820
far                       -0.9004     0.7757
astray                    -9.4923     6.4563
of                         0.4466    -0.4289
its                        3.6938    -3.5469
much                       0.3712    -0.2919
better                     4.5062    -4.6763
contemporary               5.2523    -5.4272
this                       0.0560    -0.0573
depicts                    0.2721     0.0288
the                       -0.2279     0.2783
funnest                  -10.3853     6.0572
war                        8.6317    -8.2527
--------------------------------------------
Avg logits : pos=-1.0285  neg=0.4016
Softmax    : pos=0.1931  neg=0.8069
Predicted  : negative    True: negative
Epoch [4/10] Step  3400 | Train Loss 0.3787 Acc 0.844 | Test  Loss 0.4735 Acc 0.701

Word                    Pos logit  Neg logit
--------------------------------------------
this                       0.0498    -0.0556
is                         2.5666    -2.5792
film                       0.1617     0.0715
which                      1.1800    -1.0180
should                    -1.5646     1.8349
be                        -1.6254     1.7944
seen                       0.2156    -0.2711
by                        -0.1749     0.1945
anybody                   -4.6168     2.6870
interested                 1.2576    -1.3175
in                         0.8743    -1.2180
effected                   1.4126    -1.7897
by                        -0.1749     0.1945
or                        -1.2572     1.2503
suffering                -15.5680    10.5808
from                       0.2914    -0.3962
an                        -0.4388     0.3653
eating                    -6.9431     3.3613
disorder                   7.0229    -6.7374
it                         2.2344    -2.3939
is                         2.5666    -2.5792
an                        -0.4388     0.3653
amazingly                 13.9191   -12.4845
accurate                   5.7932    -5.0023
and                        3.0757    -3.3359
sensitive                  2.1616    -2.0172
portrayal                  4.2719    -4.0865
of                         0.4712    -0.4614
bulimia                    0.6954    -2.6123
in                         0.8743    -1.2180
--------------------------------------------
Avg logits : pos=0.6098  neg=-0.9625
Softmax    : pos=0.8281  neg=0.1719
Predicted  : positive    True: positive
Epoch [4/10] Step  3450 | Train Loss 0.3135 Acc 0.871 | Test  Loss 0.4670 Acc 0.740

Word                    Pos logit  Neg logit
--------------------------------------------
this                       0.0659    -0.0600
is                         2.7544    -2.7510
surprisingly              13.4164   -12.0406
great                     16.9624   -15.9697
low                      -12.7199    11.7980
budget                    -6.4870     5.6324
horror                     5.0828    -5.3039
comedy                     5.0387    -5.5050
it                         2.3272    -2.5030
funny                     12.0435   -11.3567
and                        3.2975    -3.5799
pretty                    -5.5695     4.2010
well                       3.6490    -3.8796
made                      -2.8404     2.5771
with                       0.7449    -0.6450
good                       9.7980    -9.4310
performances              14.7909   -14.3853
and                        3.2975    -3.5799
really                     4.7401    -4.5446
cool                       6.6692    -6.8766
twist                      1.9663    -1.0638
ending                     1.1374    -1.5530
all                        1.3186    -1.4026
the                       -0.2706     0.3350
characters                -0.0554     0.5971
are                       -0.5947     1.1213
pretty                    -5.5695     4.2010
cool                       6.6692    -6.8766
and                        3.2975    -3.5799
the                       -0.2706     0.3350
--------------------------------------------
Avg logits : pos=2.8230  neg=-2.8697
Softmax    : pos=0.9966  neg=0.0034
Predicted  : positive    True: positive
Epoch [4/10] Step  3500 | Train Loss 0.4301 Acc 0.786 | Test  Loss 0.5876 Acc 0.698

Word                    Pos logit  Neg logit
--------------------------------------------
i                          3.4150    -3.3856
think                      1.0876    -1.3923
that                       0.0703     0.1261
saying                    -1.6611     1.5257
this                       0.1182    -0.0899
film                       0.2789    -0.0919
has                        2.7721    -2.6073
too                       -1.4274     1.6054
many                       1.9973    -2.0294
is                         3.0445    -3.0134
not                       -2.5922     2.6449
what                       0.4643    -0.4344
makes                      3.9377    -3.9763
this                       0.1182    -0.0899
film                       0.2789    -0.0919
bad                      -36.9008    29.7590
the                       -0.2770     0.3539
twists                     8.1590    -7.8196
are                       -0.5460     1.0415
not                       -2.5922     2.6449
the                       -0.2770     0.3539
problem                   -7.3824     5.7396
of                         0.4332    -0.4266
the                       -0.2770     0.3539
film                       0.2789    -0.0919
the                       -0.2770     0.3539
story                      0.9605    -0.8315
is                         3.0445    -3.0134
quite                      8.2551    -7.4994
clever                     7.4152    -6.9425
--------------------------------------------
Avg logits : pos=-0.2694  neg=0.0892
Softmax    : pos=0.4113  neg=0.5887
Predicted  : negative    True: negative
Epoch [4/10] Step  3550 | Train Loss 0.5639 Acc 0.701 | Test  Loss 0.3981 Acc 0.815

Word                    Pos logit  Neg logit
--------------------------------------------
zero                      -2.2946     2.4208
day                        2.5136    -2.1464
has                        2.8354    -2.6444
purpose                   -3.5073     2.8669
and                        3.6985    -3.9941
this                       0.0691    -0.0730
is                         2.8991    -2.8883
not                       -3.1057     3.0576
simply                    -4.0024     3.4007
entertainment              3.1933    -3.1414
it                         2.5746    -2.7370
delivers                  10.2085    -9.5678
message                    0.2370     0.0270
about                      0.0548     0.0648
its                        3.9045    -3.7368
specialised                2.9376    -2.7780
subject                   -0.0475     0.1041
school                     0.6993    -0.8168
shootings                  7.4093    -6.1074
charting                  12.3362   -12.3666
the                       -0.2872     0.3691
lives                     11.1651   -11.5376
of                         0.4962    -0.4938
two                        0.2206    -0.7410
friends                    4.7825    -5.2976
andre                      1.8307    -2.6543
and                        3.6985    -3.9941
cal                       -0.9865     1.2709
leading                    1.5067    -1.9175
up                        -0.3441     0.3279
--------------------------------------------
Avg logits : pos=2.1565  neg=-2.1908
Softmax    : pos=0.9872  neg=0.0128
Predicted  : positive    True: positive
Epoch [4/10] Step  3600 | Train Loss 0.3998 Acc 0.834 | Test  Loss 0.3818 Acc 0.838

Word                    Pos logit  Neg logit
--------------------------------------------
after                      0.2752    -0.6806
saw                       -0.2782     0.2387
la                        -1.1680     1.8623
pianiste                   0.0527    -0.0080
several                    1.3419    -1.3368
years                      4.3775    -4.5467
ago                        1.8844    -1.7233
said                       0.0975     0.0808
to                        -0.5627     0.7332
myself                     2.9581    -3.4137
that                       0.0204     0.1995
would                     -4.2929     4.2245
never                     -0.2202     0.1724
see                        0.6420    -0.5600
it                         2.5716    -2.7161
again                      0.5813    -0.8418
so                         0.9467    -0.8560
powerful                   9.7487    -8.8082
and                        3.7109    -4.0096
disturbing                 5.0854    -4.3997
it                         2.5716    -2.7161
was                       -0.4858     0.1352
time                       0.7975    -0.7462
went                      -1.9518     1.6808
on                         0.7494    -0.7650
but                        0.5641    -0.5594
could                     -7.0121     6.3674
not                       -3.2059     3.1294
get                        0.5480    -0.4110
the                       -0.2947     0.3711
--------------------------------------------
Avg logits : pos=0.6684  neg=-0.6634
Softmax    : pos=0.7911  neg=0.2089
Predicted  : positive    True: positive
Epoch [4/10] Step  3650 | Train Loss 0.3685 Acc 0.841 | Test  Loss 0.4369 Acc 0.768

Word                    Pos logit  Neg logit
--------------------------------------------
like                      -0.4219     0.8597
many                       2.3156    -2.3386
others                     1.0284    -1.3676
counted                   -9.3088     7.4185
on                         0.8502    -0.8732
the                       -0.2031     0.2701
appearance                 2.5592    -2.3509
of                         0.4807    -0.4809
dennis                    -0.3708     0.4219
hopper                    -0.4773     1.3297
to                        -0.2846     0.4602
make                      -3.3047     2.9678
this                       0.1474    -0.1516
not                       -2.1764     2.2690
complete                   0.1007    -0.7382
waste                    -37.6020    29.2428
of                         0.4807    -0.4809
time                       0.8627    -0.8278
was                       -0.3594    -0.0206
sadly                    -14.9026    12.0111
mistaken                  -3.2640     2.5615
everything                 3.1253    -3.3693
negative                  -1.9198     1.2730
said                       0.0836     0.1513
about                      0.0615     0.0780
this                       0.1474    -0.1516
flic                       0.1694    -0.3548
is                         3.1594    -3.1113
more                       1.9654    -2.3512
than                       0.0604    -0.5578
--------------------------------------------
Avg logits : pos=-1.8999  neg=1.3930
Softmax    : pos=0.0358  neg=0.9642
Predicted  : negative    True: negative
Epoch [4/10] Step  3700 | Train Loss 0.4978 Acc 0.816 | Test  Loss 0.3663 Acc 0.804

Word                    Pos logit  Neg logit
--------------------------------------------
i                          2.7039    -2.6684
am                        -2.4188     1.8592
big                       -0.1576     0.4833
fan                        0.0808    -0.0326
of                         0.4116    -0.3974
low                      -12.5531    11.6147
budget                    -5.2855     4.4482
horror                     1.8828    -2.5033
movies                     0.5169    -0.6260
like                      -0.4849     0.8847
this                       0.0535    -0.0509
but                        0.3642    -0.4026
come                      -0.4979     0.8184
on                         0.6667    -0.6918
this                       0.0535    -0.0509
has                        2.5225    -2.3535
to                        -0.3814     0.5631
be                        -1.0013     1.2541
the                       -0.2191     0.2618
worst                    -66.2127    52.3146
piece                      0.5127    -0.4364
of                         0.4116    -0.3974
monkey                    -0.1087     1.6929
t                         -0.8024     2.0682
have                      -2.8149     3.0669
ever                       4.9259    -4.8718
seen                       0.1673    -0.2214
ignored                   -1.1910     0.9748
the                       -0.2191     0.2618
reviews                    3.7015    -3.9410
--------------------------------------------
Avg logits : pos=-2.5124  neg=2.0974
Softmax    : pos=0.0099  neg=0.9901
Predicted  : negative    True: negative
Epoch [4/10] Step  3750 | Train Loss 0.3642 Acc 0.821 | Test  Loss 0.5452 Acc 0.711

Word                    Pos logit  Neg logit
--------------------------------------------
extreme                    6.1657    -6.0518
makeover                  -0.6371     1.8254
home                       3.8993    -4.3021
edition                    4.5837    -5.5264
is                         2.7659    -2.7492
yet                        0.0113     0.1772
another                   -3.8043     2.9779
feel                       5.9871    -6.1566
goody                      4.6592    -4.0278
so                         0.6078    -0.5436
called                     0.0020     0.0283
heart                      4.3689    -4.8577
warming                   -0.6264     1.0508
and                        3.7648    -4.0916
out                       -0.0589     0.0721
for                        0.2219    -0.3204
ratings                   -4.8384     4.1170
show                       2.2626    -2.2932
that                       0.0414     0.1461
abc                        3.6739    -4.0985
has                        2.8214    -2.6725
had                       -3.4765     3.2972
the                       -0.1843     0.2244
time                       0.7170    -0.7234
to                        -0.3022     0.4341
put                       -2.4206     2.2274
together                   4.1829    -4.4756
br                        -1.0755     1.6064
br                        -1.0755     1.6064
understand                 1.7909    -2.0727
--------------------------------------------
Avg logits : pos=1.1343  neg=-1.1724
Softmax    : pos=0.9094  neg=0.0906
Predicted  : positive    True: negative
Epoch [5/10] Step  3800 | Train Loss 0.5262 Acc 0.777 | Test  Loss 0.4497 Acc 0.742

Word                    Pos logit  Neg logit
--------------------------------------------
this                       0.0294    -0.0481
is                         2.5692    -2.5563
one                        1.3914    -1.4929
of                         0.3930    -0.3627
the                       -0.3105     0.3813
most                       7.1809    -7.0757
laughably                -52.1082    41.9413
bad                      -39.0593    31.5420
films                      1.9126    -2.5943
ve                         2.6687    -2.9358
ever                       5.2110    -5.1190
seen                      -0.1769     0.1082
cannot                    -6.4359     5.4709
believe                   -3.8716     3.2461
whoever                   -7.7921     5.4496
wrote                     -0.0988    -0.2646
the                       -0.3105     0.3813
review                     1.4443    -1.0938
above                     -1.4091     1.7136
was                       -0.5957     0.2887
serious                   -6.0074     4.0564
perhaps                   -2.4288     1.9053
he                         0.7444    -1.1261
was                       -0.5957     0.2887
connected                  1.0649    -1.1567
with                       0.7374    -0.6522
making                    -5.2814     4.1334
it                         2.3302    -2.4534
it                         2.3302    -2.4534
doesn                     -5.6777     6.0987
--------------------------------------------
Avg logits : pos=-3.4051  neg=2.5207
Softmax    : pos=0.0027  neg=0.9973
Predicted  : negative    True: negative
Epoch [5/10] Step  3850 | Train Loss 0.4410 Acc 0.835 | Test  Loss 0.4954 Acc 0.748

Word                    Pos logit  Neg logit
--------------------------------------------
bergman                    1.1375    -1.7391
tale                       6.3872    -5.4026
about                      0.0348     0.1102
how                        0.5896    -0.4428
the                       -0.2624     0.3201
hell                     -11.3471     7.5827
of                         0.4291    -0.4083
the                       -0.2624     0.3201
war                        7.3543    -7.0499
can                       -0.2346     1.0750
drive                     -1.1705     2.3326
sensible                   7.9586    -7.0502
couple                    -0.3229     0.3848
of                         0.4291    -0.4083
musicians                  3.3381    -3.3411
to                        -0.3510     0.5340
the                       -0.2624     0.3201
barbarousness              0.0119     0.0372
with                       0.7599    -0.6833
many                       1.5994    -1.6576
memorable                 26.9980   -24.9765
scenes                     1.3045    -0.7149
throughout                 5.0461    -4.9458
the                       -0.2624     0.3201
film                       0.5712    -0.4955
found                     -1.5827     1.7688
particularly               5.0340    -5.0233
remarkable                27.9666   -25.9908
that                      -0.0404     0.1992
close                     -4.6006     4.1965
--------------------------------------------
Avg logits : pos=2.5417  neg=-2.3610
Softmax    : pos=0.9926  neg=0.0074
Predicted  : positive    True: positive
Epoch [5/10] Step  3900 | Train Loss 0.4425 Acc 0.824 | Test  Loss 0.4484 Acc 0.825

Word                    Pos logit  Neg logit
--------------------------------------------
this                       0.0737    -0.0677
is                         2.3524    -2.3762
one                        1.1761    -1.2358
of                         0.4334    -0.4206
quite                      7.8354    -7.0849
few                        0.7510    -1.0942
cartoons                   3.5922    -3.5857
with                       0.7403    -0.6838
bugs                      -0.2984     0.4632
bunny                      0.6116    -0.1797
and                        3.3773    -3.6634
marvin                     1.3107    -1.9021
the                       -0.2352     0.2790
martian                   -1.5216     3.7961
and                        3.3773    -3.6634
space                     -0.7529     2.6721
dog                       -0.2506     1.5507
called                    -0.0691     0.1558
is                         2.3524    -2.3762
included                  -0.2014     0.2413
as                         0.7034    -0.6829
well                       3.3930    -3.6248
this                       0.0737    -0.0677
looney                     3.5245    -3.9670
tunes                      6.6285    -7.0583
episode                    5.9052    -5.4975
is                         2.3524    -2.3762
very                       6.9023    -6.5042
funny                     10.3487    -9.7483
has                        2.4194    -2.2295
--------------------------------------------
Avg logits : pos=2.2302  neg=-2.0311
Softmax    : pos=0.9861  neg=0.0139
Predicted  : positive    True: positive
Epoch [5/10] Step  3950 | Train Loss 0.3179 Acc 0.878 | Test  Loss 0.2994 Acc 0.890

Word                    Pos logit  Neg logit
--------------------------------------------
vincente                   0.6014    -0.1042
minelli                    4.1319    -4.8599
movies                     0.7904    -1.0161
are                       -0.6756     1.1092
usually                    0.5317    -0.2214
worth                     -0.1908    -0.0335
your                       3.9245    -3.9335
time                       0.5567    -0.5839
meet                       0.2519    -0.1503
me                         1.4529    -1.8048
in                         0.8794    -1.2282
st                         0.0900    -0.8997
louis                      2.6980    -3.4977
the                       -0.2761     0.3376
bad                      -37.3751    30.2641
and                        3.3852    -3.6672
the                       -0.2761     0.3376
beautiful                 24.9472   -23.1479
awaited                    4.3724    -3.1715
this                       0.0658    -0.0971
movie                     -0.8434     1.6761
with                       0.7285    -0.6588
great                     17.6434   -16.5823
interest                  -0.0749     0.2779
but                        0.3479    -0.3738
what                       0.2286    -0.1387
disappointment           -25.8163    20.5872
br                        -1.2207     1.7693
br                        -1.2207     1.7693
some                      -0.3018     0.3331
--------------------------------------------
Avg logits : pos=-0.0215  neg=-0.2570
Softmax    : pos=0.5586  neg=0.4414
Predicted  : positive    True: negative
Epoch [5/10] Step  4000 | Train Loss 0.3241 Acc 0.823 | Test  Loss 0.4693 Acc 0.778

Word                    Pos logit  Neg logit
--------------------------------------------
this                       0.0467    -0.0437
movie                     -0.9277     1.8599
was                       -0.6113     0.3420
thorough                   6.3118    -5.9291
diappointment             -0.0082     0.0656
there                     -1.2224     1.3206
was                       -0.6113     0.3420
no                       -10.1327     8.4269
development                0.2652    -0.0187
of                         0.3845    -0.3799
the                       -0.2875     0.3801
story                      0.6591    -0.5981
viewers                    0.9595    -0.8130
were                      -5.6614     5.4712
thrown                   -13.5683    10.0047
into                       0.0462    -0.1564
the                       -0.2875     0.3801
story                      0.6591    -0.5981
without                   -4.3608     3.4381
explanation              -12.9739    10.2489
and                        2.9326    -3.1787
left                      -4.5965     3.5346
to                        -0.4539     0.6677
fend                      -4.5448     4.7174
for                        0.0573    -0.0972
themselves                -0.1553     0.1331
in                         0.8345    -1.1683
trying                    -7.3761     6.1519
to                        -0.4539     0.6677
work                       0.2474    -0.2041
--------------------------------------------
Avg logits : pos=-1.8277  neg=1.4989
Softmax    : pos=0.0347  neg=0.9653
Predicted  : negative    True: negative
Epoch [5/10] Step  4050 | Train Loss 0.3093 Acc 0.869 | Test  Loss 0.3483 Acc 0.831

Word                    Pos logit  Neg logit
--------------------------------------------
i                          3.7919    -3.6676
have                      -3.0516     3.2596
to                        -0.3823     0.5373
admit                     -6.0946     4.6338
that                       0.0800     0.1164
m                         -0.6640     1.7022
great                     20.1659   -18.9502
fan                       -0.0019     0.0249
of                         0.5130    -0.5130
this                       0.1505    -0.1540
show                       2.2346    -2.2617
so                         1.0918    -1.0288
you                        2.9013    -3.0075
must                      -0.9705     1.2879
know                       0.6666    -0.6694
how                        0.8363    -0.7502
disappointed             -17.5390    14.8211
got                        3.3537    -3.0189
when                       0.7575    -0.8609
watched                   -1.4343     1.4461
this                       0.1505    -0.1540
movie                     -0.6521     1.3533
first                      1.6949    -2.2190
of                         0.5130    -0.5130
all                        1.3923    -1.5303
the                       -0.1898     0.2786
plot                     -13.9926    10.4173
was                       -0.2595    -0.1160
awful                    -56.0511    44.2467
thought                   -2.3431     1.6574
--------------------------------------------
Avg logits : pos=-2.1111  neg=1.5456
Softmax    : pos=0.0252  neg=0.9748
Predicted  : negative    True: negative
Epoch [5/10] Step  4100 | Train Loss 0.4018 Acc 0.788 | Test  Loss 0.4245 Acc 0.791

Word                    Pos logit  Neg logit
--------------------------------------------
virginal                   8.0778    -7.0884
innocent                   7.3302    -7.3303
indri                     -0.1765     0.2535
finds                     -0.9088     1.1898
herself                   -0.8155     0.8094
at                         0.1371    -0.0120
house                      0.1978    -0.1149
of                         0.4311    -0.4254
prostitution               0.0905     0.7214
run                       -5.0151     3.8914
by                        -0.0627     0.0884
ruthless                   9.9264   -10.0360
pimp                      -0.4653     1.1322
mg                         0.6763     0.1970
indri                     -0.1765     0.2535
winds                      2.3004    -2.5284
up                         0.1776    -0.1035
incarcerated               5.2052    -5.4782
in                         0.9103    -1.2388
mg                         0.6763     0.1970
private                   -0.8948     0.6948
prison                     9.6164    -9.4326
after                      0.4044    -0.7518
she                       -0.1945    -0.0731
refuses                   -3.0435     2.1163
to                        -0.2927     0.4512
make                      -4.3380     3.7184
love                       9.5567    -9.9859
to                        -0.2927     0.4512
him                       -0.0147    -0.0427
--------------------------------------------
Avg logits : pos=1.3008  neg=-1.2826
Softmax    : pos=0.9298  neg=0.0702
Predicted  : positive    True: negative
Epoch [5/10] Step  4150 | Train Loss 0.3675 Acc 0.877 | Test  Loss 0.3166 Acc 0.858

Word                    Pos logit  Neg logit
--------------------------------------------
this                       0.1341    -0.1316
is                         2.6129    -2.6394
another                   -3.0072     2.3407
of                         0.4743    -0.4762
those                      0.9704    -1.0744
rare                      13.9605   -12.7252
movies                     0.7053    -0.8991
one                        1.3672    -1.4026
feels                      6.4336    -5.7291
grateful                  16.9390   -16.1761
to                        -0.2672     0.4184
be                        -1.0265     1.1539
introduced                -0.6655     1.0341
to                        -0.2672     0.4184
instead                   -1.9644     1.7635
of                         0.4743    -0.4762
the                       -0.1031     0.1407
usual                     -2.2895     1.6438
hollywood                  0.0301    -0.0897
tripe                    -11.3575     8.2802
it                         2.7282    -2.8780
really                     5.0631    -4.9723
is                         2.6129    -2.6394
roller                     3.6010    -3.6124
coaster                    6.9324    -6.9749
ride                      10.0538    -9.7284
as                         0.8247    -0.8254
we                         1.5227    -1.3902
follow                     0.0485     0.2643
the                       -0.1031     0.1407
--------------------------------------------
Avg logits : pos=1.8813  neg=-1.9081
Softmax    : pos=0.9779  neg=0.0221
Predicted  : positive    True: positive
Epoch [5/10] Step  4200 | Train Loss 0.2742 Acc 0.899 | Test  Loss 0.4315 Acc 0.797

Word                    Pos logit  Neg logit
--------------------------------------------
wow                        5.2123    -5.1921
didn                      -3.6022     3.9317
know                       0.4416    -0.4726
that                       0.0394     0.0898
someone                   -4.5009     3.7138
would                     -3.4795     3.4007
make                      -4.2609     3.6164
this                       0.1212    -0.1383
movie                     -0.7918     1.5095
its                        3.5757    -3.5833
awful                    -54.0633    42.5141
have                      -2.9459     3.0754
written                   -0.7244     0.7889
down                      -1.8405     1.7933
things                     0.9336    -1.1163
that                       0.0394     0.0898
can                       -0.1451     0.8736
tell                      -0.1369     0.3555
why                       -2.7226     2.0053
do                        -1.1454     1.2038
not                       -2.3093     2.3119
want                      -0.5027     0.8392
to                        -0.1792     0.2789
see                        0.7113    -0.7452
this                       0.1212    -0.1383
movie                     -0.7918     1.5095
br                        -1.3812     1.9629
br                        -1.3812     1.9629
number                    -0.1435     0.2141
its                        3.5757    -3.5833
--------------------------------------------
Avg logits : pos=-2.4092  neg=2.1024
Softmax    : pos=0.0109  neg=0.9891
Predicted  : negative    True: negative
Epoch [5/10] Step  4250 | Train Loss 0.4775 Acc 0.801 | Test  Loss 0.3465 Acc 0.834

Word                    Pos logit  Neg logit
--------------------------------------------
this                       0.1383    -0.1606
is                         2.8962    -2.8842
film                       0.4471    -0.2265
that                       0.0184     0.1100
everyone                   4.7705    -4.6973
who                        1.3860    -1.7028
lives                     12.7818   -13.1340
in                         1.0457    -1.4625
sweden                     5.9869    -6.8413
should                    -1.6869     1.8524
watch                      2.5859    -2.5497
the                       -0.2121     0.2358
film                       0.4471    -0.2265
shows                      2.4436    -2.4706
the                       -0.2121     0.2358
political                  1.2669    -1.2502
riots                      9.6067    -9.8489
who                        1.3860    -1.7028
took                       0.3949    -0.4613
place                      1.9376    -1.9744
in                         1.0457    -1.4625
gothenburg                 7.5419    -7.8125
in                         1.0457    -1.4625
from                       0.5202    -0.5596
new                        1.3251    -1.4553
perspective                1.9913    -1.7802
it                         2.8121    -2.9713
features                  -0.2471     1.1468
interviews                 1.0172    -0.8683
with                       0.8265    -0.7737
--------------------------------------------
Avg logits : pos=2.1769  neg=-2.2386
Softmax    : pos=0.9881  neg=0.0119
Predicted  : positive    True: positive
Epoch [5/10] Step  4300 | Train Loss 0.3417 Acc 0.840 | Test  Loss 0.5559 Acc 0.767

Word                    Pos logit  Neg logit
--------------------------------------------
in                         0.9262    -1.3009
alfred                     0.8136    -0.8871
hitchcock                  6.2394    -6.7162
adaptation                -0.5332     1.1507
of                         0.5614    -0.5469
patricia                  -0.6469     1.3431
highsmith                  2.7471    -2.2165
strangers                  4.1398    -4.5845
on                         0.8764    -0.8653
train                      1.1814    -1.4662
guy                        0.6597    -0.2568
haines                    -0.0478     0.5085
farley                     0.7968    -1.2911
granger                    0.5561    -0.6564
and                        3.2711    -3.5217
bruno                      0.5253    -0.6920
anthony                   -0.0441    -0.3754
robert                    -0.5062     1.2319
walker                     1.6058    -1.8127
meet                       0.4217    -0.3879
for                        0.1510    -0.2121
the                       -0.2078     0.2558
first                      1.0385    -1.5697
time                       0.7354    -0.7816
on                         0.8764    -0.8653
train                      1.1814    -1.4662
journey                   11.2532   -11.1216
and                        3.2711    -3.5217
discuss                    1.3300    -1.2009
the                       -0.2078     0.2558
--------------------------------------------
Avg logits : pos=1.4322  neg=-1.4524
Softmax    : pos=0.9471  neg=0.0529
Predicted  : positive    True: positive
Epoch [5/10] Step  4350 | Train Loss 0.4174 Acc 0.780 | Test  Loss 0.5091 Acc 0.778

Word                    Pos logit  Neg logit
--------------------------------------------
if                        -1.7035     1.3827
you                        2.6660    -2.7337
are                       -0.6636     1.0758
fan                       -0.0598     0.1108
of                         0.5124    -0.4968
really                     4.4868    -4.3368
bad                      -34.3861    27.9576
movies                     0.8487    -1.1293
and                        3.3393    -3.5828
you                        2.6660    -2.7337
think                      0.8234    -0.9887
there                     -0.9754     1.0799
funny                     10.2083    -9.8430
you                        2.6660    -2.7337
will                       1.1696    -0.8135
the                       -0.2623     0.3412
great                     17.9874   -16.9154
acting                    -4.6381     3.6481
of                         0.5124    -0.4968
shaq                     -14.5016    10.7153
first                      1.0475    -1.5761
off                       -1.5861     2.0988
putting                   -3.7201     3.0922
pro                        0.5812    -0.7694
players                    0.7665    -0.8813
in                         1.0667    -1.4354
movies                     0.8487    -1.1293
hardly                   -18.2526    14.8836
ever                       5.0317    -4.9061
works                      1.1492    -1.2110
--------------------------------------------
Avg logits : pos=-0.7457  neg=0.2558
Softmax    : pos=0.2686  neg=0.7314
Predicted  : negative    True: negative
Epoch [5/10] Step  4400 | Train Loss 0.5126 Acc 0.790 | Test  Loss 0.4096 Acc 0.781

Word                    Pos logit  Neg logit
--------------------------------------------
ccmovieman                 0.0357     0.0057
must                      -0.8311     1.1276
be                        -1.0759     1.2231
as                         0.8426    -0.8538
the                       -0.2418     0.3241
reviewer                   2.2688    -2.5055
in                         1.0680    -1.4102
the                       -0.2418     0.3241
new                        1.2959    -1.3914
york                       2.3031    -2.3208
times                      2.7370    -3.1317
who                        1.4947    -1.7604
preferred                 -0.7562     1.1305
the                       -0.2418     0.3241
janis                      3.5119    -3.0305
joplin                     2.8238    -2.9443
big                        0.1597     0.1569
brother                    0.9512    -1.8280
and                        3.3310    -3.5716
the                       -0.2418     0.3241
holding                   -0.2839     0.4311
company                    0.5553    -0.7081
album                      9.1176   -10.1788
to                        -0.2593     0.3319
the                       -0.2418     0.3241
just                      -2.6269     2.3417
released                   4.8400    -4.6279
beatles                    8.1706    -8.8195
white                     -2.1677     1.9454
album                      9.1176   -10.1788
--------------------------------------------
Avg logits : pos=1.5138  neg=-1.6316
Softmax    : pos=0.9587  neg=0.0413
Predicted  : positive    True: positive
Epoch [5/10] Step  4450 | Train Loss 0.3219 Acc 0.896 | Test  Loss 0.3619 Acc 0.831

Word                    Pos logit  Neg logit
--------------------------------------------
not                       -2.1581     2.1757
even                      -0.7501     0.7483
goebbels                  -6.2578     3.0284
could                     -5.9583     5.3940
have                      -2.7230     2.8902
pulled                     0.6925    -0.9803
off                       -1.0310     1.4874
propaganda               -21.0377    16.0741
stunt                     -3.9652     3.8438
like                      -0.4741     0.8364
what                       0.3560    -0.2916
gore                      -3.7312     2.9717
has                        2.8196    -2.7515
done                       0.5181    -0.8238
with                       0.7954    -0.7348
this                       0.1638    -0.1147
complete                  -0.1127    -0.6676
piece                      1.0745    -1.0507
of                         0.5287    -0.5258
fiction                    1.4040    -1.8251
this                       0.1638    -0.1147
is                         3.0559    -3.0259
study                     -0.2782     0.3474
in                         1.1702    -1.4839
how                        0.9080    -0.8378
numbers                   -0.7845     0.7933
and                        3.2614    -3.4955
statistics               -11.8411     8.8266
can                       -0.0530     0.7220
be                        -0.7736     0.9374
--------------------------------------------
Avg logits : pos=-1.5006  neg=1.0784
Softmax    : pos=0.0705  neg=0.9295
Predicted  : negative    True: negative
Epoch [5/10] Step  4500 | Train Loss 0.4260 Acc 0.753 | Test  Loss 0.4347 Acc 0.766

Word                    Pos logit  Neg logit
--------------------------------------------
jack                      -0.6398     0.9169
bender                     0.7013    -0.9629
the                       -0.1550     0.2212
tempest                    2.8737    -2.9742
is                         2.9278    -2.9109
an                        -0.2526     0.2504
adaption                  -0.7802     0.4572
of                         0.4699    -0.4522
shakespeare                1.3370    -1.3697
play                       2.7044    -2.9888
the                       -0.1550     0.2212
tempest                    2.8737    -2.9742
bender                     0.7013    -0.9629
transports                 1.1554    -1.3841
the                       -0.1550     0.2212
plot                     -10.5523     7.5594
from                       0.4789    -0.5261
medieval                  -1.8271     0.8449
italy                      6.1132    -6.9568
to                        -0.3240     0.4382
mississippi               -4.0304     3.3574
during                     2.3101    -2.3806
the                       -0.1550     0.2212
time                       0.6009    -0.6354
of                         0.4699    -0.4522
the                       -0.1550     0.2212
american                   0.6847    -0.7606
civil                      5.3155    -5.1768
war                        7.9809    -7.7318
he                         0.7856    -1.0987
--------------------------------------------
Avg logits : pos=0.7101  neg=-0.9256
Softmax    : pos=0.8370  neg=0.1630
Predicted  : positive    True: negative
Epoch [5/10] Step  4550 | Train Loss 0.5049 Acc 0.813 | Test  Loss 0.4039 Acc 0.803

Word                    Pos logit  Neg logit
--------------------------------------------
with                       0.6983    -0.6284
bo                         0.0638     0.3700
derek                      0.2601    -0.1917
movie                     -0.5029     0.8478
the                       -0.1842     0.2593
audience                   1.1536    -0.9733
get                        0.0690     0.0463
just                      -4.3437     3.8356
what                       0.1007    -0.0470
they                      -2.2681     2.1667
expect                    -0.5394     0.5700
paper                    -12.0763     9.4907
thin                      -4.8591     3.1254
plot                     -12.7628     9.3406
and                        2.8302    -3.0107
few                        0.1283    -0.5848
shots                     -7.8267     6.3678
of                         0.4224    -0.3883
mrs                       -0.1310     0.2428
derek                      0.2601    -0.1917
in                         1.0563    -1.3547
no                       -10.9905     9.0181
clothes                    0.5386    -1.0849
ghosts                     1.9478    -2.6727
can                       -0.2601     1.0018
do                        -1.4667     1.3860
it                         2.3993    -2.5680
is                         2.8348    -2.8181
just                      -4.3437     3.8356
that                      -0.0420     0.1391
--------------------------------------------
Avg logits : pos=-1.5945  neg=1.1843
Softmax    : pos=0.0585  neg=0.9415
Predicted  : negative    True: negative
Epoch [5/10] Step  4600 | Train Loss 0.3250 Acc 0.844 | Test  Loss 0.4614 Acc 0.761

Word                    Pos logit  Neg logit
--------------------------------------------
serious                   -5.5140     3.4440
home                       3.7707    -4.2316
alone                     -1.4539     0.9080
karate                    -0.2683     0.3461
kid                       -0.2733     0.8195
knock                     -3.3771     2.6501
off                       -0.9090     1.3657
with                       0.7477    -0.6906
enough                    -9.7380     7.9856
bad                      -39.2921    31.9567
character                 -0.5598     1.2851
stereotypes               -0.5463     0.2997
to                        -0.2437     0.3442
have                      -3.6929     3.6930
the                       -0.1926     0.2724
writer                    -1.1616     1.8756
sued                       2.1180    -2.4549
and                        3.2220    -3.4136
then                       0.4176    -0.4658
shot                      -5.0060     4.5534
you                        2.6435    -2.7440
could                     -6.7941     6.0130
see                        0.4415    -0.4579
blatant                  -41.6641    32.8827
stunt                     -4.7779     4.5882
man                       -0.5146     1.0585
usage                     -0.9206     1.2225
in                         1.1406    -1.4894
almost                    -4.4824     2.8588
every                      1.5587    -1.7131
--------------------------------------------
Avg logits : pos=-3.8441  neg=3.0921
Softmax    : pos=0.0010  neg=0.9990
Predicted  : negative    True: negative
Epoch [5/10] Step  4650 | Train Loss 0.5564 Acc 0.754 | Test  Loss 0.3531 Acc 0.827

Word                    Pos logit  Neg logit
--------------------------------------------
i                          2.6419    -2.6245
actually                  -5.4193     4.2880
saw                       -0.1851     0.1466
this                       0.1102    -0.1156
movie                     -0.6406     0.9396
in                         1.0725    -1.4033
the                       -0.2228     0.3033
theater                    1.4384    -0.9456
back                       0.0923    -0.1347
in                         1.0725    -1.4033
it                         2.7096    -2.8613
original                  -2.8822     2.8414
release                    2.1160    -2.3577
it                         2.7096    -2.8613
was                       -0.5053     0.1868
painful                  -18.1216    12.5125
to                        -0.4031     0.4663
watch                      2.2825    -2.2404
peter                     -0.4636     0.6865
sellers                   -0.2958     0.4767
embarrass                 -3.6919     2.9014
himself                   -0.1790     0.0376
so                         0.3120    -0.3685
badly                    -32.2933    25.4367
the                       -0.2228     0.3033
story                      1.4000    -1.3372
was                       -0.5053     0.1868
incredibly                15.0603   -14.1227
lame                     -48.3424    39.2127
and                        3.2997    -3.4853
--------------------------------------------
Avg logits : pos=-2.6019  neg=1.8222
Softmax    : pos=0.0118  neg=0.9882
Predicted  : negative    True: negative
Epoch [6/10] Step  4700 | Train Loss 0.3482 Acc 0.818 | Test  Loss 0.5209 Acc 0.815

Word                    Pos logit  Neg logit
--------------------------------------------
i                          2.4255    -2.4323
won                       10.5049   -10.6327
reiterate                  6.8784    -6.5639
what                       0.1639    -0.0995
so                         0.4829    -0.4661
many                       1.4979    -1.5435
others                     0.8800    -1.1680
have                      -3.7599     3.7672
said                       0.0111     0.2618
about                      0.0650     0.0343
this                       0.0907    -0.0629
film                       0.9157    -0.9547
ll                         2.4046    -2.7291
try                       -7.1759     6.6245
to                        -0.3021     0.3978
add                       -2.5565     2.8125
few                        0.5807    -0.8965
new                        1.2050    -1.2507
points                    -6.6898     5.7606
the                       -0.2058     0.2968
coolio                     0.8235    -0.1861
as                         0.7283    -0.7119
vampire                   -7.1426     5.0896
bit                        0.9760    -0.7199
is                         2.8905    -2.8525
nod                       -2.6697     2.9505
to                        -0.3021     0.3978
fans                       2.0578    -1.9515
who                        1.3074    -1.5334
are                       -0.8172     1.2132
--------------------------------------------
Avg logits : pos=0.1756  neg=-0.2383
Softmax    : pos=0.6020  neg=0.3980
Predicted  : positive    True: negative
Epoch [6/10] Step  4750 | Train Loss 0.3691 Acc 0.789 | Test  Loss 0.3192 Acc 0.913

Word                    Pos logit  Neg logit
--------------------------------------------
ken                       -0.0753    -0.0550
harrison                   1.8928    -2.3625
young                     -0.3044     0.6113
sculptor                  -2.0112     3.2174
in                         1.0910    -1.4332
his                        0.1212    -0.4600
early                      1.1373    -1.1530
thirties                   0.2057    -2.4739
is                         3.1693    -3.1094
seriously                 -3.2529     1.3695
injured                    1.8249    -3.0354
in                         1.0910    -1.4332
road                       4.7700    -4.3106
accident                   5.7424    -6.0404
end                        0.5984    -0.7471
of                         0.4656    -0.4227
story                      1.4237    -1.3217
br                        -0.5781     0.9258
br                        -0.5781     0.9258
end                        0.5984    -0.7471
of                         0.4656    -0.4227
story                      1.4237    -1.3217
that                       0.0400     0.0584
is                         3.1693    -3.1094
in                         1.0910    -1.4332
the                       -0.2424     0.3696
sense                      4.4965    -4.3329
of                         0.4656    -0.4227
end                        0.5984    -0.7471
of                         0.4656    -0.4227
--------------------------------------------
Avg logits : pos=0.9768  neg=-1.1280
Softmax    : pos=0.8914  neg=0.1086
Predicted  : positive    True: negative
Epoch [6/10] Step  4800 | Train Loss 0.3376 Acc 0.815 | Test  Loss 0.3219 Acc 0.883

Word                    Pos logit  Neg logit
--------------------------------------------
the                       -0.2404     0.3475
haunted                    4.2686    -4.4360
world                     10.4934   -10.8092
of                         0.4761    -0.4284
edward                    -0.2945     0.4742
wood                      -3.2140     1.2907
jr                         5.7138    -7.7728
isn                       -5.7350     4.9725
a                         -0.7789     0.1118
particularly               4.8466    -4.8512
good                       9.0581    -8.7001
documentary                4.8886    -5.4767
aesthetically             11.8266   -11.1312
it                         2.7793    -2.9201
lackluster               -42.3774    34.8644
and                        3.1837    -3.3446
cheap                    -25.0930    21.2416
looking                   -0.9041     1.3392
the                       -0.2404     0.3475
people                     4.8603    -4.9393
in                         1.0826    -1.4138
it                         2.7793    -2.9201
go                        -0.8500     0.7494
off                       -2.0274     2.4481
on                         0.6858    -0.7044
tangents                  -0.7694     1.2861
which                      1.5144    -1.3977
make                      -5.8911     4.9031
it                         2.7793    -2.9201
very                       7.0520    -6.6262
--------------------------------------------
Avg logits : pos=-0.3376  neg=-0.2139
Softmax    : pos=0.4691  neg=0.5309
Predicted  : negative    True: positive
Epoch [6/10] Step  4850 | Train Loss 0.3231 Acc 0.866 | Test  Loss 0.5143 Acc 0.727

Word                    Pos logit  Neg logit
--------------------------------------------
pat                        0.2167    -0.3248
brien                      0.3549    -0.3439
had                       -4.4282     4.0472
his                        0.1520    -0.4715
best                      16.1054   -15.8461
role                      -0.2028     0.1307
ever                       4.7924    -4.6940
as                         0.6952    -0.6715
notre                    -13.5467     9.1693
dame                       1.0087    -1.7898
football                   0.3458    -0.7845
coach                     -0.5284     0.4778
knute                    -32.0599    24.1004
rockne                   -22.8458    16.3022
from                       0.4967    -0.5449
humble                     9.1650    -8.9045
beginnings                 3.2487    -3.3623
rockne                   -22.8458    16.3022
entered                    1.4895    -1.7712
notre                    -13.5467     9.1693
dame                       1.0087    -1.7898
as                         0.6952    -0.6715
student                   -0.4111     0.6992
circa                     -0.0289     0.2587
he                         0.5886    -0.9139
is                         2.9095    -2.8755
into                       0.2518    -0.3549
chemistry                  0.5969    -0.0465
but                        0.0583     0.0273
becomes                    1.1810    -1.4192
--------------------------------------------
Avg logits : pos=-2.1694  neg=1.1035
Softmax    : pos=0.0365  neg=0.9635
Predicted  : negative    True: positive
Epoch [6/10] Step  4900 | Train Loss 0.3233 Acc 0.849 | Test  Loss 0.4172 Acc 0.795

Word                    Pos logit  Neg logit
--------------------------------------------
this                       0.0881    -0.0748
is                         3.0654    -3.0248
very                       6.8414    -6.4063
well                       3.5506    -3.7129
done                      -0.5995     0.1894
film                       1.0821    -1.2295
showing                    1.6361    -1.3756
the                       -0.2463     0.3499
life                       8.2177    -8.3073
of                         0.4540    -0.4132
international              2.0220    -2.1449
students                   0.2370     0.0217
during                     2.5080    -2.5770
their                      1.7203    -1.6284
erasmus                   -0.2317     0.6558
year                       1.2796    -1.3490
in                         1.2812    -1.6158
barcelona                  0.5096     0.0163
which                      1.3242    -1.1739
by                        -0.1313     0.2187
the                       -0.2463     0.3499
way                        1.2501    -1.2674
is                         3.0654    -3.0248
one                        1.7824    -1.8899
of                         0.4540    -0.4132
the                       -0.2463     0.3499
most                       7.8379    -7.6256
beautiful                 25.1125   -23.1030
towns                      0.5312    -0.4733
in                         1.2812    -1.6158
--------------------------------------------
Avg logits : pos=2.5144  neg=-2.4098
Softmax    : pos=0.9928  neg=0.0072
Predicted  : positive    True: positive
Epoch [6/10] Step  4950 | Train Loss 0.4021 Acc 0.916 | Test  Loss 0.4238 Acc 0.859

Word                    Pos logit  Neg logit
--------------------------------------------
this                       0.0803    -0.0761
is                         3.1429    -3.0932
really                     4.8994    -4.7166
interesting                9.7915    -8.6613
movie                     -0.2569     0.6908
it                         2.8219    -2.9459
is                         3.1429    -3.0932
an                        -0.4343     0.3733
action                     1.8035    -1.3333
movie                     -0.2569     0.6908
with                       0.6976    -0.6303
comedy                     5.7488    -6.4866
mixed                      2.2867    -2.4321
in                         1.2075    -1.5349
foxx                       5.3667    -5.7600
teams                     -3.0325     2.7576
up                        -0.4675     0.4453
with                       0.6976    -0.6303
comedian                  -1.0929     1.8973
epps                       0.1421     0.6979
in                         1.2075    -1.5349
this                       0.0803    -0.0761
movie                     -0.2569     0.6908
to                        -0.4128     0.4839
give                      -3.2051     3.3546
it                         2.8219    -2.9459
comedic                    6.5089    -6.2638
spin                      -0.5999     1.4960
it                         2.8219    -2.9459
will                       1.2677    -0.8332
--------------------------------------------
Avg logits : pos=1.5507  neg=-1.4138
Softmax    : pos=0.9509  neg=0.0491
Predicted  : positive    True: positive
Epoch [6/10] Step  5000 | Train Loss 0.3208 Acc 0.867 | Test  Loss 0.4852 Acc 0.747

Word                    Pos logit  Neg logit
--------------------------------------------
spoilers                   0.0440     0.3618
bruce                     -0.0025     0.1571
willis                     0.3185    -0.4929
the                       -0.1190     0.2010
part                       0.7192    -0.9101
time                       0.6910    -0.7223
comic                      1.4363    -1.3235
and                        3.3405    -3.4686
funny                     13.2058   -12.6533
guy                        2.0590    -2.0346
plays                      4.7374    -5.5542
hispanic                  -0.2372     0.4462
assassin                  -2.0089     2.4004
nicknamed                 -1.2610     2.2372
after                      0.4225    -0.8239
an                        -0.1061     0.1072
african                    0.5673    -0.5359
scavenger                 -8.6847     6.6537
prairie                   -2.5688     3.8296
dog                        0.7764    -0.1391
guess                     -2.1547     1.2128
all                        0.9339    -1.0293
the                       -0.1190     0.2010
good                      11.4382   -10.9011
hispanic                  -0.2372     0.4462
nicknames                 -1.6693     1.5437
like                      -0.5718     1.0035
sicatriz                   0.0164     0.0324
scar                      -4.0911     4.6913
scorpion                  -1.5890     2.4437
--------------------------------------------
Avg logits : pos=0.5095  neg=-0.4207
Softmax    : pos=0.7171  neg=0.2829
Predicted  : positive    True: negative
Epoch [6/10] Step  5050 | Train Loss 0.4246 Acc 0.786 | Test  Loss 0.4757 Acc 0.774

Word                    Pos logit  Neg logit
--------------------------------------------
this                       0.1091    -0.0499
show                       2.3524    -2.3446
disturbs                  -8.9552     7.2097
me                         2.0072    -2.3230
it                         3.0003    -3.1615
takes                      2.0215    -2.0049
up                         0.1086    -0.0225
slots                     -0.6174     0.5095
on                         0.6637    -0.7087
nick                       1.4406    -2.0219
at                         0.1282    -0.0107
nite                      -0.0968    -0.5755
that                       0.1046     0.0405
could                     -7.2127     6.4010
be                        -1.4326     1.5058
reserved                   6.5166    -6.3344
for                        0.0804    -0.1278
the                       -0.1540     0.2331
fresh                      2.4665    -1.5011
prince                     8.0057    -7.8314
or                        -0.9890     0.9155
george                     0.3938    -0.7220
lopez                      0.5864    -0.6982
even                      -1.3468     1.1975
full                       1.1834    -1.0279
house                      0.3749    -0.2488
and                        3.3315    -3.4733
roseanne                  -0.4279     0.8629
they                      -1.9879     1.9016
re                        -0.2567     0.6934
--------------------------------------------
Avg logits : pos=0.3799  neg=-0.4573
Softmax    : pos=0.6979  neg=0.3021
Predicted  : positive    True: negative
Epoch [6/10] Step  5100 | Train Loss 0.4458 Acc 0.819 | Test  Loss 0.5642 Acc 0.705

Word                    Pos logit  Neg logit
--------------------------------------------
underwoods                -0.5046    -0.5129
goofy                      3.7330    -3.0583
story                      1.3791    -1.2411
about                      0.1013    -0.0080
young                      0.1963    -0.0622
man                       -0.6768     1.3117
arquette                   0.5864    -0.0154
who                        1.7254    -2.0717
convinces                  0.2572     0.2120
his                        0.3410    -0.6679
friends                    5.2658    -5.8467
that                       0.0391     0.0611
they                      -1.9176     1.8514
should                    -1.8437     1.9837
kidnap                   -12.3695     9.3593
frank                      7.2832    -7.8830
sinatra                    5.6169    -6.4434
jr                         6.4678    -8.6771
nicholas                   2.9829    -3.5023
the                       -0.1543     0.2271
film                       0.8784    -0.8709
is                         3.1279    -3.0657
written                   -1.0282     1.2712
ridiculously             -26.5170    21.7968
direction                 -0.5964     1.1382
is                         3.1279    -3.0657
odd                        0.3086    -0.2643
dialogues                  1.9505    -2.1957
are                       -0.8740     1.2865
out                       -0.0650     0.0148
--------------------------------------------
Avg logits : pos=-0.0393  neg=-0.2980
Softmax    : pos=0.5643  neg=0.4357
Predicted  : positive    True: negative
Epoch [6/10] Step  5150 | Train Loss 0.3860 Acc 0.815 | Test  Loss 0.4235 Acc 0.791

Word                    Pos logit  Neg logit
--------------------------------------------
i                          2.3267    -2.3115
would                     -4.3897     4.2240
watch                      2.3130    -2.2369
this                       0.1247    -0.1121
movie                     -0.6138     1.0555
every                      1.6234    -1.7170
time                       0.5903    -0.6375
it                         2.7654    -2.9178
was                       -0.4368     0.1858
on                         0.7506    -0.7796
cable                      0.7314    -0.5089
and                        3.2290    -3.3698
it                         2.7654    -2.9178
never                     -0.2289     0.3276
got                        2.6280    -2.3983
old                        0.6802    -1.2510
who                        1.6053    -1.9226
can                       -0.0855     0.7744
forget                     6.4445    -6.3941
some                      -0.1178     0.0857
of                         0.4509    -0.4077
the                       -0.1743     0.2399
best                      17.2534   -16.7948
lines                     -0.2443     0.5230
in                         0.8738    -1.2096
film                       0.7675    -0.7034
history                    2.8777    -2.9047
johnny                     1.5288    -2.4690
fat                       -4.9415     3.7188
boy                       -1.0805     1.6338
--------------------------------------------
Avg logits : pos=1.3339  neg=-1.3732
Softmax    : pos=0.9374  neg=0.0626
Predicted  : positive    True: positive
Epoch [6/10] Step  5200 | Train Loss 0.5049 Acc 0.726 | Test  Loss 0.5594 Acc 0.783

Word                    Pos logit  Neg logit
--------------------------------------------
how                        0.9373    -0.8781
on                         0.9069    -0.8989
earth                     -0.6755     2.2535
were                      -5.7927     5.5551
these                      0.9185    -1.0610
guys                       1.8630    -1.6965
given                      0.3502    -0.1167
funds                     -4.6069     3.9068
to                        -0.1809     0.2145
make                      -6.5597     5.4164
this                       0.0823    -0.1134
movie                     -1.0448     1.3975
the                       -0.3400     0.4800
lack                     -24.0984    19.5788
of                         0.5074    -0.4580
script                   -26.8239    21.7357
is                         3.4167    -3.3148
one                        2.2159    -2.3038
thing                    -14.1329    10.8728
but                        0.3272    -0.3123
the                       -0.3400     0.4800
cinematography             5.3528    -5.5286
makes                      2.2526    -2.5511
you                        2.7093    -2.8141
want                      -1.1399     1.4032
to                        -0.1809     0.2145
weep                     -17.3789    12.8224
hand                      -3.0919     2.9574
held                       0.7576    -0.7996
camera                    -2.9234     5.8641
--------------------------------------------
Avg logits : pos=-2.8904  neg=2.4102
Softmax    : pos=0.0050  neg=0.9950
Predicted  : negative    True: negative
Epoch [6/10] Step  5250 | Train Loss 0.3821 Acc 0.818 | Test  Loss 0.3200 Acc 0.907

Word                    Pos logit  Neg logit
--------------------------------------------
having                     0.5683    -0.6924
grown                      1.7863    -1.8666
up                        -0.3217     0.3234
in                         0.7498    -1.0983
the                       -0.2892     0.3738
typing                    -3.0466     2.9519
pool                      -0.0691     1.0619
era                        5.3083    -5.2181
and                        3.0723    -3.2432
dealing                    2.2112    -2.6555
with                       0.6555    -0.6165
office                     0.8560    -0.7896
politics                   1.6598    -1.8800
and                        3.0723    -3.2432
men                       -3.4414     2.5735
who                        1.4679    -1.6942
were                      -4.2402     4.1309
apt                       -1.4732     1.4657
to                        -0.0299     0.1150
make                      -4.5131     3.7993
banquet                    8.3493    -7.8597
of                         0.4486    -0.4124
beauties                   4.2202    -2.5785
into                       0.4210    -0.4950
delightful                28.4550   -25.9695
meal                      -5.0623     2.6368
day                        2.0326    -1.5865
to                        -0.0299     0.1150
day                        2.0326    -1.5865
this                       0.0571    -0.0399
--------------------------------------------
Avg logits : pos=1.4969  neg=-1.4659
Softmax    : pos=0.9509  neg=0.0491
Predicted  : positive    True: positive
Epoch [6/10] Step  5300 | Train Loss 0.3232 Acc 0.866 | Test  Loss 0.4717 Acc 0.806

Word                    Pos logit  Neg logit
--------------------------------------------
peter                     -0.4219     0.6510
cohen                      1.7281    -1.9940
has                        3.2348    -2.9870
winner                    10.6035   -11.1405
satire                     0.2025    -0.1166
on                         1.0070    -0.9880
the                       -0.3245     0.4166
mating                    -3.1646     4.8269
game                       4.7742    -4.2883
twisted                    2.4367    -3.0420
around                    -0.1940     0.3940
and                        3.4875    -3.6873
turned                    -2.3980     1.8188
inside                     0.1038    -1.0368
out                       -0.2778     0.1603
the                       -0.3245     0.4166
critical                   1.4019    -1.8230
bashing                   -6.3812     5.4964
of                         0.4916    -0.4288
the                       -0.3245     0.4166
movie                     -0.8512     1.3844
in                         0.8693    -1.2127
mainstream                 2.3463    -2.5357
media                      0.8488    -0.4466
publications              -0.2308     0.4356
as                         0.8598    -0.8754
offensive                -12.5403    10.6978
and                        3.4875    -3.6873
raunchy                    1.2623    -1.6531
only                      -3.7507     3.3420
--------------------------------------------
Avg logits : pos=0.2654  neg=-0.3829
Softmax    : pos=0.6566  neg=0.3434
Predicted  : positive    True: positive
Epoch [6/10] Step  5350 | Train Loss 0.3634 Acc 0.802 | Test  Loss 0.2921 Acc 0.886

Word                    Pos logit  Neg logit
--------------------------------------------
what                       0.2342    -0.1661
happened                  -3.5371     2.3662
doubt                     -6.4956     5.3391
had                       -3.9469     3.6501
so                         0.7235    -0.7139
much                       0.3330    -0.3046
potential                 -2.5488     3.6706
to                        -0.1333     0.2015
be                        -1.5829     1.6598
brilliant                 30.9509   -28.6442
film                       0.1189     0.2947
but                        0.3780    -0.3730
instead                   -2.9182     2.5466
it                         3.2357    -3.3446
faltered                 -12.6798    10.0134
with                       0.6676    -0.6149
dragging                   0.7570    -1.0428
simplistic               -19.3933    16.1410
plot                     -11.3145     8.2823
line                       0.1737    -0.0986
which                      1.6991    -1.6176
made                      -2.6776     2.2696
me                         1.8546    -2.2996
want                      -0.6105     0.9009
to                        -0.1333     0.2015
stop                      -0.2627    -0.0596
watching                  -3.0535     2.8118
the                       -0.2931     0.3686
only                      -4.1784     3.7216
thing                     -8.8090     6.3884
--------------------------------------------
Avg logits : pos=-1.4481  neg=1.0516
Softmax    : pos=0.0759  neg=0.9241
Predicted  : negative    True: negative
Epoch [6/10] Step  5400 | Train Loss 0.2505 Acc 0.872 | Test  Loss 0.2883 Acc 0.902

Word                    Pos logit  Neg logit
--------------------------------------------
when                       1.7329    -1.6782
this                       0.1381    -0.1647
movie                     -0.8434     1.4646
so                         0.8026    -0.8526
well                       3.9795    -4.1469
proves                    -9.7767     7.3509
that                       0.1664    -0.0288
they                      -1.8565     1.7680
indeed                    -0.7645     0.1669
are                       -0.7099     1.1257
unnecessary              -19.6385    15.5180
br                        -1.7397     2.5220
br                        -1.7397     2.5220
although                   1.1851    -1.1530
few                        0.8219    -1.3157
lines                     -0.2684     0.5481
it                         3.7320    -3.8232
was                       -0.4006     0.1135
kind                       2.0740    -1.9342
of                         0.5205    -0.4840
weird                      0.9622    -1.3271
to                        -0.0381     0.1284
see                        0.9537    -0.9455
this                       0.1381    -0.1647
movie                     -0.8434     1.4646
no                       -11.5262     9.6962
subs                       1.4493    -1.5398
in                         1.1685    -1.5127
language                  -1.5970     1.7898
unknown                   -2.2697     2.6358
--------------------------------------------
Avg logits : pos=-1.1396  neg=0.9248
Softmax    : pos=0.1126  neg=0.8874
Predicted  : negative    True: positive
Epoch [6/10] Step  5450 | Train Loss 0.3033 Acc 0.978 | Test  Loss 0.3621 Acc 0.880

Word                    Pos logit  Neg logit
--------------------------------------------
when                       1.1115    -1.0439
this                       0.0736    -0.0594
movie                     -0.9944     1.6973
was                       -0.5271     0.3352
on                         0.9148    -0.9275
br                        -1.8132     2.6338
br                        -1.8132     2.6338
what                       0.1483    -0.0949
bore                     -10.2795     8.4911
an                        -0.1857     0.1504
attempt                  -22.2131    18.3819
at                         0.1085    -0.0033
humor                      6.0883    -6.0141
but                        0.4710    -0.4208
really                     4.2700    -4.0950
not                       -3.1821     3.0346
pulling                   -1.1753     1.3643
it                         3.2465    -3.3134
off                       -1.9959     2.2730
too                       -4.5728     3.7077
well                       3.4126    -3.5567
some                      -0.1235     0.0820
good                       8.4211    -8.0075
ideas                     -0.3829     0.6182
were                      -4.0764     3.9724
cast                      -3.6648     4.2714
and                        3.0411    -3.1893
the                       -0.2106     0.3005
actors                    -2.9029     4.3750
makeup                    -3.3023     4.0641
--------------------------------------------
Avg logits : pos=-1.0703  neg=1.0554
Softmax    : pos=0.1066  neg=0.8934
Predicted  : negative    True: negative
Epoch [6/10] Step  5500 | Train Loss 0.4809 Acc 0.785 | Test  Loss 0.6434 Acc 0.701

Word                    Pos logit  Neg logit
--------------------------------------------
this                       0.0775    -0.0773
is                         3.6947    -3.5907
the                       -0.3129     0.4174
first                      1.1849    -1.6872
film                       0.8236    -0.7034
ve                         5.8409    -5.7145
watched                   -5.1141     3.9976
from                       0.6907    -0.7068
the                       -0.3129     0.4174
italian                    1.7665    -2.8812
ed                        -0.3435     0.8868
wood                      -4.1040     1.9688
demofilo                  -0.0195     0.0691
fidani                    -0.0195     0.0691
aka                       -0.3520     0.7981
miles                     -0.3175     1.8418
deem                      -6.6717     5.8863
the                       -0.3129     0.4174
above                     -1.4085     1.6920
title                      0.0870    -0.4774
was                       -0.6626     0.5197
superfluously             -0.0195     0.0691
added                     -3.4282     3.3228
later                      0.9389    -1.4346
on                         0.9616    -0.9655
since                      3.9754    -4.0147
there                     -1.4206     1.3857
exists                    -0.1367    -0.2798
another                   -3.7459     2.9958
similarly                  2.2128    -2.2033
--------------------------------------------
Avg logits : pos=-0.2149  neg=0.0673
Softmax    : pos=0.4299  neg=0.5701
Predicted  : negative    True: negative
Epoch [6/10] Step  5550 | Train Loss 0.3518 Acc 0.829 | Test  Loss 0.5911 Acc 0.665

Word                    Pos logit  Neg logit
--------------------------------------------
if                        -2.5678     1.9105
this                       0.1135    -0.1049
movie                     -1.0530     1.6139
would                     -5.5441     5.2647
have                      -4.2942     4.3139
been                      -1.8886     2.0053
in                         0.9112    -1.2361
english                   -0.5113     0.4691
all                        1.0407    -1.1178
critics                   -1.5635     1.3735
would                     -5.5441     5.2647
have                      -4.2942     4.3139
trashed                   -0.4489    -1.0494
it                         3.4389    -3.5128
the                       -0.2107     0.2824
language                  -1.6924     1.9221
is                         3.4974    -3.4246
extremely                 -2.5130     1.2741
bad                      -40.1585    33.1477
the                       -0.2107     0.2824
scenes                     1.2054    -0.5429
are                       -0.8079     1.2770
awfully                  -16.7001    13.8570
directed                  -0.6588     1.5229
and                        3.5074    -3.6607
it                         3.4389    -3.5128
not                       -3.2158     3.0941
at                         0.1216    -0.0098
all                        1.0407    -1.1178
funny                      9.6455    -9.1155
--------------------------------------------
Avg logits : pos=-2.1972  neg=1.8261
Softmax    : pos=0.0176  neg=0.9824
Predicted  : negative    True: negative
Epoch [6/10] Step  5600 | Train Loss 0.4254 Acc 0.788 | Test  Loss 0.4751 Acc 0.758

Word                    Pos logit  Neg logit
--------------------------------------------
in                         1.0784    -1.4145
complete                  -0.8240    -0.4703
contrast                   4.8156    -4.5149
to                        -0.1712     0.2273
the                       -0.1656     0.2359
previous                   2.6847    -2.9001
correspondent              0.9753    -0.8355
here                       0.6912    -0.5695
thought                   -2.2308     1.3844
shoppen                    0.0239     0.0162
munich                     1.8884    -3.0052
as                         0.9731    -0.9637
it                         3.4342    -3.5289
was                       -0.4994     0.3158
billed                    -1.8318     1.8759
when                       1.2238    -1.1925
shown                      4.6481    -4.5577
with                       0.9625    -0.8858
english                   -0.3573     0.2583
subtitles                 -1.5051     2.5234
here                       0.6912    -0.5695
in                         1.0784    -1.4145
london                     4.6475    -4.8762
at                         0.2263    -0.1375
the                       -0.1656     0.2359
german                     0.5812    -1.1364
film                       1.0289    -1.0014
festival                   8.3561    -8.1289
in                         1.0784    -1.4145
november                   4.7541    -4.3824
--------------------------------------------
Avg logits : pos=1.2697  neg=-1.3609
Softmax    : pos=0.9328  neg=0.0672
Predicted  : positive    True: positive
Epoch [7/10] Step  5650 | Train Loss 0.4436 Acc 0.754 | Test  Loss 0.3599 Acc 0.852

Word                    Pos logit  Neg logit
--------------------------------------------
this                       0.1480    -0.1523
exploration               -2.1764     4.3161
of                         0.4370    -0.4109
unique                    14.4077   -12.6865
decade                     6.1131    -6.1358
in                         0.8902    -1.2294
us                         1.8169    -2.0065
cinema                     1.9543    -1.7974
begins                    -0.4135     0.0242
with                       0.8613    -0.8065
the                       -0.1068     0.1783
fall                      -2.8757     1.9441
of                         0.4370    -0.4109
one                        1.8434    -1.7977
ailing                     3.0685    -4.8027
out                       -0.0316    -0.0591
of                         0.4370    -0.4109
touch                      3.9551    -4.4287
empire                     3.5613    -3.9065
and                        3.4130    -3.5472
culminates                -0.0998    -0.8915
with                       0.8613    -0.8065
the                       -0.1068     0.1783
unstoppable                1.0191    -1.5870
rise                       2.2000    -2.5885
of                         0.4370    -0.4109
another                   -4.3086     3.4675
equally                   12.7425   -11.4857
associated                 0.0969    -0.0591
with                       0.8613    -0.8065
--------------------------------------------
Avg logits : pos=1.7148  neg=-1.7705
Softmax    : pos=0.9703  neg=0.0297
Predicted  : positive    True: positive
Epoch [7/10] Step  5700 | Train Loss 0.5210 Acc 0.745 | Test  Loss 0.4787 Acc 0.770

Word                    Pos logit  Neg logit
--------------------------------------------
this                       0.0923    -0.0822
movie                     -0.7492     1.2858
draws                      2.8711    -2.4631
you                        4.1328    -4.4331
in                         0.6620    -1.0111
and                        3.5852    -3.7212
gets                       1.3828    -1.2359
you                        4.1328    -4.4331
hooked                    -0.0403    -0.6538
on                         0.8419    -0.8711
keeping                    2.6625    -2.4923
your                       4.6310    -4.6342
eyes                      -0.9056     2.1743
on                         0.8419    -0.8711
the                       -0.2055     0.2798
screen                    -2.9914     4.6204
the                       -0.2055     0.2798
writer                    -2.2289     3.3449
director                  -1.4109     3.0309
is                         3.5384    -3.4458
brilliant                 33.1744   -30.9764
with                       0.9282    -0.8611
the                       -0.2055     0.2798
narrative                 -0.0512     0.5271
parts                      1.0196    -1.3871
and                        3.5852    -3.7212
the                       -0.2055     0.2798
use                       -2.6259     3.2744
of                         0.4335    -0.4029
creative                   2.8284    -2.7722
--------------------------------------------
Avg logits : pos=1.9840  neg=-1.7031
Softmax    : pos=0.9756  neg=0.0244
Predicted  : positive    True: positive
Epoch [7/10] Step  5750 | Train Loss 0.3488 Acc 0.880 | Test  Loss 0.3296 Acc 0.854

Word                    Pos logit  Neg logit
--------------------------------------------
i                          3.2927    -3.3414
was                       -0.5426     0.4053
really                     5.1277    -4.9223
disappointed             -25.9316    22.3591
after                      0.1012    -0.4976
viewing                    1.4594    -1.1284
pinocchio                  2.4377    -2.4366
revenge                   -2.0459     1.5924
the                       -0.1707     0.2494
other                      1.3224    -1.3104
night                      2.1718    -1.8447
had                       -2.7826     2.5657
good                      10.0542    -9.4864
inclination               -1.8108     2.6832
that                       0.1656    -0.0517
it                         3.1378    -3.2749
was                       -0.5426     0.4053
going                     -3.4842     2.6494
to                        -0.1056     0.1736
be                        -1.2354     1.2992
bad                      -40.5521    33.6890
one                        1.4546    -1.3486
but                        0.3328    -0.3071
didn                      -4.0464     4.9863
think                      1.6613    -2.0437
that                       0.1656    -0.0517
it                         3.1378    -3.2749
be                        -1.2354     1.2992
as                         0.7591    -0.7507
bad                      -40.5521    33.6890
--------------------------------------------
Avg logits : pos=-2.9419  neg=2.3992
Softmax    : pos=0.0048  neg=0.9952
Predicted  : negative    True: negative
Epoch [7/10] Step  5800 | Train Loss 0.2907 Acc 0.911 | Test  Loss 0.5822 Acc 0.771

Word                    Pos logit  Neg logit
--------------------------------------------
the                       -0.1567     0.2353
bone                      -8.7651     5.8864
snatcher                  -2.5381     3.7101
starts                    -6.6682     4.5240
out                        0.0707    -0.1128
extremely                 -2.5262     1.3406
promising                 -1.2962     1.2564
with                       0.7799    -0.7524
the                       -0.1567     0.2353
introduction              -0.8161     1.0600
of                         0.4180    -0.3928
new                        1.2407    -1.3458
and                        3.1081    -3.2262
original                  -3.9196     4.0006
type                      -0.4252     0.7445
of                         0.4180    -0.3928
unseen                    -3.9407     3.3401
evil                      -4.3660     1.8491
as                         0.7829    -0.7854
well                       3.3570    -3.4948
as                         0.7829    -0.7854
with                       0.7799    -0.7524
the                       -0.1567     0.2353
use                       -2.1545     2.9135
of                         0.4180    -0.3928
the                       -0.1567     0.2353
sublimely                 17.2182   -15.7179
isolated                   2.7804    -2.2006
filming                   -0.7167     0.7655
location                  -1.1798     2.4745
--------------------------------------------
Avg logits : pos=-0.2595  neg=0.1485
Softmax    : pos=0.3994  neg=0.6006
Predicted  : negative    True: negative
Epoch [7/10] Step  5850 | Train Loss 0.5532 Acc 0.753 | Test  Loss 0.4410 Acc 0.804

Word                    Pos logit  Neg logit
--------------------------------------------
i                          2.8864    -2.9046
didn                      -3.4049     4.5101
think                      1.5249    -1.8874
it                         3.4759    -3.5808
could                     -7.5323     6.6380
be                        -1.8299     1.9083
done                       1.1911    -1.4286
but                        0.4191    -0.3841
something                 -7.4709     5.4393
has                        3.0866    -2.8299
come                      -0.8427     1.0760
along                     -0.1679     0.3530
and                        3.1091    -3.2329
replaced                   0.8728    -1.2775
open                       1.2644    -1.1488
house                      1.0100    -0.9212
low                      -16.2082    14.6748
budget                     0.8022    -1.7552
horror                     2.9918    -4.1814
about                      0.2178    -0.1628
someone                   -6.9556     6.0388
killing                  -11.9927     8.7531
over                       0.2802    -0.1716
the                       -0.1604     0.2309
high                      -1.6879     1.4692
price                     -0.0753     0.9099
of                         0.4631    -0.4349
real                      -0.5251     0.9671
estate                     0.5276    -0.1469
as                         0.8961    -0.8821
--------------------------------------------
Avg logits : pos=-1.1278  neg=0.8546
Softmax    : pos=0.1211  neg=0.8789
Predicted  : negative    True: negative
Epoch [7/10] Step  5900 | Train Loss 0.4137 Acc 0.799 | Test  Loss 0.4313 Acc 0.811

Word                    Pos logit  Neg logit
--------------------------------------------
this                       0.0909    -0.0570
juvenile                  -1.5499     0.4207
bland                    -15.3107    11.8378
flick                     -2.5539     3.1840
is                         3.1264    -3.0103
strictly                  -0.6794     0.7048
for                        0.1623    -0.1983
teenagers                  0.5673    -0.6723
in                         1.0658    -1.3837
old                        0.4369    -0.9062
mens                       2.1849    -2.7294
bodies                   -11.5185     7.5797
desperate                -21.1566    16.4833
to                        -0.0346     0.0881
relive                    10.0629   -10.0417
their                      2.0788    -1.9852
hormonally                 5.0143    -5.3597
challenged                 0.9929    -1.0826
teenage                   -1.3780     2.2933
years                      5.7824    -5.7495
how                        1.2083    -1.0806
by                         0.0952    -0.0926
burning                    0.7787    -2.8634
up                         0.2699    -0.1746
gas                        0.4555    -0.1925
and                        3.2868    -3.4201
equating                  -1.4305     0.9326
fast                       1.8269    -2.0509
reckless                   5.6274    -5.7603
car                        1.0740    -1.5845
--------------------------------------------
Avg logits : pos=-0.3141  neg=-0.2290
Softmax    : pos=0.4787  neg=0.5213
Predicted  : negative    True: negative
Epoch [7/10] Step  5950 | Train Loss 0.3274 Acc 0.813 | Test  Loss 0.3652 Acc 0.837

Word                    Pos logit  Neg logit
--------------------------------------------
in                         1.0717    -1.3970
paris                      1.6622    -1.7857
few                        0.1782    -0.6397
months                     4.1687    -4.3660
before                     1.4257    -1.4602
the                       -0.1640     0.2372
nazi                      -0.7416    -0.2178
invasion                   3.7762    -3.6829
the                       -0.1640     0.2372
manipulative             -14.4003    12.0708
actress                   -4.5358     6.3376
viviane                   -0.0458     0.2862
denvers                    1.6325    -0.7439
isabelle                   0.2744     0.1581
adjani                     1.0470    -1.4821
uses                      -1.2499     2.3247
her                       -0.9414     0.8864
former                     0.4133    -0.5690
sweetheart                -0.9628     1.5101
fr                        -0.0232     0.0353
ric                        0.6156    -0.6090
auger                      0.5166    -0.1847
gr                         2.0100    -1.3684
gori                       5.8357    -6.9353
der                        1.4559    -1.6361
ngere                     -0.0022     0.0477
to                        -0.0046     0.0006
hide                      -4.2765     2.7135
the                       -0.1640     0.2372
body                      -4.1932     3.7116
--------------------------------------------
Avg logits : pos=-0.1928  neg=0.1239
Softmax    : pos=0.4215  neg=0.5785
Predicted  : negative    True: positive
Epoch [7/10] Step  6000 | Train Loss 0.4794 Acc 0.794 | Test  Loss 0.3804 Acc 0.792

Word                    Pos logit  Neg logit
--------------------------------------------
i                          2.3704    -2.3393
saw                       -0.2278     0.1982
this                       0.1085    -0.1486
film                       1.0530    -1.0480
at                         0.1405    -0.0429
its                        4.4426    -4.2287
new                        1.5309    -1.6535
york                       2.8541    -2.9698
high                      -1.0289     0.9889
falls                     -3.9921     2.8038
film                       1.0530    -1.0480
festival                   8.4752    -8.2244
screening                 -0.7529     1.2107
as                         1.1304    -1.1275
well                       3.6642    -3.8076
and                        3.3044    -3.4427
must                      -1.3312     1.6077
say                       -3.0961     3.0742
that                       0.0022     0.0351
found                     -0.8180     1.1443
it                         3.3801    -3.4726
complete                  -0.6232    -0.5483
and                        3.3044    -3.4427
awful                    -67.2407    55.0113
bore                     -10.4670     8.8566
although                   0.8910    -0.8523
it                         3.3801    -3.4726
was                       -0.4955     0.2866
funny                      6.6289    -6.2791
in                         1.0746    -1.4082
--------------------------------------------
Avg logits : pos=-1.3762  neg=0.8554
Softmax    : pos=0.0970  neg=0.9030
Predicted  : negative    True: negative
Epoch [7/10] Step  6050 | Train Loss 0.4465 Acc 0.753 | Test  Loss 0.6266 Acc 0.683

Word                    Pos logit  Neg logit
--------------------------------------------
this                       0.0843    -0.1269
movie                     -0.8578     1.4081
is                         3.0064    -2.8798
brilliant                 32.7897   -30.5517
br                        -1.5743     2.4249
br                        -1.5743     2.4249
don                       -1.0994     1.8509
remember                   1.2237    -1.5568
this                       0.0843    -0.1269
movie                     -0.8578     1.4081
even                      -2.9383     2.4765
being                     -0.4657     0.3841
in                         1.1374    -1.4723
theaters                   3.6807    -4.1577
so                         0.3735    -0.4114
thinking                  -4.3076     3.3025
it                         3.2869    -3.3858
was                       -0.5662     0.4039
straight                  -1.3382    -0.4905
to                        -0.1524     0.1710
dvd                        7.9066    -8.4065
have                      -4.3516     4.3252
fairly                    -2.9065     1.2647
low                      -14.2409    13.1212
expectations               1.3439    -1.3030
even                      -2.9383     2.4765
though                     0.4500    -0.5116
am                        -5.6729     4.2878
big                       -0.6227     0.9297
fan                       -0.3156     0.4688
--------------------------------------------
Avg logits : pos=0.2862  neg=-0.4084
Softmax    : pos=0.6670  neg=0.3330
Predicted  : positive    True: positive
Epoch [7/10] Step  6100 | Train Loss 0.4650 Acc 0.700 | Test  Loss 0.3603 Acc 0.837

Word                    Pos logit  Neg logit
--------------------------------------------
this                       0.0388    -0.0273
film                       1.1207    -1.1994
is                         3.3190    -3.1851
one                        1.8511    -1.8149
that                       0.0585    -0.0149
played                     2.5136    -3.1047
very                       7.0966    -6.4407
well                       3.9694    -4.0971
back                       0.0256    -0.0440
in                         1.1111    -1.4575
and                        3.5132    -3.6571
probably                  -4.9683     4.2861
wouldn                    -2.4357     4.6590
work                       0.0184     0.1313
as                         1.0892    -1.0661
well                       3.9694    -4.0971
today                      3.1252    -2.7739
because                   -0.3450     0.0296
its                        4.8042    -4.5388
style                      1.4010    -1.0402
it                         3.4963    -3.6290
bit                        2.2312    -2.1853
old                        0.4431    -0.8934
fashioned                 -7.8924     5.4819
and                        3.5132    -3.6571
contrived                -27.0311    22.0073
however                    0.7107    -0.6795
if                        -2.2223     1.5917
you                        3.6850    -3.9197
are                       -0.8163     1.2245
--------------------------------------------
Avg logits : pos=0.2465  neg=-0.4704
Softmax    : pos=0.6719  neg=0.3281
Predicted  : positive    True: positive
Epoch [7/10] Step  6150 | Train Loss 0.4100 Acc 0.779 | Test  Loss 0.3692 Acc 0.767

Word                    Pos logit  Neg logit
--------------------------------------------
i                          2.6736    -2.6998
have                      -4.0279     4.0814
not                       -2.8442     2.7774
seen                       0.6343    -0.6756
the                       -0.2725     0.3865
first                      0.8028    -1.3145
film                       0.9132    -0.8245
and                        3.5881    -3.7336
if                        -2.5831     1.9482
it                         3.5038    -3.6374
anything                 -11.1651     8.8747
like                      -0.9299     1.2568
this                       0.0633    -0.0458
have                      -4.0279     4.0814
no                       -10.4843     8.9703
great                     20.2387   -18.7892
desire                     5.7965    -5.4944
to                        -0.0984     0.2058
br                        -1.5347     2.3453
br                        -1.5347     2.3453
having                     0.9023    -0.9876
just                      -4.7317     4.1209
watched                   -7.2016     5.8736
it                         3.5038    -3.6374
few                        0.2860    -0.7447
hours                     -9.1468     6.5691
ago                        2.6705    -2.5244
am                        -3.5440     2.5907
struggling                -4.5040     3.8274
to                        -0.0984     0.2058
--------------------------------------------
Avg logits : pos=-0.7717  neg=0.5117
Softmax    : pos=0.2170  neg=0.7830
Predicted  : negative    True: negative
Epoch [7/10] Step  6200 | Train Loss 0.2973 Acc 0.821 | Test  Loss 0.4007 Acc 0.828

Word                    Pos logit  Neg logit
--------------------------------------------
i                          2.6005    -2.5973
rented                    -0.1971    -0.4839
the                       -0.1630     0.2269
video                      0.1285     0.4507
of                         0.4325    -0.3962
the                       -0.1630     0.2269
piano                      0.5498    -1.2291
teacher                   -1.3575     1.5508
knowing                   -1.4790     0.9821
nothing                  -20.4353    16.4813
about                      0.0929     0.0224
it                         3.6386    -3.7508
other                      1.4663    -1.4112
than                       0.6782    -1.0738
what                       0.3531    -0.3078
was                       -0.4911     0.2710
written                   -1.5720     1.9947
on                         0.8398    -0.8520
the                       -0.1630     0.2269
video                      0.1285     0.4507
box                       -3.0224     3.6545
did                       -2.7495     2.6492
this                       0.0773    -0.0546
with                       0.9366    -0.8432
some                      -0.0700    -0.0218
trepidation                2.5270    -2.5821
because                   -0.3323     0.0003
films                      2.3966    -2.9816
that                       0.1510    -0.0332
win                       14.1011   -12.9529
--------------------------------------------
Avg logits : pos=-0.0366  neg=-0.0794
Softmax    : pos=0.5107  neg=0.4893
Predicted  : positive    True: negative
Epoch [7/10] Step  6250 | Train Loss 0.3887 Acc 0.840 | Test  Loss 0.4460 Acc 0.791

Word                    Pos logit  Neg logit
--------------------------------------------
not                       -2.8786     2.7709
that                       0.1257    -0.0430
all                        1.3434    -1.3762
disney                     5.6867    -5.0742
films                      2.9736    -3.6779
are                       -0.7352     1.1741
garbage                  -25.6408    18.7804
br                        -1.3072     2.0692
br                        -1.3072     2.0692
anyway                   -11.8033     9.4416
saw                       -0.0354    -0.0062
legend                    -0.3457    -0.1811
of                         0.4363    -0.3914
boggy                    -28.1180    23.4904
creek                     -2.3321     2.1221
first                      1.2545    -1.7755
and                        3.6292    -3.7354
absolutely                -5.7053     2.6675
loved                     24.1941   -23.9219
the                       -0.1358     0.1880
film                       1.1306    -1.2292
when                       1.5141    -1.4325
heard                      0.1718    -0.0209
it                         3.6320    -3.7184
had                       -3.6961     3.3883
sequels                   -6.8618     5.0342
was                       -0.4713     0.2685
ecstatic                  10.7206    -9.8493
finally                    2.3994    -2.1958
found                     -0.7043     0.8892
--------------------------------------------
Avg logits : pos=-1.0955  neg=0.5241
Softmax    : pos=0.1652  neg=0.8348
Predicted  : negative    True: negative
Epoch [7/10] Step  6300 | Train Loss 0.3561 Acc 0.822 | Test  Loss 0.3675 Acc 0.833

Word                    Pos logit  Neg logit
--------------------------------------------
i                          2.4859    -2.4696
just                      -4.1647     3.6657
saw                       -0.0702     0.0282
this                       0.1759    -0.2228
film                       1.2551    -1.4296
last                       1.2719    -1.0076
night                      1.8923    -1.5515
in                         0.8617    -1.2277
the                       -0.0859     0.1275
tribeca                    7.2669    -7.4970
film                       1.2551    -1.4296
festival                   8.2587    -8.0401
and                        3.0978    -3.1397
it                         3.2099    -3.2763
seriously                 -3.4808     1.7863
makes                      3.0183    -3.2602
me                         1.3187    -1.6265
wonder                     0.5438    -0.7003
if                        -2.6246     1.9335
the                       -0.0859     0.1275
folks                      2.1832    -2.4070
at                         0.1892    -0.1165
the                       -0.0859     0.1275
festival                   8.2587    -8.0401
actually                  -4.2813     3.5340
screen                    -3.3459     4.8955
the                       -0.0859     0.1275
films                      3.2635    -3.9512
before                     1.2596    -1.2576
selecting                 -0.3103     0.4094
--------------------------------------------
Avg logits : pos=1.0815  neg=-1.1963
Softmax    : pos=0.9070  neg=0.0930
Predicted  : positive    True: negative
Epoch [7/10] Step  6350 | Train Loss 0.3470 Acc 0.836 | Test  Loss 0.4982 Acc 0.767

Word                    Pos logit  Neg logit
--------------------------------------------
i                          2.9152    -2.8619
remember                   2.0420    -2.1231
this                       0.0775    -0.0681
show                       3.4207    -3.2663
being                     -0.5152     0.4091
on                         0.9025    -0.9120
the                       -0.1342     0.1669
television                 2.2267    -2.8709
when                       1.3490    -1.2928
was                       -0.6754     0.5734
kid                       -0.8262     1.5925
back                       0.1536    -0.1965
in                         0.9117    -1.2898
the                       -0.1342     0.1669
early                      1.2065    -1.1845
and                        3.4617    -3.5156
there                     -1.2081     1.2846
was                       -0.6754     0.5734
this                       0.0775    -0.0681
rage                       4.2522    -4.2703
about                      0.1226     0.0078
kids                       3.2361    -3.8466
with                       0.9067    -0.8143
goofy                      3.5988    -3.1232
leotards                  -0.8668     0.9364
doing                     -2.1137     1.4467
kung                       5.1536    -5.4080
fu                         4.9877    -4.9988
on                         0.9025    -0.9120
one                        2.0535    -2.0018
--------------------------------------------
Avg logits : pos=1.2270  neg=-1.2622
Softmax    : pos=0.9234  neg=0.0766
Predicted  : positive    True: negative
Epoch [7/10] Step  6400 | Train Loss 0.4412 Acc 0.811 | Test  Loss 0.4520 Acc 0.803

Word                    Pos logit  Neg logit
--------------------------------------------
made                      -3.9391     3.3277
after                      0.4822    -0.8602
quartet                    3.1915    -3.4417
was                       -0.7367     0.6569
trio                       4.3250    -4.6042
continued                  1.8343    -1.8058
the                       -0.2550     0.3218
quality                    5.9486    -5.2645
of                         0.4772    -0.4145
the                       -0.2550     0.3218
earlier                    0.9686    -1.0661
film                       1.2195    -1.2565
versions                  -1.2500     1.4673
of                         0.4772    -0.4145
the                       -0.2550     0.3218
short                     -1.3444     1.5628
stories                    0.9306    -0.5181
by                        -0.2083     0.2556
maugham                   13.0505   -13.6153
here                       0.2541    -0.0971
the                       -0.2550     0.3218
three                     -2.0578     0.9128
stories                    0.9306    -0.5181
are                       -0.8878     1.3401
the                       -0.2550     0.3218
verger                    -4.8277     3.1997
mr                        -0.2014     0.5759
know                       0.2119    -0.2186
it                         3.6047    -3.6515
all                        1.1449    -1.1408
--------------------------------------------
Avg logits : pos=0.7441  neg=-0.7993
Softmax    : pos=0.8240  neg=0.1760
Predicted  : positive    True: positive
Epoch [7/10] Step  6450 | Train Loss 0.4265 Acc 0.779 | Test  Loss 0.3460 Acc 0.836

Word                    Pos logit  Neg logit
--------------------------------------------
for                        0.1989    -0.2227
quite                      6.0192    -5.7881
long                      -1.2334     1.0993
time                       0.7236    -0.7182
in                         0.9073    -1.2525
my                         5.9164    -5.6978
life                       7.8606    -7.8532
either                    -4.9981     4.3148
did                       -2.5417     2.4293
not                       -2.8676     2.7638
like                      -0.7980     1.1475
this                       0.0926    -0.0740
film                       0.7625    -0.5826
or                        -0.6284     0.6248
liked                     12.0853   -12.2079
this                       0.0926    -0.0740
film                       0.7625    -0.5826
but                        0.3081    -0.2964
not                       -2.8676     2.7638
as                         0.8739    -0.8319
much                       0.0467     0.0877
as                         0.8739    -0.8319
many                       1.2403    -1.2076
more                       0.6113    -0.9440
watched                   -5.5382     4.6288
it                         3.3555    -3.4322
recently                   0.1536     0.0955
at                         0.2125    -0.1457
sleepover                 -9.9750     7.0259
funnily                  -19.6298    14.0104
--------------------------------------------
Avg logits : pos=-0.2660  neg=-0.0584
Softmax    : pos=0.4483  neg=0.5517
Predicted  : negative    True: positive
Epoch [7/10] Step  6500 | Train Loss 0.3219 Acc 0.884 | Test  Loss 0.5892 Acc 0.667

Word                    Pos logit  Neg logit
--------------------------------------------
this                       0.0660    -0.0239
game                       4.0080    -3.3880
is                         3.4317    -3.2899
good                       6.9867    -6.5407
looking                   -1.5305     1.8809
first                      0.6747    -1.1372
person                     0.9986    -0.7018
shooter                   -2.6377     3.7695
hang                       4.8518    -5.4392
on                         0.5923    -0.6581
br                        -1.3165     2.1402
br                        -1.3165     2.1402
but                        0.2109    -0.1626
of                         0.4264    -0.3988
course                     5.8782    -5.9329
story                      0.9575    -0.8995
must                      -1.2057     1.4926
be                        -1.4241     1.4801
put                       -3.9177     3.4449
around                    -0.2978     0.5706
this                       0.0660    -0.0239
genre                      1.8273    -2.3301
so                         0.3751    -0.3785
quite                      8.2287    -7.6655
innovative                 6.1366    -5.3052
plot                     -12.0354     9.0506
about                      0.1319     0.0072
soldiers                   1.6702    -1.7455
now                        1.8187    -1.9001
driven                     0.3408    -0.4512
--------------------------------------------
Avg logits : pos=0.7999  neg=-0.7465
Softmax    : pos=0.8244  neg=0.1756
Predicted  : positive    True: negative
Epoch [7/10] Step  6550 | Train Loss 0.4223 Acc 0.813 | Test  Loss 0.5748 Acc 0.708

Word                    Pos logit  Neg logit
--------------------------------------------
excellent                 34.3498   -32.2330
film                       0.7380    -0.5619
cried                      4.8794    -7.2507
when                       1.6106    -1.5460
she                       -0.4762     0.3340
cried                      4.8794    -7.2507
loved                     24.2404   -23.8861
when                       1.6106    -1.5460
they                      -2.4172     2.2096
loved                     24.2404   -23.8861
was                       -0.7183     0.6246
frustrated                -9.8994     8.3499
when                       1.6106    -1.5460
they                      -2.4172     2.2096
were                      -5.6381     5.3542
this                       0.0770    -0.1077
film                       0.7380    -0.5619
touched                    4.5906    -4.9677
my                         6.8728    -6.7449
heart                      5.8646    -6.2409
it                         3.7393    -3.7738
was                       -0.7183     0.6246
reality                    5.0137    -5.6506
check                     -1.0067     1.7255
for                        0.2034    -0.2363
me                         1.6210    -1.9550
since                      3.8913    -3.9781
this                       0.0770    -0.1077
is                         3.7579    -3.5955
reality                    5.0137    -5.6506
--------------------------------------------
Avg logits : pos=3.8776  neg=-4.0615
Softmax    : pos=0.9996  neg=0.0004
Predicted  : positive    True: positive
Epoch [8/10] Step  6600 | Train Loss 0.2697 Acc 0.895 | Test  Loss 0.3047 Acc 0.892

Word                    Pos logit  Neg logit
--------------------------------------------
wales                      7.7443    -7.6729
seems                     -8.4862     6.7599
to                         0.1016    -0.1353
be                        -1.6572     1.6670
turning                   -5.0541     3.4093
out                       -0.5465     0.3550
some                      -0.2364     0.1844
quirky                     7.4451    -7.0080
movies                     0.7716    -0.7289
recently                   0.2257     0.0060
actually                  -4.9587     4.0670
wales                      7.7443    -7.6729
seems                     -8.4862     6.7599
to                         0.1016    -0.1353
be                        -1.6572     1.6670
developing                 1.0765    -0.8240
its                        4.6313    -4.3969
own                        2.2174    -2.2534
little                     0.8165    -0.7765
film                       0.9778    -0.8856
industry                   0.1709    -0.0992
recently                   0.2257     0.0060
saw                       -0.1122     0.0599
very                       7.0971    -6.4308
annie                      1.7934    -2.4580
mary                      -1.3721     1.4060
which                      1.5870    -1.5884
thought                   -1.9227     1.2897
was                       -0.6946     0.6273
very                       7.0971    -6.4308
--------------------------------------------
Avg logits : pos=0.5547  neg=-0.7077
Softmax    : pos=0.7794  neg=0.2206
Predicted  : positive    True: positive
Epoch [8/10] Step  6650 | Train Loss 0.4600 Acc 0.730 | Test  Loss 0.4675 Acc 0.753

Word                    Pos logit  Neg logit
--------------------------------------------
i                          2.8431    -2.8028
rented                    -0.4782    -0.2166
this                       0.1593    -0.1845
movie                     -1.2872     1.8888
tonight                    9.2603    -9.1604
because                   -0.4853     0.0164
it                         3.6222    -3.6695
looked                    -9.0740     7.4001
like                      -1.0575     1.4570
fun                       10.8860   -10.5431
movie                     -1.2872     1.8888
figured                   -7.5983     6.1813
that                       0.1202    -0.0323
you                        3.3222    -3.4546
really                     5.5269    -5.2332
couldn                   -10.2493     8.8454
go                        -0.5584     0.3895
wrong                    -10.3011     7.9371
with                       1.0137    -0.9159
concept                   -0.1286     1.0798
of                         0.6234    -0.5763
ex                         3.1377    -3.1914
girlfriend                -1.7568     2.9307
with                       1.0137    -0.9159
super                      4.1608    -4.5079
powers                     0.8467     0.4418
br                        -1.2464     1.9362
br                        -1.2464     1.9362
but                        0.3546    -0.3114
the                       -0.1311     0.2492
--------------------------------------------
Avg logits : pos=0.0002  neg=-0.0379
Softmax    : pos=0.5095  neg=0.4905
Predicted  : positive    True: negative
Epoch [8/10] Step  6700 | Train Loss 0.1591 Acc 0.948 | Test  Loss 0.3592 Acc 0.851

Word                    Pos logit  Neg logit
--------------------------------------------
one                        1.8532    -1.7835
of                         0.5775    -0.5296
the                       -0.0847     0.1442
many                       2.0684    -1.9908
speculations               0.0120     0.0033
about                      0.2164    -0.1171
k                         -1.8763     3.5032
was                       -0.6138     0.5477
that                       0.1768    -0.0759
the                       -0.0847     0.1442
world                      6.7572    -7.3339
was                       -0.6138     0.5477
going                     -2.6771     1.9976
to                         0.0817    -0.0964
end                        0.5832    -0.6588
at                         0.2760    -0.2188
the                       -0.0847     0.1442
stroke                     1.2846    -2.1918
of                         0.5775    -0.5296
midnight                  -2.2473     2.6400
on                         0.9815    -1.0114
december                   4.9381    -4.5561
in                         1.0975    -1.4581
the                       -0.0847     0.1442
book                      -1.0338     0.8970
of                         0.5775    -0.5296
life                       8.2224    -8.3000
writer                    -2.8887     4.1640
director                  -1.7428     3.4361
hal                       -0.4125     0.4440
--------------------------------------------
Avg logits : pos=0.5279  neg=-0.4208
Softmax    : pos=0.7208  neg=0.2792
Predicted  : positive    True: positive
Epoch [8/10] Step  6750 | Train Loss 0.2909 Acc 0.939 | Test  Loss 0.3142 Acc 0.845

Word                    Pos logit  Neg logit
--------------------------------------------
when                       1.4526    -1.3535
stranger                  -1.3634     1.8062
calls                      0.3414     0.0113
is                         3.7758    -3.6014
actually                  -4.3335     3.5068
pretty                   -11.5654     9.0459
good                       8.2159    -7.8170
movie                     -1.3352     1.8591
had                       -3.3248     3.0188
never                     -0.2027     0.1990
saw                       -0.0220    -0.0197
the                       -0.1311     0.1944
original                  -7.5659     7.6385
and                        3.5653    -3.6246
so                         0.3370    -0.3470
when                       1.4526    -1.3535
watched                   -2.8568     2.0433
this                       0.1407    -0.1363
thought                   -1.6978     0.9859
it                         3.6884    -3.7513
was                       -0.5804     0.4795
unique                    14.2791   -12.2756
when                       1.4526    -1.3535
when                       1.4526    -1.3535
stranger                  -1.3634     1.8062
calls                      0.3414     0.0113
was                       -0.5804     0.4795
advertised                -1.7069     2.3967
on                         1.1173    -1.1073
the                       -0.1311     0.1944
--------------------------------------------
Avg logits : pos=0.0951  neg=-0.0806
Softmax    : pos=0.5438  neg=0.4562
Predicted  : positive    True: positive
Epoch [8/10] Step  6800 | Train Loss 0.2392 Acc 0.917 | Test  Loss 0.3914 Acc 0.844

Word                    Pos logit  Neg logit
--------------------------------------------
spoiler                    0.2737    -0.1815
alert                      3.9627    -3.7481
br                        -1.1691     1.8681
br                        -1.1691     1.8681
have                      -3.6899     3.6861
never                      0.2488    -0.2627
seen                       0.7274    -0.7961
comments                   2.7277    -2.7147
on                         1.3563    -1.3210
movie                     -0.9689     1.4445
that                       0.1710    -0.1278
disagree                   0.8672    -0.9458
with                       0.9671    -0.9011
more                       1.3453    -1.9417
then                       0.1566    -0.3137
the                       -0.1181     0.2150
comments                   2.7277    -2.7147
people                     5.2083    -5.1232
made                      -3.1423     2.6223
on                         1.3563    -1.3210
this                       0.1409    -0.1483
one                        2.7579    -2.6700
could                     -6.9455     5.9896
learn                      1.9005    -1.9706
from                       1.0892    -1.1029
critical                   1.9751    -2.2095
viewings                  -1.3792     0.9909
of                         0.7031    -0.6173
this                       0.1409    -0.1483
movie                     -0.9689     1.4445
--------------------------------------------
Avg logits : pos=0.3751  neg=-0.3717
Softmax    : pos=0.6785  neg=0.3215
Predicted  : positive    True: positive
Epoch [8/10] Step  6850 | Train Loss 0.3322 Acc 0.832 | Test  Loss 0.3374 Acc 0.844

Word                    Pos logit  Neg logit
--------------------------------------------
one                        1.8207    -1.7435
of                         0.5628    -0.4887
best                      18.1622   -17.6554
movies                     0.5270    -0.3506
ever                       5.1517    -4.8674
fire                      -1.8388     1.3913
it                         3.5118    -3.6019
is                         3.3043    -3.1429
not                       -2.5409     2.4476
much                       0.2182    -0.0937
about                      0.2063    -0.1074
sociological              -0.4643     1.1316
description               -1.6556     2.8629
of                         0.5628    -0.4887
india                      6.0141    -5.8498
today                      2.3869    -2.0972
it                         3.5118    -3.6019
is                         3.3043    -3.1429
the                       -0.0772     0.1168
mind                       2.6126    -2.6922
blowing                   -1.3799    -0.1967
use                       -2.4604     3.1339
of                         0.5628    -0.4887
light                      4.2202    -3.8565
that                       0.1358    -0.0630
never                     -0.3855     0.4289
stops                     -1.5863     0.8855
never                     -0.3855     0.4289
becomes                   -0.0219    -0.5844
normal                     2.7881    -2.9322
--------------------------------------------
Avg logits : pos=1.5589  neg=-1.5073
Softmax    : pos=0.9555  neg=0.0445
Predicted  : positive    True: positive
Epoch [8/10] Step  6900 | Train Loss 0.3272 Acc 0.816 | Test  Loss 0.4241 Acc 0.719

Word                    Pos logit  Neg logit
--------------------------------------------
a                          1.0281    -1.1705
little                     0.6681    -0.5825
girl                      -2.2350     3.3702
lives                     13.1124   -13.1654
with                       0.7863    -0.7102
her                       -1.0353     1.0896
father                     1.2839    -2.4874
and                        3.0266    -3.0503
brother                    0.9611    -1.8906
in                         0.9900    -1.3007
the                       -0.0334     0.0625
middle                    -0.2801     0.1727
of                         0.5480    -0.4825
the                       -0.0334     0.0625
countryside               10.6069    -9.9752
this                       0.0849    -0.0792
little                     0.6681    -0.5825
girl                      -2.2350     3.3702
rosalie                    0.1133     0.0971
has                        2.9795    -2.6186
some                      -0.0734     0.0157
psychotic                  4.1387    -4.3155
tendencies                 0.7898    -0.5104
as                         0.9467    -0.8904
the                       -0.0334     0.0625
movie                     -0.9291     1.6520
opens                      2.0328    -1.5881
with                       0.7863    -0.7102
her                       -1.0353     1.0896
feeding                   -6.3570     5.2324
--------------------------------------------
Avg logits : pos=1.0424  neg=-0.9944
Softmax    : pos=0.8846  neg=0.1154
Predicted  : positive    True: negative
Epoch [8/10] Step  6950 | Train Loss 0.3307 Acc 0.860 | Test  Loss 0.3944 Acc 0.794

Word                    Pos logit  Neg logit
--------------------------------------------
this                       0.1026    -0.1178
is                         3.0912    -2.9711
one                        1.7643    -1.7980
of                         0.4790    -0.4124
the                       -0.0434     0.0567
more                       0.4926    -1.0195
poorly                   -44.1793    37.5330
made                      -4.5813     3.8351
movies                     0.9977    -1.0138
ve                         3.6265    -3.4135
ever                       5.7877    -5.3453
seen                       0.3821    -0.4786
one                        1.7643    -1.7980
has                        3.1196    -2.6867
to                         0.0783    -0.0642
take                       0.0001     0.1822
anything                 -11.7955     9.4132
by                        -0.0904     0.1130
truffaut                   3.8259    -4.3952
seriously                 -8.8442     6.6317
it                         3.5436    -3.6031
not                       -3.4129     3.1888
just                      -4.1155     3.5956
some                      -0.3782     0.3318
movie                     -0.8292     1.4328
cranked                    3.1704    -3.4617
out                       -0.4298     0.2246
by                        -0.0904     0.1130
hacks                     -2.2359     3.3333
br                        -1.1047     1.8824
--------------------------------------------
Avg logits : pos=-1.6635  neg=1.3096
Softmax    : pos=0.0487  neg=0.9513
Predicted  : negative    True: negative
Epoch [8/10] Step  7000 | Train Loss 0.4430 Acc 0.788 | Test  Loss 0.4648 Acc 0.809

Word                    Pos logit  Neg logit
--------------------------------------------
if                        -2.0928     1.5119
you                        3.2140    -3.3058
want                      -0.6704     1.0007
to                         0.1013    -0.1284
watch                      2.5516    -2.2268
real                      -0.6211     1.0915
quality                    3.1301    -2.3610
movie                     -0.8721     1.4667
get                        0.5036    -0.4331
hold                      -2.4104     1.8468
of                         0.4736    -0.4287
the                       -0.0054     0.0245
eden                       4.4532    -4.2792
formula                   -5.7303     4.1335
this                       0.0918    -0.0692
wondrous                  22.3732   -20.1525
film                       1.2725    -1.3479
must                      -0.7693     1.1057
have                      -4.0976     4.0803
cost                      -7.4991     7.8683
all                        1.2165    -1.1938
of                         0.4736    -0.4287
to                         0.1013    -0.1284
make                      -6.7717     5.5405
it                         3.8597    -3.9406
features                  -1.9028     3.1688
wafer                     -2.5828     1.4061
thin                     -11.8821     8.7195
script                   -24.9353    21.4002
pathetically             -36.5295    30.2012
--------------------------------------------
Avg logits : pos=-2.1852  neg=1.8047
Softmax    : pos=0.0182  neg=0.9818
Predicted  : negative    True: negative
Epoch [8/10] Step  7050 | Train Loss 0.3312 Acc 0.821 | Test  Loss 0.3369 Acc 0.812

Word                    Pos logit  Neg logit
--------------------------------------------
this                       0.1350    -0.1463
turned                    -3.2376     2.3777
out                       -0.3529     0.1411
to                         0.1134    -0.1587
be                        -1.1259     1.1718
more                       1.0512    -1.6182
of                         0.4981    -0.4434
women                     -7.5761     5.3756
romance                    2.6759    -2.5868
soap                       1.3554    -2.8632
suspense                   0.4502    -1.6139
film                       1.4551    -1.6420
than                       0.3589    -0.7788
what                       0.5107    -0.4683
hoped                     -2.8184     2.5352
it                         4.1222    -4.1816
was                       -0.4149     0.2465
simply                    -3.8362     3.4689
tense                      4.2221    -4.4566
thriller                   6.6106    -6.7647
yes                       -3.5890     2.1617
the                       -0.0721     0.1206
final                      0.5174    -0.9303
minutes                  -28.2023    23.3702
were                      -4.0918     3.9091
suspenseful               12.7946   -12.7395
but                        0.8368    -0.8648
much                       0.1164    -0.0255
of                         0.4981    -0.4434
the                       -0.0721     0.1206
--------------------------------------------
Avg logits : pos=-0.5689  neg=0.0758
Softmax    : pos=0.3442  neg=0.6558
Predicted  : negative    True: negative
Epoch [8/10] Step  7100 | Train Loss 0.5463 Acc 0.700 | Test  Loss 0.3829 Acc 0.787

Word                    Pos logit  Neg logit
--------------------------------------------
saps                      -0.3363     0.6498
at                         0.3119    -0.2234
sea                        1.0204    -0.1435
is                         3.7103    -3.5277
evidently                -13.8343    11.5835
pun                      -16.4262    14.7253
on                         0.8930    -0.9110
gary                      -0.3929     0.3157
cooper                    -0.1327     0.3705
film                       0.9400    -0.7747
souls                      9.2064    -9.9059
at                         0.3119    -0.2234
sea                        1.0204    -0.1435
the                       -0.0919     0.1516
title                     -0.2592    -0.0811
aptly                      4.4199    -3.8300
describes                  1.3564    -1.4015
the                       -0.0919     0.1516
starring                  -1.4495     3.1154
team                       8.7091    -7.6406
stan                      -0.4511     0.9071
laurel                     1.8242    -2.5165
and                        3.3839    -3.4243
oliver                     4.7578    -5.9623
hardy                      3.9206    -4.6856
who                        2.2125    -2.5362
go                        -0.5328     0.4449
on                         0.8930    -0.9110
an                        -0.6529     0.5467
ocean                      1.2572    -0.2788
--------------------------------------------
Avg logits : pos=0.5166  neg=-0.5386
Softmax    : pos=0.7418  neg=0.2582
Predicted  : positive    True: positive
Epoch [8/10] Step  7150 | Train Loss 0.3190 Acc 0.788 | Test  Loss 0.4166 Acc 0.807

Word                    Pos logit  Neg logit
--------------------------------------------
a                          1.4487    -1.8132
big                       -0.3524     0.7246
disappointment           -41.3897    34.6076
for                        0.2518    -0.2889
what                       0.3966    -0.3501
was                       -0.6238     0.5279
touted                     1.3663    -0.3104
as                         1.3788    -1.3328
an                        -0.0170    -0.0523
incredible                34.2064   -31.6729
film                       1.0026    -0.8662
incredibly                17.9500   -16.3696
bad                      -36.6751    30.9848
very                       7.0082    -6.2513
pretentious              -40.4004    34.4515
it                         4.1748    -4.2039
would                     -5.4494     5.1442
be                        -1.5211     1.5424
nice                      17.7309   -15.5977
if                        -2.6675     1.9082
just                      -4.2271     3.6608
once                       4.0848    -3.7976
someone                   -9.3306     8.2437
would                     -5.4494     5.1442
create                    -0.5477     1.1586
high                      -0.8230     0.8561
profile                   -0.0859     0.4044
role                       0.0993    -0.2753
for                        0.2518    -0.2889
young                      0.4542    -0.4375
--------------------------------------------
Avg logits : pos=-1.9252  neg=1.5150
Softmax    : pos=0.0311  neg=0.9689
Predicted  : negative    True: negative
Epoch [8/10] Step  7200 | Train Loss 0.3616 Acc 0.813 | Test  Loss 0.2943 Acc 0.861

Word                    Pos logit  Neg logit
--------------------------------------------
how                        0.7231    -0.5761
this                       0.1493    -0.1554
character                 -1.2350     2.1857
ever                       5.2783    -5.1379
got                        3.3766    -3.1575
hired                     -2.3957     3.4865
by                        -0.1823     0.2508
the                       -0.0945     0.1043
post                       0.2337    -0.1039
office                     1.1337    -1.2949
is                         3.5018    -3.3107
far                       -1.9056     1.8779
beyond                     0.5958    -0.6037
me                         1.3788    -1.6258
the                       -0.0945     0.1043
test                       1.4783    -0.5248
that                       0.1368    -0.0676
postal                    -0.2656     0.9150
workers                   -0.4654     0.6776
take                       0.0394     0.1363
is                         3.5018    -3.3107
so                         0.2312    -0.2579
difficult                 -0.4227     0.1606
there                     -1.6511     1.7563
is                         3.5018    -3.3107
no                       -10.6364     9.0930
way                        1.3230    -1.2449
that                       0.1368    -0.0676
guy                        0.1666     0.1687
this                       0.1493    -0.1554
--------------------------------------------
Avg logits : pos=0.2562  neg=-0.1329
Softmax    : pos=0.5961  neg=0.4039
Predicted  : positive    True: negative
Epoch [8/10] Step  7250 | Train Loss 0.4412 Acc 0.815 | Test  Loss 0.3952 Acc 0.797

Word                    Pos logit  Neg logit
--------------------------------------------
the                       -0.0013     0.0207
films                      3.0286    -3.6654
producers                 -4.6419     6.2232
are                       -0.6661     1.0199
hoping                    -6.6548     5.6279
that                       0.1675    -0.1035
cameron                    0.9865    -0.7216
diaz                      -0.0300     0.4182
name                      -1.2189     1.6299
will                       2.0312    -1.5902
help                       0.5606    -0.4073
sell                      -1.3801     1.3041
this                       0.1896    -0.2224
picture                   -1.2913     1.5020
unfortunately            -19.2589    15.9553
nothing                  -22.1334    18.0132
can                       -0.0400     0.8432
save                     -20.6589    17.1029
what                       0.3047    -0.3035
has                        3.3800    -3.0571
already                    1.1040    -0.9098
been                      -1.4087     1.4793
captured                   5.3101    -5.3930
on                         1.0128    -1.0383
the                       -0.0013     0.0207
screen                    -4.0431     5.6142
despite                    1.4601    -1.1334
some                      -0.1344     0.0538
beautifully               32.2755   -29.7786
shot                      -3.1801     2.6563
--------------------------------------------
Avg logits : pos=-1.1644  neg=1.0387
Softmax    : pos=0.0995  neg=0.9005
Predicted  : negative    True: negative
Epoch [8/10] Step  7300 | Train Loss 0.2500 Acc 0.928 | Test  Loss 0.4246 Acc 0.784

Word                    Pos logit  Neg logit
--------------------------------------------
no                       -11.7261     9.9924
spoilers                   0.2794    -0.0806
br                        -1.3354     2.0294
br                        -1.3354     2.0294
love                      11.7416   -12.1119
horror                     2.0577    -3.7518
movies                     1.9074    -2.3397
but                        0.7701    -0.7743
this                       0.1285    -0.1481
has                        3.9913    -3.6444
got                        4.4113    -4.1003
to                         0.1580    -0.2648
be                        -1.6491     1.6197
the                       -0.0210     0.0573
poorest                  -20.5695    16.2831
attempt                  -24.2499    20.3951
to                         0.1580    -0.2648
make                      -6.8851     5.6133
one                        2.1326    -2.1007
ever                       5.8668    -5.6680
calling                    0.7396    -0.8511
it                         4.3923    -4.4172
movie                     -0.7621     1.1230
is                         3.9028    -3.7341
also                       3.3656    -3.0424
stretch                   -8.5933     7.0000
this                       0.1285    -0.1481
random                    -0.4229     1.2837
clips                     -0.2719     0.7615
of                         0.6035    -0.5367
--------------------------------------------
Avg logits : pos=-1.0362  neg=0.6736
Softmax    : pos=0.1532  neg=0.8468
Predicted  : negative    True: negative
Epoch [8/10] Step  7350 | Train Loss 0.3515 Acc 0.844 | Test  Loss 0.3691 Acc 0.882

Word                    Pos logit  Neg logit
--------------------------------------------
i                          2.1675    -2.0810
love                      12.0364   -12.3925
this                       0.2105    -0.2316
movie                     -0.4271     0.6568
it                         4.1349    -4.1731
is                         3.8950    -3.7347
the                        0.1236    -0.0775
first                      0.9147    -1.4104
film                       1.5700    -1.8704
master                     1.0795    -1.1691
have                      -4.4652     4.3082
ever                       5.5192    -5.3242
done                       1.3443    -1.4264
it                         4.1349    -4.1731
is                         3.8950    -3.7347
based                      2.2642    -2.4558
on                         1.0878    -1.1138
the                        0.1236    -0.0775
story                      1.5723    -1.5105
of                         0.5856    -0.5147
his                        0.4010    -0.6705
life                       8.9562    -8.8064
it                         4.1349    -4.1731
is                         3.8950    -3.7347
low                      -16.1953    14.4495
budget                     2.1587    -3.3205
but                        0.5415    -0.5051
it                         4.1349    -4.1731
is                         3.8950    -3.7347
very                       6.2937    -5.6416
--------------------------------------------
Avg logits : pos=1.9994  neg=-2.0939
Softmax    : pos=0.9836  neg=0.0164
Predicted  : positive    True: positive
Epoch [8/10] Step  7400 | Train Loss 0.2463 Acc 0.866 | Test  Loss 0.3854 Acc 0.876

Word                    Pos logit  Neg logit
--------------------------------------------
i                          2.3494    -2.2463
absolutely                -7.3470     4.0769
loved                     25.5739   -25.0445
this                       0.1141    -0.1157
film                       1.4014    -1.5829
do                        -0.6128     0.6946
not                       -3.4587     3.2376
at                         0.3468    -0.3037
all                        0.9942    -1.0019
relate                     2.4586    -2.3416
to                         0.1863    -0.2753
all                        0.9942    -1.0019
the                       -0.0164     0.0801
other                      1.8196    -1.7387
comments                   3.2535    -3.2351
have                      -5.2103     4.9914
read                      -0.7069     0.9977
about                      0.3110    -0.2307
it                         4.1862    -4.2177
was                       -0.5994     0.4798
completely                -5.9608     3.2074
enthralled                 7.2511    -6.8289
through                    0.6812    -0.5699
every                      1.9403    -1.9536
second                     0.7214    -1.3656
br                        -1.1303     1.8003
br                        -1.1303     1.8003
found                     -1.9161     1.6773
the                       -0.0164     0.0801
story                      1.4482    -1.3920
--------------------------------------------
Avg logits : pos=0.9309  neg=-1.0774
Softmax    : pos=0.8817  neg=0.1183
Predicted  : positive    True: positive
Epoch [8/10] Step  7450 | Train Loss 0.4755 Acc 0.719 | Test  Loss 0.4087 Acc 0.800

Word                    Pos logit  Neg logit
--------------------------------------------
the                       -0.1269     0.1656
cast                      -4.9092     5.5965
of                         0.4826    -0.4219
all                        0.9253    -0.9871
that                       0.1714    -0.1312
returns                    1.5928    -1.4660
for                        0.2173    -0.2484
good                       9.0218    -8.5463
humor                      8.4644    -8.6531
in                         0.8869    -1.1842
the                       -0.1269     0.1656
good                       9.0218    -8.5463
burger                    10.6550   -11.0974
place                      0.2198    -0.3591
similar                    0.7430    -0.1603
to                         0.1776    -0.2987
an                         0.0645    -0.1341
old                        0.3885    -0.7293
fashioned                 -6.3782     3.9281
fast                       0.6012    -1.3070
food                       2.5204    -3.9096
restaurant                15.2173   -15.1763
the                       -0.1269     0.1656
comedy                     6.3975    -7.4179
is                         4.0717    -3.8622
terrific                  33.5891   -31.3293
the                       -0.1269     0.1656
fun                       11.7382   -11.4490
is                         4.0717    -3.8622
non                        2.0320    -2.1328
--------------------------------------------
Avg logits : pos=3.7159  neg=-3.7741
Softmax    : pos=0.9994  neg=0.0006
Predicted  : positive    True: negative
Epoch [8/10] Step  7500 | Train Loss 0.2963 Acc 0.894 | Test  Loss 0.3249 Acc 0.835

Word                    Pos logit  Neg logit
--------------------------------------------
this                       0.1134    -0.1269
film                       1.5497    -1.9089
is                         3.5770    -3.3891
horribly                 -54.6283    43.5664
acted                      2.0619    -2.5462
written                   -2.3952     2.9001
directed                  -0.7341     1.6261
and                        4.2513    -4.3844
produced                   0.9113    -1.1371
but                        0.3640    -0.3573
it                         4.1203    -4.1841
so                         0.3645    -0.4274
campy                     -6.8026     4.6977
it                         4.1203    -4.1841
actually                  -5.3077     4.3609
semi                       0.5446    -0.7205
watchable                -17.4404    12.9895
that                       0.1549    -0.0991
semi                       0.5446    -0.7205
watchable                -17.4404    12.9895
br                        -1.1877     1.9230
br                        -1.1877     1.9230
the                       -0.1224     0.1679
storyline                  1.5751    -1.6657
what                       0.1026    -0.1171
little                     0.8712    -0.8440
there                     -2.1520     2.1621
is                         3.5770    -3.3891
makes                      4.4709    -4.6128
virtually                -25.9982    20.8069
--------------------------------------------
Avg logits : pos=-3.4041  neg=2.5100
Softmax    : pos=0.0027  neg=0.9973
Predicted  : negative    True: negative
Epoch [9/10] Step  7550 | Train Loss 0.3669 Acc 0.801 | Test  Loss 0.4383 Acc 0.742

Word                    Pos logit  Neg logit
--------------------------------------------
what                       0.4339    -0.4290
an                         0.1619    -0.2285
absolute                  -1.3343    -0.2712
pile                     -43.6240    35.0472
of                         0.6694    -0.5903
pants                     -2.3202     3.8160
having                     1.1721    -1.3251
read                      -0.9332     1.2150
chris                     -0.4539     0.4707
brookmyre                 -0.0211     0.0622
books                     -1.5032     1.4246
religiously                0.6123    -1.1658
since                      4.3823    -4.3977
came                       0.3579    -0.4005
across                     2.7320    -2.9002
quite                      9.4087    -8.9183
ugly                     -33.2683    26.7665
was                       -0.6791     0.5610
delighted                 16.7898   -15.3328
to                         0.2815    -0.4889
find                       0.7103    -0.8975
out                       -0.2867     0.0210
that                       0.2505    -0.1806
this                       0.1280    -0.1231
drama                      2.3680    -2.6619
had                       -4.2050     3.7957
been                      -1.9846     1.8899
commissioned               2.0981    -1.9275
br                        -1.4537     2.2810
br                        -1.4537     2.2810
--------------------------------------------
Avg logits : pos=-1.6988  neg=1.2464
Softmax    : pos=0.0500  neg=0.9500
Predicted  : negative    True: negative
Epoch [9/10] Step  7600 | Train Loss 0.4097 Acc 0.733 | Test  Loss 0.4840 Acc 0.673

Word                    Pos logit  Neg logit
--------------------------------------------
i                          3.1660    -3.1752
will                       2.2636    -1.7541
admit                     -3.6313     2.6402
that                       0.1457    -0.0960
m                         -1.7623     2.9016
only                      -5.5885     4.8840
college                    1.8335    -1.8094
student                   -0.3291     0.4430
at                         0.3705    -0.3234
this                       0.1217    -0.1228
present                    2.1821    -2.3340
time                       0.9963    -0.9882
an                         0.1338    -0.1933
english                   -0.5569     0.6162
major                      0.3178    -0.3470
at                         0.3705    -0.3234
that                       0.1457    -0.0960
at                         0.3705    -0.3234
the                       -0.0421     0.0755
time                       0.9963    -0.9882
saw                       -0.0743     0.0335
this                       0.1217    -0.1228
film                       1.5794    -1.8404
was                       -0.7574     0.6445
high                      -0.8145     0.6876
school                     1.6960    -1.7429
student                   -0.3291     0.4430
want                      -0.5101     0.7512
to                         0.2587    -0.4340
say                       -3.2106     3.1140
--------------------------------------------
Avg logits : pos=-0.0179  neg=0.0073
Softmax    : pos=0.4937  neg=0.5063
Predicted  : negative    True: negative
Epoch [9/10] Step  7650 | Train Loss 0.3545 Acc 0.818 | Test  Loss 0.2778 Acc 0.885

Word                    Pos logit  Neg logit
--------------------------------------------
the                       -0.1373     0.1854
child                     -3.2801     2.7848
starts                    -6.3309     4.2781
as                         1.0998    -1.0436
plane                     -2.9857     3.7909
crashes                    2.4430    -3.2884
the                       -0.1373     0.1854
only                      -5.1672     4.4794
survivor                  -5.3090     0.9803
of                         0.4797    -0.4044
flight                     0.2770     0.1704
was                       -0.8242     0.7157
young                     -0.1698     0.2085
boy                       -1.5331     2.1115
named                     -3.0465     4.1447
donald                     2.0846    -1.9122
boo                       -1.5837     2.5926
boo                       -1.5837     2.5926
stewart                    3.5730    -3.9881
who                        2.8648    -3.1686
is                         3.3692    -3.1818
adopted                   -0.5406     0.9635
by                        -0.1286     0.1985
news                       1.6962    -1.4279
reporter                  -1.0460     2.0724
erika                      0.6115    -0.5952
sarah                     -1.9685     3.1938
lieving                   -0.0243     0.0659
her                       -1.3173     1.4195
cameraman                  2.0985    -1.9522
--------------------------------------------
Avg logits : pos=-0.5505  neg=0.5391
Softmax    : pos=0.2517  neg=0.7483
Predicted  : negative    True: negative
Epoch [9/10] Step  7700 | Train Loss 0.4665 Acc 0.785 | Test  Loss 0.3745 Acc 0.827

Word                    Pos logit  Neg logit
--------------------------------------------
as                         1.2371    -1.2007
sat                      -18.2997    14.7217
in                         1.1546    -1.4199
front                     -1.5709     1.4582
of                         0.5283    -0.4478
the                       -0.1179     0.1719
tv                         1.3832    -1.4978
watching                  -6.1194     5.4585
this                       0.1102    -0.1031
movie                     -0.7282     0.9896
thought                   -2.0841     1.1709
oh                       -27.1587    21.7183
what                       0.2918    -0.3061
alfred                     0.5749    -0.2097
hitchcock                 10.0173   -10.4820
or                        -0.3327     0.2940
even                      -2.6718     2.1136
brian                     -0.5847     0.4934
depalma                    5.4188    -6.6970
could                     -9.4966     8.2406
have                      -4.7959     4.6766
done                       2.6451    -2.8233
with                       1.1625    -1.1158
this                       0.1102    -0.1031
chances                  -14.1922    11.5411
are                       -0.6397     1.0896
you                        4.1524    -4.4445
will                       2.3879    -1.8839
too                       -2.7065     1.8847
it                         4.2895    -4.3744
--------------------------------------------
Avg logits : pos=-1.8678  neg=1.2971
Softmax    : pos=0.0405  neg=0.9595
Predicted  : negative    True: negative
Epoch [9/10] Step  7750 | Train Loss 0.2344 Acc 0.897 | Test  Loss 0.2620 Acc 0.915

Word                    Pos logit  Neg logit
--------------------------------------------
i                          3.2562    -3.2902
saw                       -0.1817     0.1177
it                         3.9188    -3.9918
agree                     -3.9576     3.3586
with                       1.0192    -0.9681
him                        0.3404    -0.4586
but                        0.3228    -0.3168
didn                      -3.5288     4.4769
care                       2.1737    -2.2060
for                        0.2750    -0.2758
his                        0.2363    -0.4728
delivery                   1.3911    -0.5319
he                         0.4953    -0.7456
just                      -3.0128     2.4187
came                       0.2181    -0.2574
off                       -3.3949     3.3015
as                         0.9680    -0.9280
an                         0.0131    -0.0752
asshole                  -17.9207    14.1205
in                         0.9076    -1.2018
poorly                   -44.2303    37.5488
edited                    -1.3000     1.5102
contrived                -28.8152    23.6700
juvenile                  -2.9867     1.6769
smear                    -16.2601    12.4889
campaign                  -5.2492     3.8853
edit                      -2.1506     2.4458
cuts                      -1.2591     1.1563
galore                     1.4288    -0.4082
etc                        0.6821    -0.7447
--------------------------------------------
Avg logits : pos=-3.8867  neg=3.1768
Softmax    : pos=0.0009  neg=0.9991
Predicted  : negative    True: negative
Epoch [9/10] Step  7800 | Train Loss 0.5936 Acc 0.729 | Test  Loss 0.3754 Acc 0.833

Word                    Pos logit  Neg logit
--------------------------------------------
i                          3.3233    -3.3507
absolutely                -5.4043     2.2444
hated                    -21.3224    16.2449
this                       0.0912    -0.0728
movie                     -0.5865     0.7599
was                       -0.7852     0.6950
when                       1.4410    -1.3870
saw                       -0.0088    -0.0309
it                         3.9530    -4.0357
it                         3.9530    -4.0357
is                         3.2880    -3.0750
the                       -0.0575     0.1006
only                      -5.2469     4.4996
movie                     -0.5865     0.7599
have                      -4.0237     3.9926
ever                       6.2182    -5.8610
walked                    -0.0448    -1.3685
out                       -0.4151     0.1763
of                         0.5056    -0.4325
in                         1.1244    -1.3691
the                       -0.0575     0.1006
theater                    1.1107    -0.7143
my                         7.4811    -7.3343
mom                        2.2762    -3.1253
dad                        3.6874    -5.0370
and                        3.7713    -3.8696
all                        1.3666    -1.3812
looked                   -13.0949    10.6227
at                         0.2955    -0.2422
each                       4.1002    -4.0634
--------------------------------------------
Avg logits : pos=-0.1216  neg=-0.3530
Softmax    : pos=0.5576  neg=0.4424
Predicted  : positive    True: negative
Epoch [9/10] Step  7850 | Train Loss 0.4708 Acc 0.835 | Test  Loss 0.4585 Acc 0.767

Word                    Pos logit  Neg logit
--------------------------------------------
the                       -0.0225     0.0536
lousiest                  -2.6792    -1.3125
of                         0.5365    -0.4786
all                        1.2272    -1.2240
lousy                    -63.7918    53.5455
jaws                      -9.3617     5.7726
rip                        0.1736     0.0014
offs                     -12.7657    10.8630
was                       -0.7419     0.6624
regretfully              -13.8394    11.0621
made                      -3.6640     2.9960
by                         0.1034    -0.0967
one                        1.7819    -1.7729
of                         0.5365    -0.4786
my                         6.9746    -6.8146
all                        1.2272    -1.2240
time                       0.9722    -0.9862
favorite                  13.4033   -12.8922
directors                 -0.9484     1.6748
lamberto                  -8.0899     5.0185
bava                       1.6049    -3.2752
here                       0.2890    -0.1804
under                     -1.0860     0.6327
his                        0.4831    -0.7447
john                      -0.8263     0.8092
old                        0.5329    -0.9789
jr                         6.9149    -9.2389
pseudonym                 -3.5338     4.5866
you                        3.4361    -3.6151
know                       0.8417    -0.8990
--------------------------------------------
Avg logits : pos=-2.6771  neg=1.7155
Softmax    : pos=0.0122  neg=0.9878
Predicted  : negative    True: negative
Epoch [9/10] Step  7900 | Train Loss 0.3471 Acc 0.808 | Test  Loss 0.3634 Acc 0.828

Word                    Pos logit  Neg logit
--------------------------------------------
i                          2.5268    -2.4597
love                      10.7892   -11.2756
ben                        3.2279    -3.1790
kingsley                  -0.4091     0.6834
and                        3.9600    -4.0544
tea                       13.0395   -11.3697
leoni                     11.7670   -12.4065
however                    0.7944    -0.8226
this                       0.1471    -0.2069
is                         3.2095    -3.0266
easily                     3.3245    -2.4736
the                       -0.1718     0.2497
worst                    -87.5921    72.7052
movie                     -0.5670     0.8872
have                      -4.5684     4.4795
seen                       0.8306    -0.8962
in                         1.2925    -1.5247
years                      6.0059    -5.8110
and                        3.9600    -4.0544
see                        0.9374    -0.9897
my                         7.2339    -7.0515
share                      8.1231    -8.1301
of                         0.4901    -0.4218
movies                     1.1399    -1.3607
stinker                  -30.8932    25.9895
this                       0.1471    -0.2069
is                         3.2095    -3.0266
bad                      -38.6078    32.6146
idea                     -10.5034     8.9391
for                        0.3221    -0.3529
--------------------------------------------
Avg logits : pos=-2.8945  neg=2.0482
Softmax    : pos=0.0071  neg=0.9929
Predicted  : negative    True: negative
Epoch [9/10] Step  7950 | Train Loss 0.3594 Acc 0.818 | Test  Loss 0.3573 Acc 0.791

Word                    Pos logit  Neg logit
--------------------------------------------
don                       -1.7687     2.6257
mind                       2.8775    -2.9227
the                       -0.0681     0.0952
soundtrack                 5.5085    -6.3994
which                      1.5004    -1.5012
is                         3.1356    -2.9779
played                     2.3254    -2.7441
out                       -0.4381     0.2002
by                        -0.0983     0.1498
now                        2.0179    -2.0569
br                        -1.2448     1.9585
br                        -1.2448     1.9585
still                      5.4509    -4.8960
debra                      0.0060     0.3494
winger                    -3.0592     4.6268
is                         3.1356    -2.9779
always                     9.2019    -8.7393
interesting                4.2587    -3.1872
and                        3.4800    -3.5501
while                      0.6310    -0.6168
this                       0.1496    -0.1877
was                       -0.7192     0.6437
an                         0.1760    -0.2639
earlier                    2.2427    -2.3124
role                       0.1112    -0.2719
for                        0.3430    -0.3683
her                       -1.1591     1.2646
she                       -0.7930     0.8081
is                         3.1356    -2.9779
quite                      9.9766    -9.2173
--------------------------------------------
Avg logits : pos=1.6357  neg=-1.4496
Softmax    : pos=0.9563  neg=0.0437
Predicted  : positive    True: positive
Epoch [9/10] Step  8000 | Train Loss 0.2985 Acc 0.866 | Test  Loss 0.3803 Acc 0.833

Word                    Pos logit  Neg logit
--------------------------------------------
after                      0.5329    -0.8564
reading                   -2.2067     2.2590
several                    1.9371    -1.9691
comments                   3.8573    -3.9655
felt                       3.0811    -2.9739
had                       -3.4512     3.1673
to                         0.2855    -0.4465
add                       -4.9114     4.3529
in                         1.1680    -1.4379
my                         5.6018    -5.3465
two                       -0.1150    -0.0724
cents                      3.5035    -3.9481
as                         0.9980    -0.9780
well                       3.5159    -3.6021
sorrow                    19.4876   -19.8421
lost                      -3.9321     2.6477
is                         2.9488    -2.8242
one                        1.3658    -1.3589
of                         0.5005    -0.4152
the                       -0.0215     0.0381
most                       8.7300    -8.4200
memorable                 32.0041   -29.3427
shorts                     0.5201     0.0812
think                      1.4679    -1.8056
have                      -4.0737     4.0459
ever                       5.4726    -5.1184
seen                       0.6870    -0.7223
had                       -3.4512     3.1673
gotten                    -4.5658     2.9018
the                       -0.0215     0.0381
--------------------------------------------
Avg logits : pos=2.3638  neg=-2.4249
Softmax    : pos=0.9917  neg=0.0083
Predicted  : positive    True: positive
Epoch [9/10] Step  8050 | Train Loss 0.3784 Acc 0.821 | Test  Loss 0.6179 Acc 0.717

Word                    Pos logit  Neg logit
--------------------------------------------
it                         4.3531    -4.4330
amazing                   40.6867   -37.9452
that                       0.1002    -0.0667
this                       0.0842    -0.1199
movie                     -0.3516     0.6841
turns                     -4.2048     2.6519
out                       -0.5238     0.2808
to                         0.2677    -0.4389
be                        -1.0369     1.0710
in                         1.0861    -1.3966
one                        1.6737    -1.6855
of                         0.4903    -0.4050
my                         6.7152    -6.4484
hitlists                  -0.0331     0.0741
after                      0.5641    -0.9418
all                        1.4971    -1.4711
it                         4.3531    -4.4330
is                         3.1657    -3.0254
by                        -0.2439     0.3034
far                       -2.1506     1.9482
the                       -0.2280     0.3300
number                    -0.5428     0.5408
worst                    -81.7263    67.6592
movie                     -0.3516     0.6841
have                      -3.4680     3.5582
ever                       6.1336    -5.7244
seen                       0.6953    -0.7529
br                        -1.0858     1.7774
br                        -1.0858     1.7774
not                       -1.9270     1.9193
--------------------------------------------
Avg logits : pos=-0.9031  neg=0.5324
Softmax    : pos=0.1922  neg=0.8078
Predicted  : negative    True: negative
Epoch [9/10] Step  8100 | Train Loss 0.4670 Acc 0.675 | Test  Loss 0.4007 Acc 0.818

Word                    Pos logit  Neg logit
--------------------------------------------
spoilers                   0.2086    -0.0569
ahead                    -10.1716     8.7897
br                        -1.2278     1.9719
br                        -1.2278     1.9719
it                         3.8242    -3.8716
is                         2.4778    -2.4069
really                     4.2754    -4.1012
unfortunate              -28.9902    24.4362
that                       0.0837    -0.0370
movie                     -0.9162     1.5096
so                         0.0426    -0.1514
well                       3.4470    -3.5284
produced                  -0.0333     0.0353
turns                     -4.7143     3.0384
out                       -0.4808     0.2474
to                         0.3275    -0.5269
be                        -1.5315     1.5593
br                        -1.2278     1.9719
br                        -1.2278     1.9719
such                      -0.2297     0.3461
disappointment           -45.6235    38.6574
thought                   -0.9648     0.4942
this                       0.1690    -0.2388
was                       -0.7759     0.7234
full                       1.0147    -0.8979
of                         0.4616    -0.3821
silly                    -28.8779    24.6222
clich                    -43.0891    35.2925
and                        3.1485    -3.2037
br                        -1.2278     1.9719
--------------------------------------------
Avg logits : pos=-5.1019  neg=4.3403
Softmax    : pos=0.0001  neg=0.9999
Predicted  : negative    True: positive
Epoch [9/10] Step  8150 | Train Loss 0.4175 Acc 0.838 | Test  Loss 0.3670 Acc 0.839

Word                    Pos logit  Neg logit
--------------------------------------------
mst                       -0.8087     1.2376
fodder                   -12.0815     9.5759
it                         4.0362    -4.0774
so                         0.0146    -0.1498
bad                      -34.2660    29.1019
it                         4.0362    -4.0774
actually                  -5.3510     4.3595
worth                      1.4295    -1.4073
seeing                    -0.3734    -0.0597
just                      -4.4192     3.7956
for                        0.3433    -0.3784
that                       0.0847    -0.0544
reason                   -15.8705    13.1086
there                     -1.9323     1.9715
are                       -0.9449     1.3034
some                      -0.9881     0.7485
hilarious                 21.4729   -19.5367
things                    -0.3158     0.2454
in                         1.0181    -1.3019
it                         4.0362    -4.0774
such                      -0.2024     0.3105
as                         1.2119    -1.1772
the                       -0.0414     0.0775
mysterious                 0.7722    -1.2335
device                    -4.4528     6.2673
the                       -0.0414     0.0775
bad                      -34.2660    29.1019
guy                        0.2783    -0.1406
is                         3.0293    -2.9197
seen                       0.4183    -0.5513
--------------------------------------------
Avg logits : pos=-2.4725  neg=2.0047
Softmax    : pos=0.0112  neg=0.9888
Predicted  : negative    True: negative
Epoch [9/10] Step  8200 | Train Loss 0.3701 Acc 0.831 | Test  Loss 0.4882 Acc 0.793

Word                    Pos logit  Neg logit
--------------------------------------------
a                          1.4088    -1.7552
typical                    7.0819    -6.2945
italian                    2.3936    -3.2897
coming                    -0.5354     0.2227
of                         0.4824    -0.4287
age                        2.5293    -2.5177
film                       1.5711    -1.8672
original                 -10.1228    10.2528
and                        3.1732    -3.2525
good                       8.0658    -7.7031
music                      2.2659    -2.6760
but                        0.5887    -0.6281
with                       0.8794    -0.8168
some                      -0.7586     0.5362
quirks                    -0.2501     0.5321
interesting                5.0956    -4.0335
but                        0.5887    -0.6281
not                       -2.8629     2.7137
fantastic                 34.2557   -31.7126
photography               -2.7265     4.4172
poor                     -40.6267    34.3078
and                        3.1732    -3.2525
at                         0.3796    -0.3391
times                      4.6308    -4.7271
confused                  -0.3752    -0.0897
storyline                  0.9293    -1.3087
g                          1.8253    -1.1714
the                        0.0281     0.0040
role                       0.2234    -0.4201
of                         0.4824    -0.4287
--------------------------------------------
Avg logits : pos=0.7931  neg=-0.8785
Softmax    : pos=0.8418  neg=0.1582
Predicted  : positive    True: negative
Epoch [9/10] Step  8250 | Train Loss 0.5076 Acc 0.701 | Test  Loss 0.4619 Acc 0.784

Word                    Pos logit  Neg logit
--------------------------------------------
well                       4.1118    -4.2136
since                      4.5785    -4.5219
seeing                    -0.0693    -0.2567
part                       0.7868    -0.8954
through                    0.8353    -0.7658
can                       -0.0680     0.8397
honestly                  -0.0769     0.0010
say                       -3.2857     3.1684
that                       0.1776    -0.0970
they                      -2.4578     2.2194
should                    -2.6734     2.6722
have                      -4.5943     4.5277
never                      0.1571    -0.1253
made                      -3.7985     3.0944
part                       0.7868    -0.8954
everything                 4.7863    -4.9905
from                       1.2162    -1.2229
the                        0.0522    -0.0190
tacky                    -23.3532    20.4137
and                        3.4697    -3.5700
do                        -0.5952     0.7625
mean                      -5.8976     4.4918
tacky                    -23.3532    20.4137
score                     10.7390   -10.5294
to                         0.2598    -0.4215
the                        0.0522    -0.0190
really                     4.5770    -4.3368
bad                      -31.0258    26.1967
acting                    -5.9153     4.6413
dare                      -4.6606     3.4966
--------------------------------------------
Avg logits : pos=-2.5080  neg=2.0020
Softmax    : pos=0.0109  neg=0.9891
Predicted  : negative    True: negative
Epoch [9/10] Step  8300 | Train Loss 0.3147 Acc 0.894 | Test  Loss 0.2872 Acc 0.907

Word                    Pos logit  Neg logit
--------------------------------------------
midnight                  -2.6858     2.9741
cowboy                    -4.7035     6.8823
was                       -0.7134     0.6309
never                      0.1357    -0.0560
great                     20.3676   -18.7546
movie                     -0.6782     1.2210
to                         0.2922    -0.4736
start                    -11.7734     9.5927
with                       0.8051    -0.7536
but                        0.5719    -0.5998
it                         4.1629    -4.2131
is                         3.2010    -3.0892
classic                   12.2669   -12.3417
you                        2.9389    -3.1156
know                       0.1195    -0.1914
it                         4.1629    -4.2131
a                          0.1381    -0.7673
classic                   12.2669   -12.3417
the                       -0.0235     0.0470
moment                     4.6590    -3.3148
its                        4.3756    -4.0923
insistent                  3.9313    -3.8525
theme                      6.4418    -6.2287
song                       0.1550    -0.6574
everybody                  4.6746    -4.9470
talking                   -2.7005     1.9983
starts                   -10.2579     7.5187
up                         0.1317    -0.1120
on                         0.9678    -1.0148
the                       -0.0235     0.0470
--------------------------------------------
Avg logits : pos=1.7736  neg=-1.8073
Softmax    : pos=0.9729  neg=0.0271
Predicted  : positive    True: positive
Epoch [9/10] Step  8350 | Train Loss 0.3198 Acc 0.900 | Test  Loss 0.4953 Acc 0.781

Word                    Pos logit  Neg logit
--------------------------------------------
i                          1.8190    -1.6757
was                       -0.7882     0.7741
excited                    0.5945    -0.2955
to                         0.2950    -0.4782
see                        0.7893    -0.8261
this                       0.1066    -0.1394
show                       3.0424    -2.9671
when                       1.6332    -1.5338
started                   -2.5536     1.9009
seeing                    -0.3184    -0.0588
the                       -0.1448     0.2273
promos                     1.5384    -1.9461
on                         1.0561    -1.1061
e                         -2.5214     3.4740
ve                         2.1205    -1.8251
been                      -1.4823     1.4893
fascinated                 6.4877    -6.4731
with                       0.8853    -0.8388
ghosts                     2.0328    -2.8417
and                        3.4509    -3.5237
the                       -0.1448     0.2273
paranormal                 0.4425    -0.6541
since                      4.4350    -4.3165
was                       -0.7882     0.7741
kid                       -1.6650     2.6543
and                        3.4509    -3.5237
love                      11.2781   -11.6191
catching                  -1.2209     0.2647
ghost                     -2.9827     3.0122
hunters                   -6.6093     6.9982
--------------------------------------------
Avg logits : pos=0.8080  neg=-0.8282
Softmax    : pos=0.8370  neg=0.1630
Predicted  : positive    True: negative
Epoch [9/10] Step  8400 | Train Loss 0.4933 Acc 0.785 | Test  Loss 0.4273 Acc 0.831

Word                    Pos logit  Neg logit
--------------------------------------------
once                       3.9788    -3.6893
again                      1.1644    -1.2853
the                       -0.0288     0.0656
posters                   -1.2280     1.6492
lied                       0.1168    -0.0442
to                         0.3028    -0.5058
me                         0.6385    -0.8398
br                        -1.0013     1.5269
br                        -1.0013     1.5269
the                       -0.0288     0.0656
marketing                 -4.3644     5.6803
of                         0.6506    -0.5767
this                       0.1164    -0.1107
flick                     -3.6512     3.6248
was                       -0.5946     0.5182
deeply                     4.0124    -4.2848
at                         0.4041    -0.3600
odds                       3.2677    -4.2133
with                       1.0025    -0.9730
the                       -0.0288     0.0656
content                   -1.8364     2.4846
explosive                  4.1108    -3.5452
when                       1.8915    -1.7741
read                      -0.8292     1.1026
the                       -0.0288     0.0656
synopsis                  -7.7178     6.3054
for                        0.2719    -0.2840
this                       0.1164    -0.1107
movie                     -0.7091     1.0134
was                       -0.5946     0.5182
--------------------------------------------
Avg logits : pos=-0.0532  neg=0.1205
Softmax    : pos=0.4567  neg=0.5433
Predicted  : negative    True: negative
Epoch [10/10] Step  8450 | Train Loss 0.5350 Acc 0.819 | Test  Loss 0.4214 Acc 0.766

Word                    Pos logit  Neg logit
--------------------------------------------
to                         0.3039    -0.5026
be                        -1.5807     1.6014
clear                    -12.2481    10.6404
from                       1.1715    -1.1908
the                        0.0170     0.0103
get                        0.3389    -0.2918
go                        -0.5208     0.4810
the                        0.0170     0.0103
bagman                    -7.1254     6.0500
is                         3.2996    -3.1808
very                       5.2974    -4.6565
very                       5.2974    -4.6565
very                       5.2974    -4.6565
bad                      -36.3169    30.8878
it                         3.9610    -4.0231
suffers                  -31.8942    25.6768
terribly                 -61.1118    50.9058
in                         1.0416    -1.3482
almost                    -1.1405     0.0290
every                      1.4044    -1.4528
aspect                     0.0705     0.1963
except                    -0.4883     0.3043
for                        0.3064    -0.3222
one                        1.4925    -1.4784
the                        0.0170     0.0103
finished                 -14.0363     9.6476
product                   -1.9936     2.3224
is                         3.2996    -3.1808
such                      -0.1792     0.3120
an                         0.1125    -0.1664
--------------------------------------------
Avg logits : pos=-4.5297  neg=3.5993
Softmax    : pos=0.0003  neg=0.9997
Predicted  : negative    True: negative
Epoch [10/10] Step  8500 | Train Loss 0.3532 Acc 0.905 | Test  Loss 0.3160 Acc 0.853

Word                    Pos logit  Neg logit
--------------------------------------------
you                        2.9815    -3.1271
think                      1.3840    -1.6109
that                       0.0734    -0.0478
with                       0.8055    -0.7309
ingrid                    -1.9737     4.2452
bergman                    3.0854    -4.2298
and                        3.9926    -4.0927
warner                     4.7398    -5.4708
baxter                     4.5481    -5.2990
that                       0.0734    -0.0478
this                       0.1506    -0.2036
film                       1.7448    -2.1709
would                     -5.0290     4.7517
have                      -5.0538     4.8867
been                      -2.1835     2.1320
lot                        0.7180    -0.6141
better                     2.1405    -2.1061
sadly                    -20.4725    17.6346
the                       -0.1447     0.2320
film                       1.7448    -2.1709
suffers                  -29.9376    23.9020
from                       1.0813    -1.1010
difficult                  1.6104    -1.5519
to                         0.3225    -0.5224
believe                   -2.7813     2.4979
characters                -0.9229     1.5403
as                         1.4072    -1.3977
well                       4.0127    -4.1235
as                         1.4072    -1.3977
major                      0.5790    -0.6984
--------------------------------------------
Avg logits : pos=-0.9965  neg=0.6369
Softmax    : pos=0.1634  neg=0.8366
Predicted  : negative    True: negative
Epoch [10/10] Step  8550 | Train Loss 0.3656 Acc 0.847 | Test  Loss 0.3360 Acc 0.846

Word                    Pos logit  Neg logit
--------------------------------------------
without                   -1.9414     1.0607
doubt                     -4.4648     3.6479
monkeys                    0.2309     0.8528
is                         3.4415    -3.3076
one                        1.5955    -1.6633
of                         0.5598    -0.4922
the                       -0.0733     0.1249
best                      20.4286   -19.8870
films                      3.2462    -4.0478
of                         0.5598    -0.4922
the                       -0.0733     0.1249
sci                        1.5113    -1.3138
fi                         1.0482    -0.4630
genre                      5.3471    -5.7151
and                        3.8407    -3.9349
director                  -2.6240     4.3813
terry                      5.4244    -6.6827
gilliam                    7.8040    -9.4268
is                         3.4415    -3.3076
no                       -11.3568     9.7888
stranger                  -2.0081     2.3717
at                         0.4034    -0.3582
pulling                   -1.3328     0.9651
off                       -5.3087     4.5580
such                      -0.0993     0.2437
cinematic                  5.0362    -4.8392
originality                8.0735    -7.0981
an                         0.0414    -0.0705
apocalyptic               -0.5330    -0.1875
film                       2.1048    -2.8465
--------------------------------------------
Avg logits : pos=1.4774  neg=-1.6005
Softmax    : pos=0.9560  neg=0.0440
Predicted  : positive    True: positive
Epoch [10/10] Step  8600 | Train Loss 0.2918 Acc 0.824 | Test  Loss 0.3784 Acc 0.894

Word                    Pos logit  Neg logit
--------------------------------------------
i                          1.7884    -1.6792
just                      -4.1086     3.3438
saw                       -0.1609     0.1001
this                       0.1178    -0.0933
movie                     -0.7416     1.0053
last                       1.5713    -1.2568
night                      0.7343    -0.6547
and                        3.6886    -3.7614
being                     -0.5983     0.5282
someone                  -11.1786     9.8434
who                        3.9254    -4.4100
had                       -4.3354     3.8653
very                       5.5508    -4.9458
low                      -13.4548    12.3246
expectations               2.5398    -2.5885
to                         0.3130    -0.5118
begin                     -3.6043     2.2147
with                       0.9058    -0.8195
was                       -0.8369     0.8234
still                      6.3775    -5.8681
disappointed             -33.1073    28.7960
the                       -0.0901     0.1515
most                       9.4940    -9.1686
glaring                  -21.3992    17.1780
error                     -9.5685     8.7040
in                         0.8281    -1.1255
this                       0.1178    -0.0933
abomination              -29.1644    22.7213
of                         0.5410    -0.4855
movie                     -0.7416     1.0053
--------------------------------------------
Avg logits : pos=-3.1532  neg=2.5048
Softmax    : pos=0.0035  neg=0.9965
Predicted  : negative    True: negative
Epoch [10/10] Step  8650 | Train Loss 0.3821 Acc 0.874 | Test  Loss 0.3665 Acc 0.854

Word                    Pos logit  Neg logit
--------------------------------------------
humphrey                   3.9432    -5.1133
bogart                     3.6814    -4.2071
in                         0.6661    -0.9917
his                        0.3797    -0.6326
first                      0.5040    -1.0115
starring                  -0.7232     1.9580
role                       0.0812    -0.2664
looks                     -8.7189     7.2121
very                       5.8675    -5.2012
young                     -0.0018    -0.0287
acts                      -2.2213     2.6794
well                       4.0971    -4.2122
but                        0.3385    -0.2938
has                        3.3082    -2.8713
pronounced                 1.9615    -1.8604
lisp                     -12.6519    10.1936
only                      -5.8085     5.0438
hinted                     1.5019    -1.3211
at                         0.3485    -0.3066
later                      0.9869    -1.4349
in                         0.6661    -0.9917
his                        0.3797    -0.6326
career                     4.4723    -4.6854
still                      6.4302    -5.9199
he                         0.2960    -0.4903
very                       5.8675    -5.2012
good                       8.1490    -7.8786
and                        3.5850    -3.6303
very                       5.8675    -5.2012
appealing                  5.0767    -4.5437
--------------------------------------------
Avg logits : pos=1.2777  neg=-1.3947
Softmax    : pos=0.9354  neg=0.0646
Predicted  : positive    True: positive
Epoch [10/10] Step  8700 | Train Loss 0.3395 Acc 0.849 | Test  Loss 0.2503 Acc 0.921

Word                    Pos logit  Neg logit
--------------------------------------------
bluff                     -1.5788     2.9703
has                        3.1586    -2.7300
been                      -2.3372     2.2949
showing                    3.7307    -3.3848
for                        0.3018    -0.3486
good                       7.3428    -7.0727
few                       -0.5893     0.0169
months                     4.1291    -4.2105
at                         0.3603    -0.3257
movie                     -0.6085     0.9464
theatres                   6.2871    -6.1316
in                         0.8134    -1.0865
bogota                     4.5453    -4.7857
and                        3.0250    -3.0312
today                      2.4594    -2.1909
finally                    2.7550    -2.6337
got                        4.0698    -3.7918
round                      1.9710    -2.6276
to                         0.2743    -0.4585
seeing                     0.2206    -0.4279
it                         4.0592    -4.1088
didn                      -4.7716     5.7858
really                     4.7867    -4.7423
know                       1.0311    -1.0186
what                       0.2416    -0.2296
to                         0.2743    -0.4585
expect                     0.8281    -1.0994
at                         0.3603    -0.3257
all                        0.9690    -0.9338
but                        0.3665    -0.3085
--------------------------------------------
Avg logits : pos=1.6159  neg=-1.5483
Softmax    : pos=0.9595  neg=0.0405
Predicted  : positive    True: positive
Epoch [10/10] Step  8750 | Train Loss 0.4311 Acc 0.838 | Test  Loss 0.2331 Acc 0.934

Word                    Pos logit  Neg logit
--------------------------------------------
if                        -3.6044     2.6296
he                         0.5667    -0.7518
wanted                    -4.6558     3.5806
to                         0.3076    -0.4861
be                        -1.9669     1.9663
accurate                   8.5052    -6.9698
he                         0.5667    -0.7518
should                    -2.9888     2.9253
have                      -5.0066     4.8009
chosen                    -0.4689     1.3467
some                      -0.8404     0.5835
frisco                     2.1247    -1.9080
natives                   -2.3847     3.3238
and                        3.4299    -3.4692
not                       -3.0801     2.9152
bunch                    -11.8881     9.2309
of                         0.6933    -0.6536
ny                         5.5139    -5.1569
actors                    -5.0177     6.6576
who                        3.4115    -3.7065
know                       1.0827    -1.0962
nothing                  -21.8731    18.0700
about                      0.3858    -0.3261
the                        0.0097     0.0269
sucka                      0.4106    -0.1356
free                      -2.4756     2.2211
not                       -3.0801     2.9152
sucker                    -0.7724     1.1275
free                      -2.4756     2.2211
ve                         1.7552    -1.3977
--------------------------------------------
Avg logits : pos=-1.4605  neg=1.3244
Softmax    : pos=0.0581  neg=0.9419
Predicted  : negative    True: negative
Epoch [10/10] Step  8800 | Train Loss 0.2603 Acc 0.901 | Test  Loss 0.4047 Acc 0.812

Word                    Pos logit  Neg logit
--------------------------------------------
as                         1.2919    -1.2501
good                       7.8595    -7.6080
an                         0.1258    -0.1585
advert                    -5.8270     4.2082
for                        0.2941    -0.3162
republicanism              2.2680    -2.2152
as                         1.2919    -1.2501
you                        3.5861    -3.8145
re                        -0.5277     0.7819
ever                       5.7393    -5.5077
likely                    -6.8995     5.6627
to                         0.3316    -0.5170
see                        0.8286    -0.8736
mayerling                  9.1789    -8.6236
is                         3.4493    -3.2741
an                         0.1258    -0.1585
everyday                   3.9066    -4.2030
story                      1.3819    -1.3431
of                         0.7534    -0.6781
royal                      8.9288    -7.9104
folk                       5.7484    -5.3863
in                         1.1578    -1.4233
late                       2.3879    -2.8163
nineteenth                 2.6298    -3.2624
century                    2.4301    -2.8561
austria                    4.9140    -5.4497
set                       -0.5007     0.7496
during                     1.5258    -1.9247
one                        1.9116    -1.8647
of                         0.7534    -0.6781
--------------------------------------------
Avg logits : pos=2.0348  neg=-2.1320
Softmax    : pos=0.9847  neg=0.0153
Predicted  : positive    True: negative
Epoch [10/10] Step  8850 | Train Loss 0.2421 Acc 0.934 | Test  Loss 0.3158 Acc 0.862

Word                    Pos logit  Neg logit
--------------------------------------------
great                     22.9865   -21.1891
story                      1.6561    -1.5804
and                        3.4811    -3.5205
great                     22.9865   -21.1891
lead                      -4.4914     3.1440
actors                    -5.6403     7.3107
quaid                     -0.8085     0.1827
and                        3.4811    -3.5205
ryan                       2.6610    -3.2313
but                        0.6274    -0.6409
the                        0.0276     0.0319
movie                     -1.3020     1.2523
suffers                  -32.1506    26.0031
from                       1.4193    -1.3984
bad                      -36.7503    31.2484
directing                -10.4091     9.8192
bad                      -36.7503    31.2484
screenplay               -13.0108    13.3071
and                        3.4811    -3.5205
bad                      -36.7503    31.2484
script                   -27.3886    23.9025
the                        0.0276     0.0319
lead                      -4.4914     3.1440
actors                    -5.6403     7.3107
do                        -0.7494     0.6989
their                      1.8766    -1.7333
part                       0.8538    -0.9909
but                        0.6274    -0.6409
could                    -10.4595     8.9803
not                       -3.1399     2.9123
--------------------------------------------
Avg logits : pos=-5.4580  neg=4.6207
Softmax    : pos=0.0000  neg=1.0000
Predicted  : negative    True: negative
Epoch [10/10] Step  8900 | Train Loss 0.2884 Acc 0.900 | Test  Loss 0.4571 Acc 0.847

Word                    Pos logit  Neg logit
--------------------------------------------
valentine                  0.9097    -0.9557
dogkiller                 -0.0443     0.0839
dussaut                   -0.0443     0.0839
and                        3.1866    -3.2193
joe                        2.0087    -2.6932
the                        0.1550    -0.1198
judge                      5.3592    -4.6223
kern                       0.7646    -0.9590
join                      -4.3184     3.1359
forces                     0.0709    -0.0802
to                         0.4691    -0.6959
clean                      6.6834    -8.0072
up                         0.5054    -0.4358
the                        0.1550    -0.1198
mean                      -5.8577     4.4938
streets                   10.9744   -10.8456
of                         0.7792    -0.7111
geneva                     6.3668    -5.3510
thrill                    15.7259   -14.9059
as                         1.1863    -1.1099
they                      -1.9191     1.7592
put                       -3.8874     3.4280
the                        0.1550    -0.1198
kibosh                     5.0269    -4.2818
on                         0.9593    -1.0476
international              0.6204    -0.3036
heroin                     6.6540    -7.5332
smugglers                 -1.9711     3.5793
polish                    -1.1837     0.8750
fugitives                  4.9923    -4.4472
--------------------------------------------
Avg logits : pos=1.8161  neg=-1.8375
Softmax    : pos=0.9748  neg=0.0252
Predicted  : positive    True: positive
Epoch [10/10] Step  8950 | Train Loss 0.3834 Acc 0.796 | Test  Loss 0.3291 Acc 0.919

Word                    Pos logit  Neg logit
--------------------------------------------
it                         4.9320    -4.9029
utterly                  -18.6828    13.9086
pointless                -53.8480    44.9012
to                         0.4623    -0.6597
rate                       0.3461    -0.7093
this                       0.1940    -0.2685
film                       1.6755    -2.0485
it                         4.9320    -4.9029
as                         1.5649    -1.5240
if                        -4.3788     3.1695
you                        3.4827    -3.7549
would                     -6.6415     6.0518
condemn                   -0.6366     0.0011
or                        -1.0437     0.8049
praise                     7.2336    -6.8531
the                        0.1069    -0.0829
newly                      0.8597    -1.0188
born                       1.4152    -2.2185
for                        0.4318    -0.4358
his                        0.7367    -1.0206
future                     3.8841    -4.1376
life                      10.8131   -10.4794
instead                   -5.5972     4.5869
look                       0.5660    -0.6360
at                         0.4577    -0.4484
it                         4.9320    -4.9029
as                         1.5649    -1.5240
powerful                  14.8804   -14.3994
meditation                11.7914   -10.9482
at                         0.4577    -0.4484
--------------------------------------------
Avg logits : pos=-0.4369  neg=-0.1634
Softmax    : pos=0.4320  neg=0.5680
Predicted  : negative    True: positive
Epoch [10/10] Step  9000 | Train Loss 0.3354 Acc 0.874 | Test  Loss 0.3691 Acc 0.809

Word                    Pos logit  Neg logit
--------------------------------------------
i                          2.3739    -2.3622
was                       -0.6120     0.5618
fortunate                 11.2236   -10.9574
enough                   -12.7703    10.8753
to                         0.4893    -0.7144
see                        1.2189    -1.2328
the                        0.0637    -0.0446
last                       2.1394    -1.7776
stop                       0.3156    -0.6620
here                       0.5816    -0.3157
where                      0.4587    -0.4102
live                       3.1943    -3.0386
at                         0.4800    -0.4706
the                        0.0637    -0.0446
moving                    -0.6790     0.0536
pictures                  -0.9510     1.9923
film                       1.3049    -1.4636
festival                   9.2203    -8.7741
for                        0.4547    -0.4486
those                      1.5587    -1.7298
of                         0.8669    -0.7831
you                        4.0506    -4.3478
that                       0.2027    -0.1601
don                       -2.0171     2.8931
know                       0.8837    -0.9207
the                        0.0637    -0.0446
moving                    -0.6790     0.0536
pictures                  -0.9510     1.9923
film                       1.3049    -1.4636
festival                   9.2203    -8.7741
--------------------------------------------
Avg logits : pos=1.1025  neg=-1.0840
Softmax    : pos=0.8990  neg=0.1010
Predicted  : positive    True: positive
Epoch [10/10] Step  9050 | Train Loss 0.3097 Acc 0.874 | Test  Loss 0.2582 Acc 0.862

Word                    Pos logit  Neg logit
--------------------------------------------
a                          0.2478    -0.9152
large                     -2.7390     2.6459
bed                        4.3267    -5.6110
possessed                  2.1966    -1.4982
by                        -0.2982     0.4464
demon                     -5.9742     4.1014
eats                       8.5842   -10.0938
people                     5.3868    -5.1578
among                      2.7894    -2.7643
other                      2.1856    -2.0969
things                    -0.1439     0.1380
m                         -2.2519     3.2937
not                       -2.6205     2.5354
making                    -8.2414     6.7674
this                       0.0819    -0.0581
up                         0.1860    -0.1137
br                        -1.2258     1.8423
br                        -1.2258     1.8423
completed                 -1.5637     1.1580
in                         1.3178    -1.5938
and                        3.6273    -3.6997
not                       -2.6205     2.5354
officially                 2.6207    -3.0067
released                   8.0452    -7.8080
until                      6.2103    -5.8308
it                         4.7650    -4.7974
came                       0.3163    -0.3391
to                         0.3639    -0.5702
dvd                        8.1990    -8.5181
in                         1.3178    -1.5938
--------------------------------------------
Avg logits : pos=1.1288  neg=-1.2920
Softmax    : pos=0.9184  neg=0.0816
Predicted  : positive    True: positive
Epoch [10/10] Step  9100 | Train Loss 0.2516 Acc 0.923 | Test  Loss 0.3485 Acc 0.872

Word                    Pos logit  Neg logit
--------------------------------------------
i                          2.2405    -2.1444
have                      -3.6183     3.6571
been                      -1.1911     1.2978
watching                  -5.8786     5.3423
king                       1.6308    -1.9128
of                         0.8848    -0.7803
queens                     7.5406    -7.3388
from                       1.2650    -1.2847
the                       -0.0143     0.0454
beginning                  2.1096    -2.2997
and                        3.9099    -4.0011
have                      -3.6183     3.6571
felt                       2.2819    -2.1568
it                         4.2749    -4.3462
is                         3.5333    -3.3704
overlooked               -13.2055    11.4870
at                         0.4304    -0.4105
the                       -0.0143     0.0454
award                      0.1735    -0.5475
shows                      4.4320    -4.2405
this                       0.1098    -0.0814
show                       2.2067    -2.1618
has                        3.4102    -3.0258
the                       -0.0143     0.0454
best                      18.7766   -18.1847
humor                      8.3662    -8.7807
you                        3.5952    -3.8963
can                       -0.2682     0.8454
identify                  -1.1114     1.4681
with                       0.9920    -0.9417
--------------------------------------------
Avg logits : pos=1.4410  neg=-1.4672
Softmax    : pos=0.9482  neg=0.0518
Predicted  : positive    True: positive
Epoch [10/10] Step  9150 | Train Loss 0.2084 Acc 0.925 | Test  Loss 0.3083 Acc 0.849

Word                    Pos logit  Neg logit
--------------------------------------------
this                       0.0974    -0.0696
episode                   11.6859   -11.1498
was                       -0.6698     0.6509
boring                   -66.5039    55.6059
and                        3.6533    -3.7341
was                       -0.6698     0.6509
not                       -1.7956     1.8314
even                      -3.0313     2.5745
in                         1.0179    -1.2929
the                       -0.0862     0.1443
realm                      6.1545    -6.4452
of                         0.7019    -0.6070
horror                     1.9125    -3.4810
so                        -0.0155    -0.0486
far                       -3.7322     3.3435
this                       0.0974    -0.0696
season                     5.4058    -4.8622
masters                    3.3551    -4.5818
of                         0.7019    -0.6070
horror                     1.9125    -3.4810
has                        3.4991    -3.0827
produced                  -0.6217     0.7028
one                        2.0380    -2.0264
really                     5.1085    -4.9334
good                       7.6619    -7.3549
episode                   11.6859   -11.1498
the                       -0.0862     0.1443
damned                    -2.2550     1.6280
thing                    -12.8378    10.6275
it                         4.4143    -4.4895
--------------------------------------------
Avg logits : pos=-0.7067  neg=0.1479
Softmax    : pos=0.2985  neg=0.7015
Predicted  : negative    True: negative
Epoch [10/10] Step  9200 | Train Loss 0.5584 Acc 0.786 | Test  Loss 0.3214 Acc 0.845

Word                    Pos logit  Neg logit
--------------------------------------------
as                         1.4690    -1.4566
watched                   -4.6956     3.9961
this                       0.0991    -0.0613
movie                     -0.9591     1.5195
and                        3.5478    -3.6346
began                      1.0235    -0.9206
to                         0.3802    -0.5918
see                        0.9389    -0.9796
its                        4.6432    -4.3460
characters                -1.1392     1.8354
develop                    0.2386     0.2648
could                     -7.0276     6.1481
feel                       5.7340    -5.7959
this                       0.0991    -0.0613
would                     -4.0209     3.8811
be                        -1.2630     1.2905
an                         0.1333    -0.1584
excellent                 38.9299   -36.3294
picture                   -1.6331     1.7621
when                       2.0779    -1.9679
you                        3.1661    -3.3514
get                        0.6188    -0.5919
that                       0.1291    -0.0776
feeling                    7.4687    -7.2080
and                        3.5478    -3.6346
the                        0.0161     0.0057
movie                     -0.9591     1.5195
indeed                     0.4619    -0.7243
fills                      4.0353    -3.9550
those                      1.1997    -1.3470
--------------------------------------------
Avg logits : pos=1.9420  neg=-1.8323
Softmax    : pos=0.9776  neg=0.0224
Predicted  : positive    True: positive
Epoch [10/10] Step  9250 | Train Loss 0.3442 Acc 0.814 | Test  Loss 0.4733 Acc 0.769

Word                    Pos logit  Neg logit
--------------------------------------------
please                    -0.1165     0.7868
don                       -1.9730     2.8029
waste                    -58.1514    49.3028
your                       2.4775    -2.1972
money                    -14.1985    11.8459
on                         1.0079    -1.0646
this                       0.1155    -0.0977
sorry                    -45.6112    38.3625
excuse                   -28.9186    24.5973
for                        0.3415    -0.3330
motion                     1.1077    -0.0974
picture                   -0.9674     1.0248
the                        0.0380    -0.0139
only                      -5.3094     4.5938
way                        1.3469    -1.3611
could                     -8.7687     7.5958
see                        1.0812    -1.1152
someone                  -12.8238    11.3996
watching                  -7.8325     6.9621
this                       0.1155    -0.0977
is                         3.3602    -3.2662
if                        -3.9995     2.9599
they                      -2.3547     2.1319
are                       -0.8797     1.2937
die                       -5.3172     2.6732
hard                       1.2789    -1.7813
fan                       -0.6282     0.8420
of                         0.7381    -0.6637
erika                      0.2599     0.0413
elaniak                   -0.0181     0.0514
--------------------------------------------
Avg logits : pos=-6.1533  neg=5.2393
Softmax    : pos=0.0000  neg=1.0000
Predicted  : negative    True: negative
Epoch [10/10] Step  9300 | Train Loss 0.2767 Acc 0.878 | Test  Loss 0.4566 Acc 0.754

Word                    Pos logit  Neg logit
--------------------------------------------
the                        0.0712    -0.0409
best                      20.2622   -19.7341
part                       0.6635    -0.7657
about                      0.4635    -0.3670
this                       0.0867    -0.0169
movie                     -1.0960     1.7586
is                         3.1320    -3.0422
that                       0.1994    -0.1068
you                        3.4448    -3.6714
can                       -0.1766     0.7478
watch                      2.8707    -2.4872
it                         4.4621    -4.5243
over                       0.2984    -0.1904
and                        3.8097    -3.8972
over                       0.2984    -0.1904
again                      1.3519    -1.4109
still                      6.5275    -6.0325
not                       -2.0411     2.0445
be                        -1.2962     1.3006
content                   -2.5083     3.3426
of                         0.6323    -0.5547
watching                  -6.4745     5.9261
it                         4.4621    -4.5243
have                      -3.3972     3.5054
watched                   -4.2986     3.5741
this                       0.0867    -0.0169
movie                     -1.0960     1.7586
least                    -17.3508    14.0874
times                      4.8291    -4.8419
over                       0.2984    -0.1904
--------------------------------------------
Avg logits : pos=0.6172  neg=-0.6187
Softmax    : pos=0.7748  neg=0.2252
Predicted  : positive    True: positive
Epoch [10/10] Step  9350 | Train Loss 0.3167 Acc 0.844 | Test  Loss 0.3008 Acc 0.851

Word                    Pos logit  Neg logit
--------------------------------------------
you                        3.5208    -3.7726
thought                   -0.0439    -0.2807
after                      0.7117    -1.1781
traumschiff               -0.0276     0.0623
surprise                  11.9126   -10.4007
that                       0.2123    -0.1169
german                     0.1913    -0.5035
comedy                     2.6424    -3.5272
can                       -0.1839     0.7522
get                        1.0938    -1.0775
worse                    -43.3509    35.2325
it                         4.2900    -4.3478
can                       -0.1839     0.7522
this                       0.1914    -0.1692
comedy                     2.6424    -3.5272
is                         2.8050    -2.7549
yet                        0.7836    -0.6882
another                   -3.6256     2.9696
attempt                  -26.2636    22.4049
at                         0.4507    -0.4124
perpetuating              -4.8146     3.1299
stereotypes               -0.1595    -0.1735
of                         0.6267    -0.5679
gay                       -5.8648     5.4444
men                        0.0333    -0.3232
masked                    -5.1495     5.9468
as                         1.3109    -1.2647
nice                      15.5804   -13.7261
comedy                     2.6424    -3.5272
the                        0.0899    -0.0874
--------------------------------------------
Avg logits : pos=-1.2645  neg=0.8089
Softmax    : pos=0.1117  neg=0.8883
Predicted  : negative    True: negative

=== Training MLP_with_atten_h64 ===
Epoch [1/10] Step    50 | Train Loss 0.6783 Acc 0.709 | Test  Loss 0.7518 Acc 0.475

Word                    Pos logit  Neg logit
--------------------------------------------
a                         -0.0805    -0.0186
solid                     -0.0798    -0.0208
movie                     -0.0072    -0.0506
br                        -0.0119    -0.0807
br                         0.0040    -0.0708
like                      -0.0234    -0.0304
jake                      -0.0190    -0.0239
weber                      0.0216    -0.0220
his                        0.0623    -0.0628
understated                0.1117    -0.0908
delivery                   0.1542    -0.1195
is                         0.1799    -0.1199
refreshing                 0.1902    -0.1347
in                         0.1448    -0.1190
time                       0.2030    -0.1378
of                         0.1757    -0.1735
over                       0.2073    -0.2368
the                        0.2395    -0.2644
top                        0.2069    -0.2923
performances               0.1680    -0.2778
liked                      0.1625    -0.2824
the                        0.1620    -0.2726
relationship               0.1750    -0.2916
between                    0.1558    -0.2922
the                        0.1451    -0.3034
father                     0.1001    -0.2632
and                        0.1299    -0.2723
son                        0.1300    -0.2726
liked                      0.0741    -0.2353
the                        0.0554    -0.2035
--------------------------------------------
Avg logits : pos=0.1046  neg=-0.1679
Softmax    : pos=0.5677  neg=0.4323
Predicted  : positive    True: positive
Epoch [1/10] Step   100 | Train Loss 0.5924 Acc 0.723 | Test  Loss 0.6498 Acc 0.595

Word                    Pos logit  Neg logit
--------------------------------------------
the                       -0.0427    -0.1481
story                      0.0283    -0.1488
starts                     0.1457    -0.2295
off                       -0.6337     0.2914
in                         0.5681    -0.4240
the                        0.8117    -0.5992
home                       0.6913    -0.5070
of                         0.6230    -0.3998
little                     0.2392    -0.1571
girl                       1.2945    -0.7839
who                        1.6768    -1.1455
is                         1.6115    -1.0832
going                      1.2637    -0.8314
to                         1.3614    -0.9146
have                       1.5747    -1.0573
birthday                   1.7489    -1.2707
party                      1.3009    -0.9485
and                        1.5078    -1.1497
both                       1.8461    -1.4434
the                        1.8218    -1.4104
mother                     1.7130    -1.2799
and                        1.1304    -0.8038
father                     1.4286    -1.0093
seemed                     1.3532    -1.0181
to                         1.2553    -0.8696
act                        1.3121    -0.8598
rather                     1.2619    -0.8430
quiet                      1.3101    -0.8212
and                        1.1742    -0.7050
reserved                   1.0730    -0.6676
--------------------------------------------
Avg logits : pos=1.0817  neg=-0.7746
Softmax    : pos=0.8649  neg=0.1351
Predicted  : positive    True: negative
Epoch [1/10] Step   150 | Train Loss 0.6324 Acc 0.657 | Test  Loss 0.6435 Acc 0.719

Word                    Pos logit  Neg logit
--------------------------------------------
yes                       -5.8664     4.7067
dumb                      -5.8692     4.7493
is                        -5.8389     4.6923
the                       -5.5659     4.4637
word                      -5.8306     4.6675
for                       -5.3403     4.2951
this                      -5.5960     4.4823
actress                    0.0898    -0.3230
know                       1.9304    -1.4156
many                       2.2636    -1.6122
have                       2.1148    -1.4590
mentioned                  2.4928    -1.6795
her                        3.7878    -2.4938
beauty                     5.1803    -3.3711
but                        0.3835    -0.0901
this                       0.6731    -0.2516
viewer                     0.1777     0.1677
found                     -2.9207     2.1293
her                       -3.6642     2.6235
empty                     -4.1997     2.9640
headed                    -3.5376     2.5579
and                       -3.8744     2.7673
boring                    -4.2193     3.0124
to                        -2.9195     2.1315
watch                     -3.0511     2.2256
with                      -3.5962     2.5520
her                       -3.8462     2.7402
bleached                  -4.1757     2.9465
hair                      -0.9002     0.8367
lip                        0.2582     0.0483
--------------------------------------------
Avg logits : pos=-2.0487  neg=1.6355
Softmax    : pos=0.0245  neg=0.9755
Predicted  : negative    True: negative
Epoch [1/10] Step   200 | Train Loss 0.4199 Acc 0.838 | Test  Loss 0.4518 Acc 0.794

Word                    Pos logit  Neg logit
--------------------------------------------
this                       0.2596    -0.2475
movie                      0.2103    -0.2557
may                        0.1967    -0.2778
not                        0.1612    -0.2567
have                       0.1319    -0.2514
seemed                    -0.0183    -0.0220
like                      -0.1638     0.0844
much                      -0.2450     0.1543
to                        -0.2528     0.1683
some                      -0.2452     0.1596
people                    -0.2478     0.2389
but                       -0.1725     0.1029
it                        -0.0451     0.0382
had                        0.3392    -0.2756
everything                -0.1219     0.1024
look                      -0.4426     0.3403
for                        2.3549    -1.9077
in                         3.4210    -2.6677
comedy                     3.6463    -2.8765
fall                       3.1356    -2.4483
down                       3.5036    -2.7200
funny                      3.6185    -2.8420
moments                    3.6394    -2.8653
accompanied                3.4215    -2.6381
by                         2.6226    -2.0159
moment                     3.6335    -2.8400
or                         3.3372    -2.5903
two                        2.8567    -2.1253
of                         2.8073    -2.1221
seriously                  2.5347    -1.9164
--------------------------------------------
Avg logits : pos=1.4626  neg=-1.1591
Softmax    : pos=0.9322  neg=0.0678
Predicted  : positive    True: positive
Epoch [1/10] Step   250 | Train Loss 0.5495 Acc 0.811 | Test  Loss 0.3888 Acc 0.809

Word                    Pos logit  Neg logit
--------------------------------------------
regarded                   0.9504    -0.7003
as                         0.8288    -0.6234
another                    0.7922    -0.6026
one                        0.8514    -0.6679
of                         0.9302    -0.7137
the                        1.0230    -0.8076
recent                     0.9024    -0.7660
over                       0.8899    -0.7626
the                        0.8736    -0.7663
top                        0.7791    -0.7479
drama                      0.7693    -0.7336
brought                    0.7463    -0.7136
upon                       0.8634    -0.8348
us                         1.3534    -1.1733
by                         1.2868    -1.1230
hollywood                  1.1771    -1.0323
this                       1.0171    -0.8777
movie                     -0.5303     0.5145
excels                    -0.9067     0.8956
where                     -0.0768     0.0987
others                    -0.2230     0.2172
have                      -0.2853     0.2886
totally                   -1.2765     1.2169
failed                    -0.4573     0.5786
especially                -0.8543     1.0395
considering               -0.4458     0.5776
the                       -0.4941     0.6695
most                      -0.0584     0.4248
underrated                -0.7628     1.1471
performance                0.1457     0.3270
--------------------------------------------
Avg logits : pos=0.3270  neg=-0.1884
Softmax    : pos=0.6261  neg=0.3739
Predicted  : positive    True: positive
Epoch [1/10] Step   300 | Train Loss 0.4230 Acc 0.807 | Test  Loss 0.4066 Acc 0.762

Word                    Pos logit  Neg logit
--------------------------------------------
minutes                   -1.5193     1.1734
of                        -0.2397     0.1733
pure                      -0.7047     0.5180
holiday                   -0.2156     0.1223
terror                    -0.4767     0.3608
okay                      -2.5284     1.9496
so                        -1.3708     1.0746
it                        -1.4471     1.1327
not                       -1.3817     1.1000
that                      -1.5559     1.2652
scary                     -3.1809     2.5002
but                       -0.9988     0.7796
it                        -1.3126     1.0246
sure                      -1.5173     1.1718
is                        -1.2490     1.0021
fun                       -2.3607     1.8398
br                         1.3491    -1.0283
br                         1.3709    -1.0449
the                        1.6713    -1.3100
crypt                      2.0354    -1.6259
keeper                     2.4826    -1.9247
john                       1.6536    -1.4750
kassir                     1.2418    -1.1256
tales                      2.1465    -1.8047
tale                       2.3952    -1.9720
of                         1.7263    -1.4888
holiday                    2.9370    -2.3643
fear                       1.7572    -1.4853
giving                     1.8223    -1.5379
us                         1.7838    -1.4893
--------------------------------------------
Avg logits : pos=0.1438  neg=-0.1496
Softmax    : pos=0.5728  neg=0.4272
Predicted  : positive    True: positive
Epoch [1/10] Step   350 | Train Loss 0.4466 Acc 0.814 | Test  Loss 0.4647 Acc 0.777

Word                    Pos logit  Neg logit
--------------------------------------------
very                       1.0117    -0.8287
much                       1.0542    -0.8108
film                       1.6002    -0.9318
from                       1.0300    -0.9107
the                        1.2348    -0.9901
times                      0.7373    -0.5484
extremely                  0.3086     0.0395
long                      -3.3867     2.7822
sequences                 -4.7768     3.9086
with                      -3.3221     2.7373
no                        -4.0171     3.3157
dialogue                  -4.6450     3.8109
bad                       -5.3274     4.3692
flashbacks                -5.2080     4.2534
and                       -4.1291     3.3856
an                        -4.2893     3.5010
almost                    -4.5499     3.7273
entirely                  -5.1404     4.1854
male                       0.6103    -0.4380
cast                       0.3693    -0.2199
the                        0.3004    -0.1563
two                        0.2008    -0.0453
women                      0.2378    -0.0492
who                        0.5923    -0.3916
appear                     0.5535    -0.4394
have                       0.5659    -0.4651
total                      0.2441    -0.0508
of                         0.5646    -0.4038
under                      0.4952    -0.4074
lines                      0.5392    -0.4332
--------------------------------------------
Avg logits : pos=-1.2181  neg=1.0499
Softmax    : pos=0.0938  neg=0.9062
Predicted  : negative    True: negative
Epoch [1/10] Step   400 | Train Loss 0.2875 Acc 0.923 | Test  Loss 0.4741 Acc 0.805

Word                    Pos logit  Neg logit
--------------------------------------------
as                         0.1782    -0.0281
psychiatrist               0.2562    -0.1010
specialized                0.0361     0.1688
in                         3.1225    -2.3914
trauma                     2.6087    -1.9770
find                       2.2069    -1.6796
this                       3.3988    -2.6093
film                       3.0966    -2.3528
beautiful                  3.4342    -2.6062
shown                      2.2822    -1.6816
example                    1.3990    -1.0037
of                         1.5737    -1.1294
severe                     0.8535    -0.5212
psychic                    1.8117    -1.3118
trauma                    -0.9095     0.8624
even                      -0.5008     0.4992
trauma                    -1.0263     0.9577
it                        -0.5478     0.6252
not                        0.2397    -0.0496
only                       0.0650     0.0712
explains                   0.5055    -0.1461
the                        0.2667    -0.0312
enormous                   0.8385    -0.3416
difficulties               0.3889    -0.1192
those                     -0.1645     0.2125
people                    -0.0526     0.1950
have                      -0.3056     0.3488
to                        -0.4239     0.4281
cope                      -0.6695     0.5699
wither                    -0.7892     0.6599
--------------------------------------------
Avg logits : pos=0.7724  neg=-0.4827
Softmax    : pos=0.7782  neg=0.2218
Predicted  : positive    True: positive
Epoch [1/10] Step   450 | Train Loss 0.3920 Acc 0.810 | Test  Loss 0.5322 Acc 0.761

Word                    Pos logit  Neg logit
--------------------------------------------
once                       0.6954    -0.5572
year                       0.8563    -0.6881
comes                      0.9360    -0.7437
movie                      0.9670    -0.7859
like                       0.5839    -0.3925
that                       0.7339    -0.5391
and                        0.2286     0.0024
makes                      0.0641     0.2073
things                     0.1389     0.0498
easy                      -0.0591     0.3161
for                        0.0588     0.1230
you                       -0.0073     0.1993
you                       -0.1472     0.3038
don                       -0.2246     0.3936
have                      -0.2322     0.3226
make                      -0.3053     0.3260
an                        -0.4532     0.4778
effort                     0.5075    -0.2095
to                         0.5570    -0.2895
think                      0.5666    -0.1933
it                         0.9901    -0.4555
is                         2.1867    -1.2203
good                       3.6859    -2.4163
it                         2.9178    -1.8745
just                       2.3170    -1.4550
is                         4.1250    -2.7421
you                        2.6960    -1.7176
enjoy                      4.4641    -2.9824
it                         3.1294    -2.0990
while                      1.1784    -0.7448
--------------------------------------------
Avg logits : pos=1.1052  neg=-0.6462
Softmax    : pos=0.8521  neg=0.1479
Predicted  : positive    True: positive
Epoch [1/10] Step   500 | Train Loss 0.5640 Acc 0.781 | Test  Loss 0.5363 Acc 0.702

Word                    Pos logit  Neg logit
--------------------------------------------
what                      -0.0651     0.0675
are                       -0.0797     0.0830
people                    -0.1082     0.1333
on                        -0.1695     0.1587
here                      -0.2028     0.2043
talking                   -0.0613     0.0860
about                     -0.0207     0.0521
must                      -0.0348     0.0644
have                       0.0629    -0.0415
seen                      -0.0428     0.0830
different                 -0.1793     0.1626
movie                     -0.1719     0.1770
than                      -0.4863     0.4193
you                       -0.6067     0.5116
guys                      -0.5709     0.4801
was                       -0.5749     0.4742
so                        -0.7070     0.5673
bored                     -0.8591     0.7262
that                      -0.4832     0.3187
walked                    -0.6534     0.4793
out                       -0.4672     0.3140
of                        -0.5473     0.4013
the                       -0.5146     0.3555
theater                   -0.4036     0.3021
what                      -0.5300     0.3606
is                        -1.5763     1.2651
up                        -0.2031     0.0442
with                      -0.3496     0.1972
this                      -0.5979     0.4175
stuff                     -0.8239     0.6195
--------------------------------------------
Avg logits : pos=-0.4009  neg=0.3161
Softmax    : pos=0.3280  neg=0.6720
Predicted  : negative    True: negative
Epoch [1/10] Step   550 | Train Loss 0.3873 Acc 0.871 | Test  Loss 0.6446 Acc 0.665

Word                    Pos logit  Neg logit
--------------------------------------------
a                         -0.5554     0.5657
man                       -0.6476     0.7467
wakes                     -0.8467     0.9361
from                      -0.0461     0.1662
nightmare                 -1.2069     1.2985
about                     -0.3357     0.4400
bats                      -1.0405     1.0989
he                        -0.6272     0.6479
and                       -1.0264     1.0059
his                       -1.0695     1.0274
wife                      -0.4154     0.5015
go                        -0.1255     0.1730
out                        0.4471    -0.2066
into                       0.5036    -0.1440
the                        0.5168    -0.2178
desert                     0.8484    -0.3257
for                        0.6484    -0.3596
picnic                     1.1094    -0.5146
on                         1.0247    -0.6466
their                      0.9978    -0.5871
honeymoon                  1.2363    -0.6667
he                         0.9658    -0.5602
seems                      1.0686    -0.5473
to                         0.8732    -0.7035
hear                       1.0026    -0.7153
strange                    1.4369    -0.9164
noise                      0.6425    -0.5729
and                        0.7192    -0.6537
she                        0.6787    -0.5897
is                         0.8113    -0.6955
--------------------------------------------
Avg logits : pos=0.2529  neg=-0.0338
Softmax    : pos=0.5712  neg=0.4288
Predicted  : positive    True: negative
Epoch [1/10] Step   600 | Train Loss 0.5470 Acc 0.781 | Test  Loss 0.4746 Acc 0.808

Word                    Pos logit  Neg logit
--------------------------------------------
it                         0.3497    -0.3404
one                        0.5418    -0.5395
of                         0.7081    -0.6839
the                        0.4759    -0.3754
paradoxes                  0.3343    -0.1703
of                         0.3698    -0.3181
basil                      0.2389    -0.1120
rathbone                   0.2353    -0.1502
wartime                    0.1057     0.0101
anti                       0.6182    -0.5317
nazi                       0.5661    -0.4529
sherlock                  -0.0129     0.1870
holmes                     0.3671    -0.2072
films                     -0.1253     0.3670
voice                      0.3318    -0.3053
of                         0.7750    -0.7293
terror                     1.0853    -0.9925
sh                         1.0062    -0.7755
in                         1.0797    -0.9182
washington                 0.7845    -0.6518
and                        0.5631    -0.5096
this                       0.3544    -0.3139
one                        0.3914    -0.3915
that                       0.6281    -0.5783
while                      0.4422    -0.4332
the                        0.2437    -0.1576
plots                     -6.1148     5.2829
and                       -5.0436     4.3811
settings                  -5.6674     4.9027
are                       -4.4461     3.8981
--------------------------------------------
Avg logits : pos=-0.2938  neg=0.2797
Softmax    : pos=0.3604  neg=0.6396
Predicted  : negative    True: positive
Epoch [1/10] Step   650 | Train Loss 0.4198 Acc 0.832 | Test  Loss 0.5156 Acc 0.812

Word                    Pos logit  Neg logit
--------------------------------------------
dee                        0.2514    -0.2683
snider                     0.3581    -0.3741
was                        0.4706    -0.4734
inspired                   1.2151    -1.0847
to                         0.8163    -0.8010
do                         0.6803    -0.6770
two                        0.9855    -0.9717
part                       1.4777    -1.3350
song                       1.7316    -1.5186
by                         0.6586    -0.5985
horror                     0.6908    -0.5618
movie                      1.9516    -1.7219
this                       2.0207    -1.8233
movie                      2.0782    -1.8482
he                         0.9594    -1.0904
wrote                      1.1060    -1.1046
directed                   0.7851    -0.7411
produced                   0.7317    -0.6943
and                        0.9046    -0.9031
starred                    0.6333    -0.5994
in                         0.6326    -0.6886
details                    1.1734    -1.1432
the                        1.4773    -1.3757
subjects                   1.4023    -1.3025
from                       0.8534    -0.8556
those                      0.7551    -0.7387
songs                      2.8306    -2.4769
horror                     1.8092    -1.5274
terria                     0.4909    -0.3992
from                       0.2858    -0.1775
--------------------------------------------
Avg logits : pos=1.0739  neg=-0.9959
Softmax    : pos=0.8879  neg=0.1121
Predicted  : positive    True: positive
Epoch [1/10] Step   700 | Train Loss 0.5990 Acc 0.675 | Test  Loss 0.5679 Acc 0.737

Word                    Pos logit  Neg logit
--------------------------------------------
true                       1.0864    -0.8376
geek                       1.0082    -0.7868
girl                       1.1127    -0.8852
dream                      1.1696    -0.9316
high                       1.0083    -0.8339
tech                       1.2212    -0.9592
high                       1.0401    -0.8263
drama                      1.3802    -1.0498
smart                      1.6743    -1.2078
guys                       0.2062    -0.0362
steamy                     0.5963    -0.2773
sex                        0.7078    -0.3924
and                        0.0462     0.2373
large                     -0.0025     0.2689
explosions                -0.2200     0.4604
very                      -0.0339     0.3163
large                     -0.6634     0.8665
explosions                -0.4086     0.6675
sam                        0.4249    -0.0386
waterston                 -0.0864     0.3805
is                         0.6250    -0.0700
so                         0.9114    -0.4575
natural                    0.5751    -0.1103
in                         1.8214    -1.3347
the                        1.3974    -0.9961
role                       1.7246    -1.2085
of                         1.4012    -1.0340
oppenheimer                1.1553    -0.8411
that                       0.6404    -0.5925
tapes                      0.6168    -0.5776
--------------------------------------------
Avg logits : pos=0.7379  neg=-0.4362
Softmax    : pos=0.7639  neg=0.2361
Predicted  : positive    True: positive
Epoch [1/10] Step   750 | Train Loss 0.6372 Acc 0.649 | Test  Loss 0.4629 Acc 0.797

Word                    Pos logit  Neg logit
--------------------------------------------
i                         -0.0393    -0.0039
just                      -0.0480    -0.0063
saw                        0.1067    -0.1871
this                      -0.0712    -0.0185
film                      -0.2709     0.1508
first                      0.0667    -0.1974
saw                        0.0046    -0.1899
it                        -0.2275     0.0388
when                       0.0870    -0.2640
was                        0.2186    -0.2935
and                        0.2194    -0.2519
could                     -0.0529    -0.0581
just                       0.0904    -0.1162
about                      0.3114    -0.3190
remember                   0.6995    -0.6002
the                        0.5360    -0.4607
end                       -0.8266     0.5532
so                        -0.7305     0.4779
watched                   -1.3786     0.9403
it                        -1.5664     1.0995
like                      -0.9325     0.6270
minutes                   -3.6166     2.6724
ago                       -0.4506     0.2868
and                       -1.7634     1.2645
may                       -0.7104     0.4687
seem                      -1.8325     1.3842
like                      -1.3024     1.0396
baby                      -0.3169     0.3146
as                        -0.4614     0.4599
am                        -0.5076     0.5098
--------------------------------------------
Avg logits : pos=-0.4922  neg=0.3107
Softmax    : pos=0.3094  neg=0.6906
Predicted  : negative    True: positive
Epoch [1/10] Step   800 | Train Loss 0.5240 Acc 0.759 | Test  Loss 0.3394 Acc 0.784

Word                    Pos logit  Neg logit
--------------------------------------------
i                         -0.8769     0.7849
have                      -0.5430     0.4507
no                        -1.0699     0.9703
idea                      -0.7325     0.6407
as                        -1.7701     1.6063
to                        -0.4269     0.2514
which                     -1.1210     1.0047
audience                  -1.8795     1.7219
director                  -0.1652     0.1116
george                     0.2035    -0.2504
schlatter                  0.1331    -0.1443
hoped                      0.6389    -0.6996
to                         0.0747    -0.0697
sell                      -0.0656     0.0444
this                      -1.1989     1.2955
comedy                    -1.7207     1.9395
of                        -0.5653     0.7409
ills                      -0.3994     0.4923
with                      -0.8464     1.0290
redd                       0.1132     0.0531
foxx                      -1.1994     1.3711
in                        -0.1694     0.3190
the                       -0.6187     0.7668
central                   -0.1798     0.2791
role                      -0.9405     1.0593
and                       -0.5107     0.5746
enough                    -0.2897     0.3189
pimpy                      0.6349    -0.5895
outfits                   -0.0122     0.0516
and                       -0.2206     0.1996
--------------------------------------------
Avg logits : pos=-0.5241  neg=0.5441
Softmax    : pos=0.2557  neg=0.7443
Predicted  : negative    True: negative
Epoch [1/10] Step   850 | Train Loss 0.4922 Acc 0.757 | Test  Loss 0.3642 Acc 0.882

Word                    Pos logit  Neg logit
--------------------------------------------
my                         0.9699    -0.7576
mom                        0.8024    -0.6545
and                        0.8379    -0.6907
went                       0.4761    -0.4654
to                         0.7889    -0.7091
see                        0.9055    -0.7998
this                       0.5345    -0.4611
film                       0.4108    -0.2801
because                    0.7415    -0.6640
my                         0.8313    -0.6471
brother                    1.1325    -0.9066
is                         1.4826    -1.1253
serving                    1.2627    -1.0049
in                         1.2314    -0.9883
the                        1.6487    -1.3332
s                          1.3248    -1.1099
peace                      1.6649    -1.2632
corps                      1.5731    -1.2202
in                         1.3524    -1.1102
the                        1.3601    -1.0923
same                       1.4278    -1.1222
region                     0.4061    -0.2919
in                         0.6114    -0.5111
which                      0.4399    -0.3606
it                        -0.0901     0.0799
set                        0.1344    -0.1286
halfway                    0.0548    -0.0945
through                   -0.0102    -0.1196
the                       -0.1380    -0.0384
film                      -2.7261     2.3320
--------------------------------------------
Avg logits : pos=0.7147  neg=-0.5846
Softmax    : pos=0.7857  neg=0.2143
Predicted  : positive    True: negative
Epoch [1/10] Step   900 | Train Loss 0.4182 Acc 0.753 | Test  Loss 0.4762 Acc 0.751

Word                    Pos logit  Neg logit
--------------------------------------------
this                       6.3783    -4.6098
film                       6.6525    -4.7494
was                        3.0603    -2.0792
enjoyable                  6.6255    -4.7295
but                       -0.3907     0.3596
for                        0.3538    -0.2241
the                        2.1445    -1.3773
wrong                     -0.7597     0.9095
reasons                   -0.9433     0.8236
the                       -2.8247     2.3220
co                        -1.8299     1.4420
ordination                -1.2179     0.9116
of                        -8.5775     7.2041
the                       -8.5548     7.1839
action                    -4.4394     3.6864
sequences                -10.0678     8.5442
are                       -7.9773     6.7772
laughable                -10.2139     8.6676
and                       -8.5759     7.2849
make                      -4.4418     3.7245
the                       -8.4156     7.0910
film                     -10.2360     8.6448
have                      -4.0216     3.4250
some                       0.3511    -0.2468
funny                      2.2440    -1.6484
slap                       0.8615    -0.5684
stick                      0.8812    -0.5714
moments                    2.4052    -1.7925
robert                     0.9415    -0.7162
ginty                      3.3273    -2.4693
--------------------------------------------
Avg logits : pos=-1.9087  neg=1.7740
Softmax    : pos=0.0245  neg=0.9755
Predicted  : negative    True: positive
Epoch [2/10] Step   950 | Train Loss 0.3081 Acc 0.959 | Test  Loss 0.5497 Acc 0.750

Word                    Pos logit  Neg logit
--------------------------------------------
the                       -0.0178    -0.0015
power                     -0.1738     0.1024
started                   -0.0385     0.0038
off                        0.1845    -0.1883
looking                   -5.4566     4.3273
promising                 -3.2481     2.5453
but                       -3.5758     2.7806
soon                      -3.9605     3.0840
became                    -9.2879     7.4803
boring                    -9.1761     7.3406
and                       -8.3956     6.6876
tedious                   -9.0533     7.1849
to                        -4.3772     3.3877
watch                     -7.9132     6.2320
the                       -8.6632     6.8275
plot                      -7.6960     5.9326
is                        -8.0272     6.1730
about                      0.1348    -0.1686
an                         0.2407    -0.1007
ancient                   -0.6979     0.5683
aztec                     -0.2956     0.2902
doll                       0.1155    -0.0462
that                       0.5871    -0.4261
takes                     -0.9006     0.9137
possession                 0.1555    -0.1002
of                        -0.4800     0.4518
those                      0.7056    -0.5915
who                        0.6790    -0.5369
own                       -0.5902     1.1526
it                        -0.8872     1.5591
--------------------------------------------
Avg logits : pos=-3.0036  neg=2.4288
Softmax    : pos=0.0044  neg=0.9956
Predicted  : negative    True: negative
Epoch [2/10] Step  1000 | Train Loss 0.3764 Acc 0.816 | Test  Loss 0.4941 Acc 0.725

Word                    Pos logit  Neg logit
--------------------------------------------
the                        0.2486    -0.1815
only                       0.3947    -0.3670
other                      0.6414    -0.6192
review                     0.6187    -0.5867
of                         0.7546    -0.7120
this                       0.7139    -0.6663
movie                      0.8351    -0.7097
as                        -1.6482     1.5006
of                        -1.1740     1.0713
this                      -2.4914     2.3185
date                      -0.1542     0.1662
really                    -2.2033     2.1251
trashes                   -1.2390     1.1588
the                       -1.8692     1.7658
stars                     -1.4045     1.3057
and                       -0.8214     0.7395
the                       -1.3485     1.2562
movie                     -2.6917     2.4878
itself                     0.8758    -0.8365
usually                    0.8632    -0.8456
like                       0.6287    -0.5996
to                         0.5118    -0.5403
read                       0.3253    -0.3574
the                        0.2025    -0.1662
user                       0.0917    -0.0765
comments                   0.2300    -0.2537
to                         0.1989    -0.2221
give                       0.2986    -0.2962
me                         0.0672    -0.0823
an                        -0.0606     0.0503
--------------------------------------------
Avg logits : pos=-0.2868  neg=0.2609
Softmax    : pos=0.3664  neg=0.6336
Predicted  : negative    True: positive
Epoch [2/10] Step  1050 | Train Loss 0.4055 Acc 0.725 | Test  Loss 0.3843 Acc 0.770

Word                    Pos logit  Neg logit
--------------------------------------------
this                       0.2102    -0.0872
has                        0.6188    -0.4745
long                       0.9414    -0.6654
been                       0.8844    -0.7062
one                        1.4419    -1.0742
of                         1.5923    -1.1886
my                         2.2730    -1.5236
favourite                  2.2384    -1.6215
adaptations                1.9503    -1.4237
of                         1.8728    -1.6136
an                         2.4972    -1.8828
austen                     2.2862    -1.6921
novel                      1.6321    -1.1304
although                   0.9162    -0.9372
it                         0.3662    -0.3415
is                        -0.0259     0.1111
definitely                 0.2322    -0.2212
not                        0.4465    -0.4588
in                         0.3026    -0.3236
the                        2.9569    -2.2108
same                       2.5068    -1.9602
category                   5.4207    -3.9713
as                         4.6538    -3.4078
the                        4.5206    -3.3473
spectacular                6.7741    -4.8595
pride                      6.4051    -4.6035
and                        3.6606    -2.9040
prejudice                  2.7519    -2.1966
emma                       4.0266    -3.0004
is                         6.5774    -4.7829
--------------------------------------------
Avg logits : pos=2.4311  neg=-1.8166
Softmax    : pos=0.9859  neg=0.0141
Predicted  : positive    True: positive
Epoch [2/10] Step  1100 | Train Loss 0.3569 Acc 0.815 | Test  Loss 0.3807 Acc 0.854

Word                    Pos logit  Neg logit
--------------------------------------------
classic                    2.8407    -2.4737
author                     1.7354    -1.5122
s                          1.7755    -1.5986
lewis                      1.5415    -1.4350
once                       1.6824    -1.5781
wrote                      0.7155    -0.6792
an                        -1.2096     1.1005
essay                     -0.3604     0.3212
stating                   -0.0648     0.0447
that                       0.0830    -0.1025
no                        -0.8560     0.7605
children                  -0.1642     0.1128
story                     -1.3149     1.2216
is                        -2.8635     2.6330
worth                     -1.3518     1.2770
the                       -0.9593     0.9258
reading                    0.5110    -0.3778
viewing                    0.3433    -0.2273
etcetera                   0.1713    -0.0193
if                         0.9369    -0.6582
it                         6.8017    -5.2992
can                        2.0476    -1.5289
only                       2.5079    -1.8883
be                         1.3172    -0.9651
enjoyed                    8.3333    -6.4507
by                         2.5039    -1.8973
children                   1.3905    -1.1150
d                          1.2111    -0.9648
say                        1.2435    -1.0416
this                       7.6824    -5.9914
--------------------------------------------
Avg logits : pos=1.2744  neg=-0.9802
Softmax    : pos=0.9050  neg=0.0950
Predicted  : positive    True: negative
Epoch [2/10] Step  1150 | Train Loss 0.4331 Acc 0.840 | Test  Loss 0.4696 Acc 0.721

Word                    Pos logit  Neg logit
--------------------------------------------
i                         -0.4647     0.4143
did                       -0.2617     0.2338
not                       -0.1024     0.0991
know                       0.1264    -0.0893
for                        0.3210    -0.2442
some                       0.4383    -0.3432
time                       0.5532    -0.4244
in                         0.5737    -0.4482
my                         1.0152    -0.8018
youth                      0.8728    -0.7249
all                        0.7466    -0.5993
that                       0.8474    -0.6805
could                      0.6215    -0.4999
in                         0.6962    -0.5574
general                    0.2583    -0.1482
be                         0.4688    -0.4569
known                      0.2822    -0.2768
about                      0.5304    -0.4862
this                       0.7809    -0.6448
film                       0.3814    -0.2980
however                    0.8428    -0.8437
the                        0.7533    -0.6854
ways                       0.4160    -0.4804
of                         0.3148    -0.3345
making                     0.5235    -0.6313
film                      -0.7681     0.6964
was                        0.1723    -0.1435
not                        0.7162    -0.6739
what                       0.8211    -0.7190
in                         0.8131    -0.6701
--------------------------------------------
Avg logits : pos=0.4430  neg=-0.3821
Softmax    : pos=0.6953  neg=0.3047
Predicted  : positive    True: positive
Epoch [2/10] Step  1200 | Train Loss 0.3958 Acc 0.801 | Test  Loss 0.4731 Acc 0.769

Word                    Pos logit  Neg logit
--------------------------------------------
i                         -0.1728     0.1522
was                       -0.2132     0.2515
lucky                     -0.7215     0.7007
enough                    -0.4147     0.3570
to                        -0.0533    -0.0445
catch                     -0.3962     0.2589
this                      -1.1182     0.9609
film                      -1.1053     0.9210
finally                    0.6768    -0.7349
on                         1.1847    -1.2333
turner                     1.4474    -1.3777
classic                    3.3784    -2.8640
films                      3.2115    -2.6026
tonight                    2.8205    -2.4420
as                         2.8865    -2.4235
it                         3.4821    -2.9806
is                         3.9176    -3.3882
one                        2.2184    -1.8344
of                         2.0066    -1.6599
the                        1.6474    -1.4886
films                      1.6255    -1.3050
that                       1.7313    -1.5256
won                        1.9510    -1.5486
an                         2.4431    -1.8707
oscar                      1.4304    -1.2267
for                        1.5463    -1.3004
special                    1.4619    -1.1204
effects                    1.4824    -1.1671
in                         1.2183    -1.0007
their                      1.5274    -1.2244
--------------------------------------------
Avg logits : pos=1.3700  neg=-1.1587
Softmax    : pos=0.9261  neg=0.0739
Predicted  : positive    True: positive
Epoch [2/10] Step  1250 | Train Loss 0.3038 Acc 0.879 | Test  Loss 0.5148 Acc 0.729

Word                    Pos logit  Neg logit
--------------------------------------------
while                     -0.5920     0.5012
don                       -1.2537     1.1886
claim                     -0.6266     0.5627
to                        -0.6072     0.5943
be                        -0.8349     0.8283
any                       -0.6746     0.6642
sort                      -0.4020     0.4712
of                         0.0232     0.1219
expert                     0.9931    -0.7839
in                         0.5418    -0.3807
marine                     2.3189    -1.8074
life                       1.3743    -1.0520
must                       0.9096    -0.7493
say                        0.7852    -0.6215
anyone                     0.4021    -0.3327
with                       2.0840    -1.5342
modicum                    1.1654    -0.8957
of                         0.7459    -0.4913
intelligence              -0.6129     0.5398
could                     -0.7744     0.5977
not                       -0.1980     0.1012
possibly                  -0.5849     0.4465
buy                       -0.5447     0.3189
in                        -1.1814     0.8237
to                        -0.9699     0.6180
this                      -2.9493     2.1939
notion                    -1.3943     0.9737
of                        -2.4617     1.8993
whale                     -1.2559     0.8628
and                       -1.6053     1.1960
--------------------------------------------
Avg logits : pos=-0.2727  neg=0.2285
Softmax    : pos=0.3773  neg=0.6227
Predicted  : negative    True: negative
Epoch [2/10] Step  1300 | Train Loss 0.3825 Acc 0.791 | Test  Loss 0.2929 Acc 0.871

Word                    Pos logit  Neg logit
--------------------------------------------
first                     -0.7350     0.5758
off                       -0.5110     0.3481
would                     -0.4620     0.2957
like                      -0.5414     0.3360
to                        -0.4315     0.2081
say                       -0.3385     0.0725
that                      -0.2060    -0.0526
am                        -0.3384     0.0753
fan                        0.3769    -0.6144
of                         0.4082    -0.6253
chris                      0.5695    -0.7584
rock                       0.8428    -1.0229
like                       0.9422    -1.1311
his                        0.8353    -1.0283
other                      1.1502    -1.3159
movies                     0.2663    -0.3676
but                        0.9199    -1.0371
this                       1.1221    -1.0646
movie                      1.1835    -0.9991
is                         2.8909    -2.3670
just                       1.1129    -0.8442
like                      -0.6650     0.6053
my                        -1.3703     1.3364
summary                   -2.3874     2.0840
the                       -3.5614     3.1586
biggest                   -3.6155     3.1722
sack                      -5.8176     5.0304
of                        -3.9742     3.4972
crap                      -6.3615     5.4885
ever                      -3.2660     2.8528
--------------------------------------------
Avg logits : pos=-0.7321  neg=0.5303
Softmax    : pos=0.2206  neg=0.7794
Predicted  : negative    True: negative
Epoch [2/10] Step  1350 | Train Loss 0.2725 Acc 0.894 | Test  Loss 0.4234 Acc 0.774

Word                    Pos logit  Neg logit
--------------------------------------------
i                          0.0229    -0.0085
rented                     0.2642    -0.3007
this                       1.0208    -0.8083
movie                      1.4847    -1.1978
for                       -0.6191     0.4105
about                     -1.8775     1.4880
the                       -4.3580     3.5854
most                      -7.8808     6.5226
complete                  -7.0270     5.8716
waste                     -8.0988     6.6520
of                        -5.4433     4.4976
money                     -1.4520     1.1188
and                       -2.2214     1.8075
time                      -4.3219     3.4656
have                      -3.4599     2.7018
ever                      -6.1206     4.8663
spent                     -2.8258     2.2036
it                       -11.1823     9.0356
lame                      -9.6025     7.6590
couldn                    -8.8203     7.0699
believe                   -1.8242     1.3928
how                       -4.1156     3.2188
they                      -2.4540     1.9062
could                     -2.3565     1.8221
come                      -0.4502     0.2744
up                        -0.2532     0.1384
with                      -0.2281     0.1708
something                 -0.3407     0.1913
like                      -0.6925     0.3984
this                      -1.6020     1.2674
--------------------------------------------
Avg logits : pos=-3.2279  neg=2.5807
Softmax    : pos=0.0030  neg=0.9970
Predicted  : negative    True: negative
Epoch [2/10] Step  1400 | Train Loss 0.4009 Acc 0.838 | Test  Loss 0.4271 Acc 0.780

Word                    Pos logit  Neg logit
--------------------------------------------
well                       1.1207    -0.8383
remember                   0.5533    -0.5168
when                       0.5504    -0.6126
the                        0.3967    -0.4169
studio                    -0.7447     0.6976
sacked                     0.0904    -0.2005
schrader                  -0.4712     0.3957
and                       -0.8334     0.4873
hired                     -0.9362     0.5941
harlin                    -1.4751     1.1738
to                        -0.8513     0.5316
do                        -0.7464     0.4460
reshoots                  -1.1596     0.9080
to                        -0.5921     0.3725
this                      -1.3040     1.0452
film                      -1.4467     1.3099
they                      -0.7615     0.6288
were                      -0.6138     0.5039
quite                     -0.0076     0.1713
right                     -0.1787     0.1221
to                        -0.2995     0.1919
do                        -0.4774     0.3709
so                        -0.0697     0.0579
br                        -0.3706     0.3736
br                        -0.4811     0.3701
dominion                  -0.4956     0.2588
prequel                   -0.8146     0.6566
to                        -1.8279     1.4143
the                       -3.8907     3.2658
exorcist                  -7.6410     6.5652
--------------------------------------------
Avg logits : pos=-0.8593  neg=0.6776
Softmax    : pos=0.1770  neg=0.8230
Predicted  : negative    True: negative
Epoch [2/10] Step  1450 | Train Loss 0.2825 Acc 0.904 | Test  Loss 0.4553 Acc 0.831

Word                    Pos logit  Neg logit
--------------------------------------------
when                       0.1776    -0.2447
got                        0.4213    -0.4418
this                       0.6570    -0.5676
movie                      1.1923    -0.9620
free                       0.5883    -0.6242
from                       0.5985    -0.6439
my                         0.8094    -0.7193
job                        0.8116    -0.7843
along                      0.8439    -0.8039
with                       0.9295    -0.8750
three                      0.8927    -0.8942
other                      0.9918    -1.0051
similar                    1.0444    -1.0372
movies                     0.0933    -0.2208
watched                   -0.0569    -0.1191
then                       0.4387    -0.5003
with                      -0.4301     0.2807
very                      -4.1124     3.3045
low                       -1.2831     1.0178
expectations              -2.0243     1.6512
now                       -2.3357     1.9615
this                      -5.3905     4.6586
movie                     -6.1679     5.4115
isn                       -8.2130     7.2067
bad                       -6.9496     6.0257
per                       -7.1749     6.2376
se                        -4.1016     3.5445
you                       -2.3441     2.0403
get                       -1.4450     1.2683
what                      -1.2702     1.1404
--------------------------------------------
Avg logits : pos=-1.4270  neg=1.1769
Softmax    : pos=0.0689  neg=0.9311
Predicted  : negative    True: negative
Epoch [2/10] Step  1500 | Train Loss 0.4126 Acc 0.847 | Test  Loss 0.2749 Acc 0.916

Word                    Pos logit  Neg logit
--------------------------------------------
giant                      0.4926    -0.4303
is                       -11.4432     9.2886
one                       -9.0633     7.3827
of                        -8.7470     7.2074
the                       -8.5942     7.1453
most                     -11.5176     9.6661
boring                   -11.4956     9.5243
overly                   -11.1935     9.3019
long                      -2.8591     2.2697
hollywood                 -8.8478     7.2182
contraptions              -8.4490     6.9437
ever                      -7.4923     6.1869
many                      -0.8765     0.7884
scenes                    -2.7605     2.7008
seem                      -1.5081     1.4336
utterly                   -4.7424     4.2175
fake                      -2.0471     1.8666
and                       -1.9721     1.8061
without                   -0.6586     0.5419
energy                    -1.6039     1.3729
rock                      -1.1506     0.9603
hudson                    -0.8043     0.4906
elizabeth                  0.6562    -0.7730
taylor                    -0.8597     0.4623
and                       -2.2418     1.5823
james                     -3.7944     2.9254
dean                      -2.8282     2.1649
are                       -3.0427     2.3688
wasted                    -7.3665     5.9682
in                        -1.9225     1.3897
--------------------------------------------
Avg logits : pos=-4.6245  neg=3.7991
Softmax    : pos=0.0002  neg=0.9998
Predicted  : negative    True: negative
Epoch [2/10] Step  1550 | Train Loss 0.4481 Acc 0.756 | Test  Loss 0.4689 Acc 0.758

Word                    Pos logit  Neg logit
--------------------------------------------
despite                    0.4056    -0.3112
its                       -0.1275     0.3530
rather                     0.1305     0.0620
salacious                  0.0108     0.1693
title                      0.1628    -0.0013
this                      -0.7373     0.9191
is                        -1.1878     1.2414
light                     -0.5776     0.6636
teen                       0.6279    -0.5004
dramedy                   -2.0682     2.2068
unless                     0.0540    -0.0429
you                       -0.4935     0.5357
re                        -0.0105    -0.0136
an                        -0.9562     0.8027
old                       -0.4220     0.3180
coot                      -0.7788     0.6861
you                       -0.5256     0.4985
ll                        -1.6243     1.5112
probably                  -0.4559     0.4259
find                      -0.0602     0.1153
it                         1.3700    -0.6279
likeable                  -1.0474     1.1160
it                        -0.6824     0.9377
isn                       -0.3728     0.5469
so                         1.2273    -0.6353
good                       0.9284    -0.5348
on                         1.4387    -1.0033
developing                 0.6395    -0.3769
characters                -1.2585     1.3140
or                         0.9409    -0.7222
--------------------------------------------
Avg logits : pos=-0.1817  neg=0.3218
Softmax    : pos=0.3767  neg=0.6233
Predicted  : negative    True: positive
Epoch [2/10] Step  1600 | Train Loss 0.3516 Acc 0.794 | Test  Loss 0.3437 Acc 0.902

Word                    Pos logit  Neg logit
--------------------------------------------
i                          0.6551    -0.5467
so                         1.0644    -0.8770
glad                       0.7811    -0.6324
taped                      0.6624    -0.6635
this                       0.9054    -0.8016
film                       0.4453    -0.3422
when                       1.0261    -1.0614
it                         0.3070    -0.2377
came                       0.7204    -0.7529
on                         0.4150    -0.4834
bbc                       -0.1451     0.2155
last                       0.6616    -0.5963
month                      0.8927    -0.7851
it                        -0.9876     1.0048
blew                       0.0496     0.0147
my                         0.4140    -0.2246
mind                       0.9905    -0.6752
so                         1.0119    -0.6329
gut                        0.1710     0.0070
wrenching                  1.1743    -0.7464
and                        1.7645    -1.3295
real                       2.2381    -1.7388
david                      1.4673    -1.1247
tennant                    1.1086    -0.7739
is                         5.3036    -3.9700
absolutely                 6.9225    -5.3875
fabulous                   3.3998    -2.6115
in                         1.4414    -1.1896
this                       0.2111    -0.0459
even                       1.2284    -0.9311
--------------------------------------------
Avg logits : pos=1.2100  neg=-0.9307
Softmax    : pos=0.8948  neg=0.1052
Predicted  : positive    True: positive
Epoch [2/10] Step  1650 | Train Loss 0.4919 Acc 0.695 | Test  Loss 0.4375 Acc 0.805

Word                    Pos logit  Neg logit
--------------------------------------------
adrian                     1.6461    -1.3370
pasdar                     2.8728    -2.3334
is                        12.4676    -9.8549
excellent                 12.3530    -9.8814
is                        12.4416    -9.9328
this                      12.0719    -9.7597
film                       4.8706    -3.8887
he                         3.1126    -2.6334
makes                     13.1302   -10.8490
fascinating                2.5936    -1.9634
woman                      0.5166    -0.4702
--------------------------------------------
Avg logits : pos=7.0979  neg=-5.7185
Softmax    : pos=1.0000  neg=0.0000
Predicted  : positive    True: positive
Epoch [2/10] Step  1700 | Train Loss 0.4289 Acc 0.804 | Test  Loss 0.4170 Acc 0.761

Word                    Pos logit  Neg logit
--------------------------------------------
one                        3.0864    -2.4687
of                         2.6914    -2.1969
the                        3.0124    -2.5099
best                       7.0720    -5.5324
amitabh                    4.5190    -3.6282
comeback                   4.8374    -3.9987
movies                     4.6904    -3.8289
liked                      5.0441    -4.1770
this                       6.2724    -5.0907
was                        1.4276    -1.4040
the                        1.2225    -1.1844
phase                      1.9669    -1.7223
when                       0.8212    -0.8252
govinda                   -0.0257    -0.0010
was                        0.2241    -0.2791
going                      0.9193    -0.8338
strong                     1.5761    -1.3092
with                       2.0930    -1.7729
dhawan                     1.6008    -1.3440
the                        1.6722    -1.3523
songs                      1.2942    -0.8354
were                       0.6164    -0.5043
awesome                    8.1271    -6.0898
and                        0.9667    -0.6687
totally                   -0.2271     0.3737
as                         0.0593     0.0824
we                        -0.5071     0.5529
call                      -0.2607     0.1837
it                        -1.2811     1.1406
masti                     -1.1982     0.9830
--------------------------------------------
Avg logits : pos=2.0771  neg=-1.6747
Softmax    : pos=0.9771  neg=0.0229
Predicted  : positive    True: positive
Epoch [2/10] Step  1750 | Train Loss 0.4356 Acc 0.732 | Test  Loss 0.4144 Acc 0.777

Word                    Pos logit  Neg logit
--------------------------------------------
this                       0.1028    -0.0191
is                         0.1650    -0.0758
film                      -0.0866     0.2448
that                       0.6280    -0.5638
left                       0.5145    -0.3851
me                         0.7016    -0.3555
breathless                -0.4668     0.6432
wanting                    0.8344    -0.8278
to                         0.8154    -0.7196
learn                      1.1014    -0.9152
more                       2.0228    -1.7237
of                         1.8238    -1.5201
the                        1.7513    -1.4521
afghan                     2.0230    -1.7722
history                    2.6602    -2.1430
and                        1.9163    -1.4874
traditions                 1.5023    -1.1996
with                       0.2034    -0.0065
todays                    -0.8760     0.8994
evil                      -3.2798     2.9850
doer                      -5.3069     4.7014
mantra                    -5.0579     4.4101
clouding                  -0.2531     0.3268
reality                    3.0063    -2.1685
it                         5.1079    -3.7466
was                        2.0589    -1.4962
inspirational              7.2010    -5.4278
to                         2.9967    -2.5611
experience                 8.1300    -6.2402
the                        4.4201    -3.6552
--------------------------------------------
Avg logits : pos=1.2120  neg=-0.8750
Softmax    : pos=0.8896  neg=0.1104
Predicted  : positive    True: positive
Epoch [2/10] Step  1800 | Train Loss 0.6299 Acc 0.725 | Test  Loss 0.3443 Acc 0.830

Word                    Pos logit  Neg logit
--------------------------------------------
this                      -3.4209     3.0079
might                     -1.1758     0.9543
have                      -1.3273     1.0615
spoiler                   -1.7034     1.3981
br                        -1.9585     1.7224
br                        -0.4272     0.4345
when                      -0.7917     0.3512
first                     -0.2155     0.0396
started                    0.0436    -0.2220
watching                   0.0591    -0.2637
this                      -0.9671     0.8306
movie                     -1.5782     1.5472
thought                   -0.1597    -0.0798
it                        -2.2865     2.0500
was                       -1.9008     1.7770
ok                        -1.2151     1.0365
the                        0.1814    -0.1748
music                      0.3900    -0.2243
was                        1.9845    -1.4974
good                       2.2221    -1.6820
and                        1.2552    -1.0317
that                       1.2630    -1.1999
bizarro                    1.7362    -1.3832
dream                      0.5977    -0.4841
sequence                   1.0335    -0.7287
was                       -0.7642     0.8772
willing                   -1.0686     0.9379
to                        -1.0785     0.9401
forgive                   -1.9378     1.7854
but                       -0.8304     0.7205
--------------------------------------------
Avg logits : pos=-0.4680  neg=0.4167
Softmax    : pos=0.2922  neg=0.7078
Predicted  : negative    True: negative
Epoch [2/10] Step  1850 | Train Loss 0.5289 Acc 0.689 | Test  Loss 0.3316 Acc 0.891

Word                    Pos logit  Neg logit
--------------------------------------------
this                      -1.5479     1.3498
movie                     -2.2517     2.0849
strayed                   -0.7003     0.5666
too                       -0.4830     0.3167
far                       -0.4540     0.2872
from                      -0.2592     0.0571
straub                    -0.1041     0.0026
novel                     -0.5899     0.4559
for                       -0.0220    -0.0455
me                         0.7258    -0.5210
to                         0.3236    -0.3317
enjoy                     -2.6109     2.4376
barely                    -0.7645     0.6660
made                       0.0551    -0.0371
it                         0.3853    -0.1876
to                         0.4300    -0.4482
the                        0.2832    -0.1684
middle                    -0.0044    -0.1431
of                         0.5713    -0.5235
the                        0.6625    -0.7123
film                       0.5850    -0.2709
besides                    0.5612    -0.6877
changing                   0.3946    -0.4856
don                        0.2155    -0.2671
wanderly                   0.5438    -0.7882
from                       0.3632    -0.5339
edwards                    0.2769    -0.4207
nephew                     0.0774    -0.2709
into                       0.2915    -0.4006
his                        0.2924    -0.3907
--------------------------------------------
Avg logits : pos=-0.0918  neg=0.0197
Softmax    : pos=0.4722  neg=0.5278
Predicted  : negative    True: negative
Epoch [3/10] Step  1900 | Train Loss 0.4643 Acc 0.731 | Test  Loss 0.3579 Acc 0.853

Word                    Pos logit  Neg logit
--------------------------------------------
this                     -13.4390    11.9814
was                       -8.7722     7.8300
one                      -12.5253    11.3123
of                        -9.8968     8.9726
the                       -9.6278     8.8193
worst                    -13.8079    12.5414
movies                   -13.0621    11.9046
have                      -2.4789     2.1775
ever                     -12.1244    10.9107
seen                      -3.8418     3.4985
branaugh                  -1.0763     0.9809
seemed                    -0.7939     0.7072
to                        -0.2390     0.2511
have                      -0.2267     0.2003
so                        -0.2914     0.2907
much                      -0.1879     0.2009
trouble                   -0.1488     0.0948
remembering                0.0898    -0.1198
his                        0.2861    -0.2623
accent                     0.1695    -0.2171
that                       0.5024    -0.5204
he                         0.3635    -0.4431
couldn                    -0.4563     0.2451
deliver                   -1.1834     0.7895
his                       -0.2510     0.0625
lines                     -0.7573     0.4375
the                       -1.1534     0.8256
plot                      -1.2436     0.9234
was                       -0.2938     0.2587
definitely                -0.4984     0.4712
--------------------------------------------
Avg logits : pos=-3.5655  neg=3.1708
Softmax    : pos=0.0012  neg=0.9988
Predicted  : negative    True: negative
Epoch [3/10] Step  1950 | Train Loss 0.4560 Acc 0.759 | Test  Loss 0.3314 Acc 0.871

Word                    Pos logit  Neg logit
--------------------------------------------
poor                      -6.8792     6.1336
ingrid                    -2.1749     2.0198
suffered                  -1.1402     1.0335
and                       -3.3117     3.1064
suffered                  -1.1481     1.0223
once                      -1.2029     1.1199
she                       -0.7057     0.7030
went                      -0.5906     0.5593
off                       -0.5166     0.4325
to                        -0.4850     0.3692
italy                     -2.1844     1.9884
tired                     -1.5835     1.3974
of                        -0.9442     0.7572
the                       -0.2714     0.1446
hollywood                 -0.2207     0.2254
glamor                     0.0553     0.0252
treatment                 -0.0673    -0.1875
first                     -0.1380     0.3129
it                        -1.6597     1.7722
was                       -1.2614     1.4692
suffering                  0.4049    -0.3075
the                        0.2509    -0.0391
torments                   0.2619    -0.1424
of                         0.4059    -0.1918
volcanic                   0.2152    -0.1542
island                    -0.3450     0.4371
in                        -0.2009     0.1899
stromboli                 -0.7928     0.7136
an                        -4.5035     4.1382
arty                      -5.2674     4.9726
--------------------------------------------
Avg logits : pos=-1.2000  neg=1.1340
Softmax    : pos=0.0883  neg=0.9117
Predicted  : negative    True: negative
Epoch [3/10] Step  2000 | Train Loss 0.3298 Acc 0.844 | Test  Loss 0.4771 Acc 0.849

Word                    Pos logit  Neg logit
--------------------------------------------
i                         -0.8676     0.8962
doubt                     -0.1600     0.1386
this                       0.7221    -0.2644
will                       0.5784    -0.2813
ever                       5.6997    -4.8818
even                       0.7728    -0.6702
be                         1.7963    -1.4545
cult                       0.7705    -0.7266
film                       9.7727    -8.2037
loved                      9.2280    -7.8864
gram                       9.7937    -8.3398
parsons                    1.5186    -1.2689
to                         0.0495    -0.0731
be                         0.4552    -0.3891
sure                       0.1666    -0.1193
and                       -1.7576     1.6288
did                       -0.9823     0.8345
not                       -0.7511     0.6326
expect                    -0.8672     0.7795
much                      -1.0034     0.9061
out                       -0.1813     0.0164
of                        -0.6968     0.4973
this                      -0.3373     0.1974
film                      -0.1872     0.1745
and                       -0.4904     0.4279
got                       -0.7467     0.6211
even                      -0.4908     0.2973
less                      -1.6891     1.5365
what                      -0.6688     0.5793
could                     -1.4878     1.3060
--------------------------------------------
Avg logits : pos=0.9319  neg=-0.7696
Softmax    : pos=0.8457  neg=0.1543
Predicted  : positive    True: negative
Epoch [3/10] Step  2050 | Train Loss 0.4961 Acc 0.720 | Test  Loss 0.4704 Acc 0.820

Word                    Pos logit  Neg logit
--------------------------------------------
the                        0.6939    -0.6040
final                      1.0276    -0.9173
pairing                    1.0301    -0.9508
of                         1.2812    -1.1627
nelson                     1.0041    -1.0377
eddy                       0.3821    -0.4491
and                        0.1711    -0.2112
jeanette                  -0.9759     0.7888
macdonald                 -1.2692     1.0341
is                        -5.8614     5.4184
basically                 -2.9177     2.7428
complete                  -5.9405     5.2531
misfire                   -4.1125     3.5971
the                       -6.5442     5.4924
script                   -10.6955     9.1610
is                       -10.7775     9.3490
weak                      -8.2022     7.0742
and                       -5.2322     4.5700
has                       -5.2355     4.6098
been                      -2.7817     2.3629
presented                 -1.6464     1.4525
badly                    -10.4020     9.3910
the                       -4.6133     4.2153
film                     -10.3047     9.3048
just                      -4.0790     3.8554
has                       -2.8400     2.7321
no                        -1.6101     1.4771
life                       0.3314    -0.2986
in                         0.1399    -0.2009
it                        -0.4606     0.3753
--------------------------------------------
Avg logits : pos=-3.3480  neg=2.9475
Softmax    : pos=0.0018  neg=0.9982
Predicted  : negative    True: negative
Epoch [3/10] Step  2100 | Train Loss 0.2372 Acc 0.904 | Test  Loss 0.5628 Acc 0.689

Word                    Pos logit  Neg logit
--------------------------------------------
noni                       0.2695    -0.2943
hazlehurst                 0.2861    -0.3224
colin                      0.2212    -0.2742
friels                     0.3480    -0.3987
alice                      0.3128    -0.3680
garner                     0.4653    -0.5039
chrissie                   0.5426    -0.6063
amphlett                   0.5538    -0.5602
and                        0.2751    -0.3179
michael                    0.2880    -0.2979
caton                      0.1689    -0.1887
what                       0.1749    -0.1980
more                      -1.9240     1.7057
could                     -0.3596     0.2415
you                       -0.8333     0.7090
ask                        0.1090    -0.2511
for                       -0.0481    -0.1101
monkey                    -0.1140    -0.0737
grip                       0.3407    -0.5032
based                      0.8870    -0.9629
on                         1.2651    -1.3304
the                        2.3720    -2.1598
prize                      6.0157    -4.4895
winning                    5.7368    -4.4228
novel                      4.2627    -3.4399
of                         2.5788    -2.3492
the                        1.8347    -1.8522
same                       2.3349    -2.2664
name                       1.3310    -1.3600
explores                   1.7907    -1.5885
--------------------------------------------
Avg logits : pos=1.0495  neg=-0.9611
Softmax    : pos=0.8819  neg=0.1181
Predicted  : positive    True: positive
Epoch [3/10] Step  2150 | Train Loss 0.3582 Acc 0.823 | Test  Loss 0.4486 Acc 0.813

Word                    Pos logit  Neg logit
--------------------------------------------
i                         -0.0611     0.0893
will                      -0.0056     0.0579
not                       -0.1167    -0.0218
spoil                     -0.7718     0.6194
your                       2.2596    -1.4489
surprise                   0.7477    -0.4158
by                        -1.3060     1.2745
mentioning                -1.6777     1.3962
any                       -1.6405     1.3308
of                        -2.4966     2.2616
the                       -2.9692     2.6721
hideous                   -5.7013     5.2958
plot                      -5.4769     5.1207
lines                     -2.8262     2.4903
ll                        -2.6926     2.4899
just                      -3.1279     2.9307
say                       -1.6555     1.3464
that                      -3.0910     2.6230
this                      -9.4379     8.9932
movie                     -9.5040     9.1578
suffers                  -10.8702     9.8006
from                      -3.3906     2.9345
poor                     -10.9107     9.7300
animation                -11.7828    10.3924
over                      -4.9982     4.3804
acting                    -6.7005     6.1964
obvious                   -5.2946     4.6388
tag                       -6.2197     5.5423
lines                     -1.1556     0.9896
these                     -0.1130     0.0486
--------------------------------------------
Avg logits : pos=-3.7662  neg=3.4306
Softmax    : pos=0.0007  neg=0.9993
Predicted  : negative    True: negative
Epoch [3/10] Step  2200 | Train Loss 0.2705 Acc 0.931 | Test  Loss 0.4685 Acc 0.763

Word                    Pos logit  Neg logit
--------------------------------------------
tony                       0.3780    -0.4401
scott                      0.4323    -0.5308
directs                    0.5139    -0.6269
thriller                   0.8239    -0.8509
sports                     0.0371    -0.1982
flick                     -0.3288     0.3468
that                       0.1266    -0.2414
should                    -0.0521    -0.0312
attract                   -0.3758     0.3777
even                       0.1107    -0.2791
the                       -0.0634     0.0115
non                       -0.0076    -0.1051
sports                     0.0421    -0.1384
fan                        0.1942    -0.2368
and                        0.0075    -0.0499
some                       0.5033    -0.5139
say                       -0.3791     0.2492
baseball                  -0.2281     0.0535
is                       -11.6968     9.7989
dead                      -1.3022     1.0835
sport                     -6.4092     5.4926
boring                    -8.1252     6.9449
too                       -1.7213     1.4601
damn                      -9.6952     8.2035
slow                      -2.3927     2.0490
well                      -2.7589     2.3170
perk                      -1.2984     0.9819
up                        -0.1680     0.0400
on                        -0.0639    -0.0846
the                        0.0123    -0.1374
--------------------------------------------
Avg logits : pos=-1.4628  neg=1.1648
Softmax    : pos=0.0674  neg=0.9326
Predicted  : negative    True: negative
Epoch [3/10] Step  2250 | Train Loss 0.2990 Acc 0.917 | Test  Loss 0.4499 Acc 0.753

Word                    Pos logit  Neg logit
--------------------------------------------
i                         -0.1512     0.1334
checked                    0.0668    -0.1459
out                        0.2248    -0.3574
this                       0.5929    -0.6885
video                     -0.0361    -0.0839
expecting                  0.1349    -0.2892
to                         0.1222    -0.2776
like                       0.3906    -0.5313
it                        -0.6345     0.7459
wanting                    0.3741    -0.5229
to                         0.2636    -0.4094
like                       0.4707    -0.6411
it                         0.5727    -0.5808
like                       1.1248    -1.2121
foreign                    1.2076    -1.3133
films                      0.5408    -0.5455
like                       1.2561    -1.4177
beautiful                  1.3429    -1.1403
cinematography             0.0931     0.1413
know                       1.6838    -1.7882
the                        1.8176    -1.7338
critics                    1.9597    -1.8717
liked                      5.4035    -4.5128
this                       7.6768    -6.2938
film                       6.6931    -5.0732
including                  2.5087    -2.4115
my                         5.9109    -4.3513
favorite                   4.5810    -3.6320
roger                      1.5876    -1.5971
ebert                      3.2392    -2.6316
--------------------------------------------
Avg logits : pos=1.7006  neg=-1.5011
Softmax    : pos=0.9609  neg=0.0391
Predicted  : positive    True: negative
Epoch [3/10] Step  2300 | Train Loss 0.3635 Acc 0.813 | Test  Loss 0.5411 Acc 0.776

Word                    Pos logit  Neg logit
--------------------------------------------
this                      -5.0414     4.6475
is                        -2.5647     2.7998
pretty                    -6.7122     6.2565
ok                        -3.8867     3.6581
film                     -12.1243    10.5652
yes                       -6.5650     5.8168
some                      -4.8145     4.3021
parts                     -4.9772     4.4411
are                       -4.2441     3.7616
lame                     -17.3487    15.0358
and                       -8.5725     7.6108
exceptionally            -15.9754    13.8074
convenient                -4.4180     3.7883
and                       -5.4516     4.6453
the                       -7.2106     6.0973
movie                     -5.4610     4.5809
doesn                     -3.0534     2.6191
really                    -4.6784     4.2119
justify                   -1.8590     1.5513
the                       -2.3929     2.0967
large                     -1.9803     1.6159
star                      -2.0951     1.7216
cast                      -1.3283     1.1132
ab                        -1.0015     0.7292
sd                         0.2794    -0.3219
tanuja                     0.1122    -0.0705
however                    0.7265    -0.8499
the                        1.4143    -1.3033
actor                      1.0352    -0.8608
that                       2.1385    -1.9194
--------------------------------------------
Avg logits : pos=-4.2684  neg=3.7383
Softmax    : pos=0.0003  neg=0.9997
Predicted  : negative    True: positive
Epoch [3/10] Step  2350 | Train Loss 0.2882 Acc 0.863 | Test  Loss 0.3933 Acc 0.855

Word                    Pos logit  Neg logit
--------------------------------------------
containing                -0.0463     0.0369
billy                      0.4727    -0.4358
famous                     3.2398    -2.5387
humor                      4.5383    -3.6502
this                       8.3373    -6.4533
more                       5.1996    -4.2147
modest                     4.5787    -3.8411
comedy                    10.6486    -8.8951
with                       4.1537    -3.4085
heavy                      4.6532    -3.8436
bittersweet                9.4847    -7.8435
overtones                  1.7895    -1.4915
is                        12.4219   -10.2353
big                        1.6810    -1.3899
departure                  1.7220    -1.4446
pleasantly                10.8138    -8.7846
unexpectedly               2.4195    -1.8841
so                         8.5351    -6.9891
for                        1.0333    -0.9364
billy                      0.9725    -0.8714
crystal                    0.9601    -0.8053
this                       2.1218    -1.6090
movie                      2.5786    -1.7026
has                        2.6570    -1.8540
different                  1.4303    -0.7533
tear                      -0.4856     0.8776
jerker                     0.9644    -0.1894
dramatic                   0.9153    -0.1333
serious                    0.5983    -0.2158
underlying                 0.1984     0.2766
--------------------------------------------
Avg logits : pos=3.6196  neg=-2.8408
Softmax    : pos=0.9984  neg=0.0016
Predicted  : positive    True: positive
Epoch [3/10] Step  2400 | Train Loss 0.3362 Acc 0.839 | Test  Loss 0.4530 Acc 0.871

Word                    Pos logit  Neg logit
--------------------------------------------
the                       -0.2739     0.2196
first                     -2.5692     2.3487
scene                     -2.4420     2.2979
in                        -0.1748     0.1837
problem                   -1.8303     1.9222
child                      0.3735    -0.4417
has                       -1.7797     1.7898
baby                      -0.4602     0.4527
peeing                    -1.3969     1.3281
into                      -1.2063     1.1362
nun                       -0.3307     0.3228
face                       0.7553    -0.6538
for                       -0.1026     0.0176
this                      14.0972   -11.4261
movie                     -0.0095     0.3128
that                       1.4837    -1.1891
witty                     -4.3095     4.0630
nasty                     -2.3711     2.4575
mean                      -1.0263     1.3289
spirited                  -0.0122     0.3591
comedy                    -9.9775     9.0099
it                       -15.7631    14.0873
inept                    -15.4201    13.6655
on                        -0.3033     0.3360
so                        -7.9238     7.0540
many                       0.2500    -0.2382
levels                    -0.1595     0.1614
it                        -3.9763     3.7372
beggars                    1.1606    -1.0597
belief                     1.3023    -1.1455
--------------------------------------------
Avg logits : pos=-1.8132  neg=1.7479
Softmax    : pos=0.0276  neg=0.9724
Predicted  : negative    True: negative
Epoch [3/10] Step  2450 | Train Loss 0.3689 Acc 0.878 | Test  Loss 0.4181 Acc 0.799

Word                    Pos logit  Neg logit
--------------------------------------------
a                          0.8143    -0.6398
fine                       1.5584    -1.3544
story                      1.6853    -1.3000
about                      1.9496    -1.6714
following                  1.4114    -1.2847
your                       4.6752    -3.8193
dreams                     1.7578    -1.5258
and                        1.3704    -1.0626
actually                   0.9052    -0.7255
taking                     0.9186    -0.6954
stab                       0.1923    -0.0608
at                         0.4242    -0.3321
doing                     -0.2983     0.4236
something                 -0.0758     0.1510
about                      0.0140     0.0132
them                      -0.6047     0.5693
when                      -0.5653     0.4628
the                       -1.4250     1.3619
chance                    -1.2749     1.2511
strikes                    0.1622    -0.2733
nothing                   -2.1819     2.0458
was                       -3.3931     3.2993
easy                      -0.7974     0.8156
for                       -0.3879     0.3663
morris                    -0.6002     0.5989
either                    -0.5747     0.5459
he                         0.4106    -0.2852
had                        0.2316    -0.1051
family                     0.3959    -0.2403
job                        1.3386    -0.8998
--------------------------------------------
Avg logits : pos=0.2679  neg=-0.1457
Softmax    : pos=0.6019  neg=0.3981
Predicted  : positive    True: positive
Epoch [3/10] Step  2500 | Train Loss 0.3897 Acc 0.881 | Test  Loss 0.5347 Acc 0.760

Word                    Pos logit  Neg logit
--------------------------------------------
i                         -3.9570     3.4799
mention                   -0.9940     0.8530
that                      -0.4790     0.4003
there                     -0.9554     0.8890
may                       -0.2296     0.1380
be                        -0.7401     0.6683
spoiler                   -0.9863     0.9187
here                      -0.9512     0.9482
just                      -0.5310     0.5496
to                        -0.3179     0.3075
be                        -0.4186     0.3957
cautious                  -1.2148     1.3099
because                    0.1467    -0.1927
of                        -0.0063     0.1025
what                       0.4142    -0.3521
discuss                    0.5042    -0.4141
although                   0.5431    -0.5152
don                        0.4468    -0.3819
really                    -0.0468     0.1963
think                     -0.1455     0.2139
am                        -2.5362     2.3567
giving                    -0.4335     0.4405
away                      -1.3764     1.3069
anything                  -2.4794     2.3058
important                 -4.2415     3.9950
any                       -2.2750     2.0636
suprises                  -3.4329     3.1707
are                       -2.4911     2.2363
really                    -8.5827     7.4229
unimportant               -2.8945     2.5338
--------------------------------------------
Avg logits : pos=-1.3554  neg=1.2449
Softmax    : pos=0.0691  neg=0.9309
Predicted  : negative    True: positive
Epoch [3/10] Step  2550 | Train Loss 0.3262 Acc 0.824 | Test  Loss 0.4033 Acc 0.777

Word                    Pos logit  Neg logit
--------------------------------------------
i                         -1.2304     1.2913
agree                      0.2058    -0.3001
with                      -0.0406     0.0040
the                        0.3297    -0.4252
other                      0.6776    -0.8099
and                        0.6221    -0.7308
star                       0.6114    -0.7251
reviews                    0.8216    -0.9323
saw                        0.9223    -1.1179
this                       0.5324    -0.5690
at                         0.9469    -1.1693
the                        1.0323    -1.1886
south                      1.7103    -1.8372
by                         1.4698    -1.3879
southwest                  2.5122    -2.5395
film                       9.9642    -8.6723
festival                   2.6778    -2.2659
in                         1.4433    -1.7590
austin                     0.7741    -0.9747
of                         1.0273    -1.1639
the                        1.1477    -1.1999
films                     -0.3391     0.3675
saw                        1.2446    -1.1794
were                       0.5464    -0.5622
really                     4.7511    -3.3800
good                       6.5253    -5.1428
and                        4.0083    -3.2810
this                      12.4370    -9.6760
was                        8.2615    -6.4561
the                        3.6245    -3.0030
--------------------------------------------
Avg logits : pos=2.3073  neg=-2.0262
Softmax    : pos=0.9870  neg=0.0130
Predicted  : positive    True: positive
Epoch [3/10] Step  2600 | Train Loss 0.4305 Acc 0.788 | Test  Loss 0.3848 Acc 0.780

Word                    Pos logit  Neg logit
--------------------------------------------
i                         -1.2275     1.1833
have                      -0.4836     0.4174
to                        -0.3477     0.3352
say                       -0.1512     0.1337
many                      -0.1647     0.1852
people                    -0.1348     0.1485
have                      -0.0672     0.1945
argued                     0.2807    -0.3045
that                       0.1370    -0.1067
some                       0.2557    -0.2257
of                         0.2218    -0.1685
us                         0.0347    -0.0438
need                       0.4985    -0.4492
to                         0.5406    -0.5002
get                        0.6318    -0.6091
with                       0.8242    -0.5380
the                        1.0159    -0.7519
times                      0.8701    -0.7429
cause                      1.1781    -1.2052
the                        1.3452    -0.9675
new                        1.4499    -1.1320
dukes                      0.7461    -0.6853
movie                     -2.4991     2.2845
is                        -7.2564     6.0384
modernized                -4.2380     3.5867
version                   -6.7356     5.7477
oh                        -8.2740     6.9201
please                    -4.7452     4.1838
if                         0.3576    -0.2905
this                      -5.8228     4.8729
--------------------------------------------
Avg logits : pos=-1.0587  neg=0.9170
Softmax    : pos=0.1218  neg=0.8782
Predicted  : negative    True: negative
Epoch [3/10] Step  2650 | Train Loss 0.3501 Acc 0.849 | Test  Loss 0.3887 Acc 0.831

Word                    Pos logit  Neg logit
--------------------------------------------
the                        2.0191    -1.6323
great                      5.0426    -3.8256
war                        1.8977    -1.7169
breaks                     1.1270    -0.9602
out                        1.8538    -1.5937
and                        2.0273    -1.7272
daddy                      1.6956    -1.4425
is                         9.8753    -8.1398
brave                     -0.0481     0.3493
pilot                      0.1604    -0.0565
who                        0.4445    -0.4150
goes                      -0.3041     0.4093
off                       -0.7978     0.7794
to                        -0.9900     0.8993
carry                     -1.6138     1.4526
out                       -1.4144     1.1837
some                      -1.7382     1.4098
unsightly                 -7.0343     6.2806
business                  -3.5283     3.0617
to                        -0.7043     0.4902
put                       -1.6439     1.2940
jerry                     -1.4446     1.1339
in                        -0.4612     0.2716
his                       -0.4617     0.2347
place                     -6.0709     5.1767
mummy                     -9.9946     8.4888
is                       -10.6791     9.0663
doing                     -2.2926     1.8513
her                       -0.0905    -0.0297
bit                       -0.8791     0.7062
--------------------------------------------
Avg logits : pos=-0.8683  neg=0.7667
Softmax    : pos=0.1632  neg=0.8368
Predicted  : negative    True: negative
Epoch [3/10] Step  2700 | Train Loss 0.3934 Acc 0.850 | Test  Loss 0.4137 Acc 0.741

Word                    Pos logit  Neg logit
--------------------------------------------
maddy                     -0.2453     0.2630
debbie                     0.0598    -0.0158
rochon                     0.0057     0.0801
is                        -4.9475     4.9138
mentally                  -1.1593     1.5739
unstable                  -0.7735     0.9256
young                      0.3501    -0.2183
woman                      0.4385    -0.2215
with                       0.0141     0.2261
troubled                   0.2423    -0.0776
past                       0.6425    -0.4739
who                        0.6110    -0.5548
gets                       1.7120    -1.1630
more                       1.5153    -1.0485
than                       0.9185    -0.8042
she                        0.6329    -0.5943
bargained                  0.5103    -0.4903
for                        0.4702    -0.4523
when                       0.2442    -0.2791
she                        0.0636    -0.1079
goes                      -0.2291     0.3202
to                         0.0182    -0.0171
pool                       0.0329    -0.0410
party                      0.2880    -0.1897
with                       0.5506    -0.3334
handsome                   0.3723    -0.2746
coworker                   0.3176    -0.3675
when                       0.6967    -0.7104
her                        0.5042    -0.5819
date                       0.2161    -0.3314
--------------------------------------------
Avg logits : pos=0.1358  neg=-0.0349
Softmax    : pos=0.5426  neg=0.4574
Predicted  : positive    True: negative
Epoch [3/10] Step  2750 | Train Loss 0.4261 Acc 0.850 | Test  Loss 0.5200 Acc 0.748

Word                    Pos logit  Neg logit
--------------------------------------------
mean                       0.6393    -0.2302
spirited                  -0.1254     0.3131
and                       -0.8985     0.9524
down                      -1.4617     1.4129
right                     -1.3207     1.2580
degrading                 -6.1228     5.5330
adaptation                -5.1733     4.6867
to                        -0.0491     0.0627
the                       -0.0810     0.2028
classic                    0.9083    -0.4878
children                  -0.1487    -0.1029
tale                       0.5669    -0.1445
not                        0.4538    -0.3938
only                       0.5058    -0.2082
lacks                     -0.4376     0.6964
the                       -0.0293     0.2333
charm                     -0.2773     0.3608
of                        -0.6233     0.7109
its                       -0.4150     0.4942
forefather                -0.9851     1.1461
but                        0.2815    -0.2491
lacks                     -1.8158     1.9651
any                       -0.4428     0.5250
talent                    -2.0384     2.1202
what                      -0.1946     0.3423
so                         0.9930    -0.5470
ever                       0.5568    -0.2574
mike                      -0.7131     0.7145
myers                     -1.0722     1.0159
should                    -1.3911     1.2963
--------------------------------------------
Avg logits : pos=-0.6971  neg=0.7807
Softmax    : pos=0.1858  neg=0.8142
Predicted  : negative    True: negative
Epoch [3/10] Step  2800 | Train Loss 0.3622 Acc 0.874 | Test  Loss 0.3919 Acc 0.800

Word                    Pos logit  Neg logit
--------------------------------------------
i                          0.8191    -0.5642
haven                      0.4271    -0.4703
seen                       0.7977    -0.6877
all                        0.5815    -0.5552
of                         0.4515    -0.4385
jess                       0.4309    -0.4556
franco                     0.4725    -0.4775
movies                    -0.1001     0.0605
have                       0.0341    -0.0785
seen                       0.2051    -0.1900
think                      0.4223    -0.3801
and                        0.3760    -0.3383
there                      0.3877    -0.3293
are                        0.4279    -0.3635
more                       0.3012    -0.1333
than                       0.2724    -0.2688
of                        -0.1038     0.0978
them                       0.1266    -0.1324
so                        -2.2396     2.0569
maybe                     -0.3253     0.2518
it                        -2.1051     1.8788
a                         -0.9267     0.8925
bit                       -0.4248     0.4101
early                     -0.4715     0.3983
to                        -0.7729     0.6818
say                       -0.1766     0.1386
so                        -1.5513     1.4819
but                       -0.2547     0.2355
necronomicon              -0.6766     0.6689
getr                      -0.2918     0.2243
--------------------------------------------
Avg logits : pos=-0.1296  neg=0.1205
Softmax    : pos=0.4378  neg=0.5622
Predicted  : negative    True: positive
Epoch [4/10] Step  2850 | Train Loss 0.2424 Acc 0.908 | Test  Loss 0.3160 Acc 0.835

Word                    Pos logit  Neg logit
--------------------------------------------
i                          0.6570    -0.5412
am                         1.5620    -1.1632
surprised                  0.9716    -0.7157
that                       0.9613    -0.8069
so                         1.2021    -0.7550
many                       1.2433    -1.0149
comments                   2.0452    -1.9122
about                      1.6021    -1.3297
this                       1.2356    -0.7662
film                       0.9281    -0.5531
are                        1.2487    -0.9408
positive                   0.3458    -0.0136
having                     1.3415    -1.2251
read                       1.3890    -1.2679
the                        1.1850    -1.0711
book                       1.1351    -1.0364
several                    1.2749    -1.1829
times                      1.2133    -1.1658
and                        1.8532    -1.5960
all                        1.8506    -1.6107
the                        1.6219    -1.4801
other                      1.5038    -1.4256
historical                 2.3397    -1.8759
novels                     1.1902    -1.1431
by                        -0.3957     0.3518
mika                      -0.3446     0.2775
waltari                    0.1351    -0.1802
there                     -1.7095     1.6223
is                        -4.4986     4.4249
no                        -0.9793     0.8733
--------------------------------------------
Avg logits : pos=0.8036  neg=-0.6408
Softmax    : pos=0.8091  neg=0.1909
Predicted  : positive    True: negative
Epoch [4/10] Step  2900 | Train Loss 0.2390 Acc 0.925 | Test  Loss 0.3260 Acc 0.817

Word                    Pos logit  Neg logit
--------------------------------------------
this                       0.3624    -0.2043
is                         1.1229    -0.8460
one                        0.8180    -0.7679
of                         0.1742    -0.1464
those                      0.6824    -0.6632
movies                    -0.2452     0.2691
that                       0.8904    -0.8492
trying                    -0.7475     0.6613
to                         0.5811    -0.5351
be                         0.6444    -0.5521
moody                      0.7448    -0.6159
and                        1.1232    -0.8573
tense                      1.4933    -1.2387
and                        0.6741    -0.4511
instead                    0.7915    -0.6738
ends                       0.7648    -0.6569
up                         0.1430    -0.1152
tripping                   0.0307    -0.0247
all                       -0.1041     0.0841
over                       0.0216    -0.0323
itself                     0.2673    -0.0677
having                     0.5165    -0.5510
seen                       1.3924    -1.2368
it                         2.1496    -1.9027
at                         1.5689    -1.5294
queer                      1.5714    -1.5985
film                      12.2603   -10.4151
festival                   7.8925    -6.8367
was                        3.3495    -3.0613
intrigued                  4.6727    -4.0554
--------------------------------------------
Avg logits : pos=1.5202  neg=-1.3157
Softmax    : pos=0.9446  neg=0.0554
Predicted  : positive    True: negative
Epoch [4/10] Step  2950 | Train Loss 0.3900 Acc 0.787 | Test  Loss 0.4024 Acc 0.788

Word                    Pos logit  Neg logit
--------------------------------------------
this                       9.6101    -8.0106
was                        0.1489    -0.1081
indeed                     0.2965    -0.4143
an                        11.8444    -9.7050
amazing                   16.9049   -14.0028
adaption                  -2.0909     2.2714
missed                    -1.6932     1.6420
the                       -0.6952     0.6992
first                      0.0391     0.2096
episode                   -2.5213     2.6286
so                        -2.1216     2.2956
unfortunately             -1.7307     1.7725
missed                    -1.9609     1.9958
out                        0.1628    -0.2037
on                         0.2520    -0.3217
the                       -0.1605     0.0285
bonding                    0.0143    -0.1591
between                    0.7199    -0.8529
the                        1.0484    -1.1721
characters                 2.0712    -1.9650
and                        1.2932    -1.3818
the                        1.1715    -1.2930
smooth                     0.8007    -0.8816
flow                       0.4419    -0.4909
of                         0.3694    -0.4316
the                        0.5562    -0.6102
storyline                  0.0635     0.1151
but                        0.8325    -0.9477
as                         0.7381    -0.6143
soon                       0.8606    -1.0155
--------------------------------------------
Avg logits : pos=1.2422  neg=-1.0308
Softmax    : pos=0.9066  neg=0.0934
Predicted  : positive    True: positive
Epoch [4/10] Step  3000 | Train Loss 0.3209 Acc 0.891 | Test  Loss 0.3043 Acc 0.883

Word                    Pos logit  Neg logit
--------------------------------------------
having                    -0.2488     0.2539
heard                     -0.2250     0.2110
so                        -0.3809     0.4441
many                       0.0075    -0.0270
people                    -0.2207     0.1641
raving                    -1.0724     1.1024
about                     -0.3200     0.1327
this                      -1.5337     1.4623
film                      -1.8054     1.9002
thought                   -1.0197     0.7987
d                         -1.4966     1.3156
give                      -0.5597     0.4124
it                        -1.7720     1.7291
go                        -0.9574     0.7850
apart                     -0.8801     0.7920
from                      -0.5859     0.3807
being                     -0.2250     0.1672
incredibly                -5.5154     4.8754
slow                      -0.9672     0.8947
which                      0.3991    -0.3680
don                       -0.0257    -0.1421
mind                       0.5273    -0.4393
as                         0.3759    -0.3081
long                       0.0250    -0.0820
as                         0.3734    -0.3513
the                        0.0278    -0.0689
wait                       0.5937    -0.6120
is                        -1.0412     1.0087
worth                     -0.4408     0.4675
it                        -0.7489     0.8681
--------------------------------------------
Avg logits : pos=-0.6571  neg=0.5923
Softmax    : pos=0.2228  neg=0.7772
Predicted  : negative    True: negative
Epoch [4/10] Step  3050 | Train Loss 0.2804 Acc 0.902 | Test  Loss 0.3436 Acc 0.877

Word                    Pos logit  Neg logit
--------------------------------------------
i                          0.3520    -0.2107
think                      0.3234    -0.2577
its                        0.0579     0.0674
safe                       0.3606    -0.3188
to                         0.0597     0.0152
say                        0.4083    -0.3356
that                       0.5202    -0.4137
if                         0.2423    -0.2087
you                        0.0289     0.0761
only                       0.4583    -0.3404
really                     0.3897    -0.2375
watch                      0.0347    -0.1023
box                       -0.7436     0.5914
office                    -0.6428     0.4882
standard                  -1.1447     0.9783
films                     -2.5288     2.5329
or                        -1.1155     0.7291
any                       -2.0082     1.7613
premium                   -1.0207     0.7022
production                -3.8785     3.5462
don                       -0.8888     0.5785
bother                    -2.4554     2.1213
with                      -3.6122     3.2438
this                      -2.4169     2.1956
film                       1.7674    -1.4371
as                         0.8048    -0.5929
you                        0.4265    -0.3696
will                       0.8667    -0.6115
hate                       1.3456    -1.3771
it                        -0.8647     1.0951
--------------------------------------------
Avg logits : pos=-0.4958  neg=0.4636
Softmax    : pos=0.2770  neg=0.7230
Predicted  : negative    True: negative
Epoch [4/10] Step  3100 | Train Loss 0.3820 Acc 0.782 | Test  Loss 0.3357 Acc 0.900

Word                    Pos logit  Neg logit
--------------------------------------------
i                         -0.3127     0.3470
had                       -0.2069     0.1861
never                      0.1045    -0.1663
heard                      0.2028    -0.3099
of                         0.2066    -0.2153
this                      -1.3745     1.2850
flick                      1.0203    -0.5158
despite                    0.9183    -1.1194
the                        0.9482    -0.8514
connection                 0.9425    -1.1708
to                         0.9981    -1.0085
george                     1.0358    -1.1086
clooney                    1.6877    -1.4077
whose                      1.1481    -1.2917
company                    1.5958    -1.4295
produced                   1.7697    -1.4938
and                        1.6523    -1.4925
he                         1.9821    -1.8760
appears                    2.0124    -1.7587
in                         1.6117    -1.6797
very                       8.8377    -7.2830
funny                      3.4054    -2.9516
supporting                 1.8159    -1.7665
bit                        1.7632    -1.6881
and                        2.0637    -1.9361
his                        0.4555    -0.6251
ocean                     -0.4121     0.1864
director                  -8.1585     7.2402
steven                     0.5139    -0.7637
soderbergh                -9.5247     8.5572
--------------------------------------------
Avg logits : pos=0.6234  neg=-0.6036
Softmax    : pos=0.7733  neg=0.2267
Predicted  : positive    True: positive
Epoch [4/10] Step  3150 | Train Loss 0.3603 Acc 0.815 | Test  Loss 0.4237 Acc 0.880

Word                    Pos logit  Neg logit
--------------------------------------------
richard                    0.3354    -0.4766
brooks                     0.9264    -1.0884
excellent                 17.4949   -14.4630
film                      18.0985   -14.9601
of                         3.3297    -3.1474
truman                     0.3639    -0.5101
capote                    -0.3795     0.2628
novel                     -1.7580     1.6793
in                         0.7783    -0.9811
cold                       1.0833    -1.1784
blood                     -0.7390     0.8114
is                        12.2095    -9.4633
perfect                   10.8477    -8.4841
companion                 -2.2886     1.9055
piece                      4.7894    -3.8284
to                         0.2997    -0.3376
philip                     1.8910    -1.7249
seymour                    1.6166    -1.5114
hoffman                    0.8272    -0.9452
oscar                      2.5199    -2.2098
winning                    7.5247    -6.1100
performance                5.0495    -3.9749
in                         1.3410    -1.3686
the                        1.4723    -1.3560
capote                     0.1715    -0.1344
they                       0.4347    -0.4354
really                     0.9690    -0.8191
play                       0.6626    -0.5938
well                       1.6185    -1.3529
together                  -3.7147     3.4503
--------------------------------------------
Avg logits : pos=2.9258  neg=-2.4449
Softmax    : pos=0.9954  neg=0.0046
Predicted  : positive    True: positive
Epoch [4/10] Step  3200 | Train Loss 0.3808 Acc 0.793 | Test  Loss 0.2483 Acc 0.926

Word                    Pos logit  Neg logit
--------------------------------------------
what                       0.0146     0.0393
can                       -0.1465     0.1345
say                        0.1655    -0.1847
an                        -1.7125     1.6659
action                     0.9396    -0.8330
and                       -0.4755     0.5778
allegorical                0.3056    -0.1553
tale                       0.3218    -0.1093
which                      0.9332    -0.6852
has                       -0.0691     0.2163
just                      -0.9274     0.9845
about                      0.0637    -0.0137
everything                -0.7811     0.7977
basically                 -1.2770     1.2816
coming                     0.0619    -0.0022
of                        -0.1226     0.2659
age                        0.2573    -0.2472
tale                       0.8145    -0.5126
about                      0.3979    -0.2564
young                      1.0985    -0.9570
boy                        1.3789    -1.2920
who                        1.2645    -1.0747
is                         1.2041    -0.6302
thrust                     0.7105    -0.5495
into                      -0.9155     0.7849
position                  -8.5080     7.2255
of                        -5.3376     4.6258
having                    -1.3367     1.1652
to                        -0.3480     0.2431
save                     -12.0892    10.4027
--------------------------------------------
Avg logits : pos=-0.8038  neg=0.7636
Softmax    : pos=0.1726  neg=0.8274
Predicted  : negative    True: positive
Epoch [4/10] Step  3250 | Train Loss 0.3476 Acc 0.773 | Test  Loss 0.3992 Acc 0.835

Word                    Pos logit  Neg logit
--------------------------------------------
first                     -1.0817     0.9132
off                       -0.6616     0.4775
would                     -0.7665     0.5726
like                      -0.6070     0.4338
to                        -0.8176     0.6424
make                      -0.6996     0.5222
it                        -2.2566     2.3967
clear                     -0.8644     0.7910
that                      -0.1375     0.0436
voluntarily               -0.0357    -0.0817
subject                    0.0944    -0.1386
myself                    -0.7289     0.6625
to                        -0.7656     0.5840
the                       -1.9692     1.6781
viewing                   -0.8113     0.5753
of                        -6.3392     5.7302
terrible                 -16.9247    15.4233
movies                    -4.5196     4.0494
have                      -2.2331     1.9900
seen                      -6.0005     5.3687
what                      -4.9701     4.4037
thought                   -2.9373     2.5132
were                      -4.1091     3.6506
the                       -6.9226     6.2058
worst                    -18.4214    16.7696
of                       -11.1357    10.0981
the                       -6.9781     6.2704
worst                    -18.3775    16.7371
in                        -0.8592     0.5146
my                        -5.3227     4.8508
--------------------------------------------
Avg logits : pos=-4.2720  neg=3.8216
Softmax    : pos=0.0003  neg=0.9997
Predicted  : negative    True: negative
Epoch [4/10] Step  3300 | Train Loss 0.5189 Acc 0.846 | Test  Loss 0.4281 Acc 0.817

Word                    Pos logit  Neg logit
--------------------------------------------
overrated                 -9.2542     8.4588
mob                        0.0429    -0.1254
comedy                    -8.6649     7.8099
director                  -4.4856     4.0406
demme                     -0.2806     0.2531
makes                     -1.3672     1.3873
the                        0.8617    -0.8366
actors                     0.2753    -0.2337
pause                      0.2753    -0.2841
after                      0.1292    -0.2705
some                       0.9631    -0.9424
funny                      2.3779    -2.0163
lines                      1.5318    -1.3645
to                         0.4872    -0.5298
let                        0.6171    -0.6583
audience                   0.0611     0.0683
laugh                     -0.3279     0.3692
and                       -0.1308     0.1396
not                        0.3313    -0.4249
miss                       0.6314    -0.6794
next                       0.5289    -0.5759
line                       0.0017    -0.0788
seems                      0.3106    -0.2869
odd                       -0.2791     0.3992
this                       0.8723    -0.6178
director                  -0.9355     1.0102
did                        0.5519    -0.6521
silence                    0.7866    -0.8756
of                         1.2703    -1.0508
the                        0.8740    -0.7816
--------------------------------------------
Avg logits : pos=-0.3981  neg=0.3550
Softmax    : pos=0.3201  neg=0.6799
Predicted  : negative    True: negative
Epoch [4/10] Step  3350 | Train Loss 0.2436 Acc 0.894 | Test  Loss 0.3489 Acc 0.813

Word                    Pos logit  Neg logit
--------------------------------------------
i                          1.4663    -1.1638
surprised                  1.3666    -1.0150
at                         0.2921    -0.3444
the                        0.3449    -0.2956
comments                   0.1509    -0.4881
from                       0.2259    -0.4050
posters                    0.2089    -0.2586
stating                   -0.1290    -0.0060
that                      -0.3336     0.1171
jane                      -0.2767     0.0934
powell                    -0.7788     0.3473
made                      -0.5806     0.3131
the                       -0.7306     0.4484
same                      -0.9018     0.5527
type                      -1.5895     1.1846
of                        -1.0850     0.7524
films                     -1.0996     0.8770
deanna                    -1.0592     0.7762
durbin                    -1.1470     0.9491
did                       -0.8344     0.5765
although                   0.0778    -0.3440
they                      -0.5428     0.5294
were                      -0.6035     0.5966
both                       0.0222     0.0489
young                     -0.0786    -0.0569
sopranos                   1.5360    -0.9612
whose                      0.3530    -0.5413
film                       2.8404    -1.8978
images                    -0.0596     0.3170
were                       0.1150    -0.0092
--------------------------------------------
Avg logits : pos=-0.0943  neg=0.0231
Softmax    : pos=0.4707  neg=0.5293
Predicted  : negative    True: positive
Epoch [4/10] Step  3400 | Train Loss 0.3192 Acc 0.888 | Test  Loss 0.3049 Acc 0.838

Word                    Pos logit  Neg logit
--------------------------------------------
this                     -16.0510    14.7036
movie                    -18.3107    16.5726
is                       -18.4093    16.7563
absurd                   -19.5070    17.6533
absolutely               -19.9181    18.0996
terrible                 -19.9261    18.0369
michael                   -1.5564     1.2824
keaton                    -6.1751     5.5353
and                       -1.8941     1.6239
andy                      -1.4475     1.2078
garcia                    -1.2652     1.0740
must                      -0.2473     0.1252
really                    -2.6564     2.5214
have                      -1.7654     1.6053
needed                    -2.1655     1.9689
the                       -1.2954     1.1331
work                      -1.9489     1.7575
to                        -1.1068     0.8336
do                        -0.8781     0.6132
this                      -3.7860     3.4009
movie                     -5.4113     4.7357
the                       -2.3036     1.9917
plot                      -2.1114     2.0266
is                         0.6225    -0.0953
totally                   -2.3545     2.3626
not                       -0.4003     0.1233
believable                -1.3213     1.4063
michael                   -1.8140     1.6063
keaton                    -1.8366     1.6625
agrees                    -1.8618     1.5893
--------------------------------------------
Avg logits : pos=-5.3034  neg=4.7971
Softmax    : pos=0.0000  neg=1.0000
Predicted  : negative    True: negative
Epoch [4/10] Step  3450 | Train Loss 0.2379 Acc 0.909 | Test  Loss 0.3955 Acc 0.768

Word                    Pos logit  Neg logit
--------------------------------------------
this                     -22.0090    19.5886
lame                     -21.9670    19.4779
harold                    -1.5428     1.2406
lloyd                     -0.5994     0.3791
sound                    -18.7505    16.5311
film                     -19.1565    16.8279
has                       -8.3862     7.7895
nary                      -4.4873     4.4598
laugh                     -4.8123     4.7449
in                         1.2901    -1.1116
it                         0.6086    -0.2955
and                        1.3218    -1.0560
makes                      1.4423    -1.0112
one                        1.4666    -1.0881
wonder                     0.8851    -0.7064
if                         1.5341    -1.4413
this                      -0.3728     0.5083
lloyd                      1.2440    -1.2009
is                        -0.9006     0.9902
even                       0.9931    -0.9820
the                        0.3050    -0.2933
same                       0.5431    -0.5349
one                        0.0698     0.0044
that                       1.6118    -1.4610
made                       2.1184    -1.8323
all                       10.3145    -8.3847
of                         6.5832    -5.3302
those                      3.2568    -2.7998
delightful                18.0889   -14.5079
and                        9.2713    -7.4401
--------------------------------------------
Avg logits : pos=-1.3345  neg=1.3688
Softmax    : pos=0.0628  neg=0.9372
Predicted  : negative    True: negative
Epoch [4/10] Step  3500 | Train Loss 0.2759 Acc 0.844 | Test  Loss 0.5274 Acc 0.704

Word                    Pos logit  Neg logit
--------------------------------------------
the                        0.5358    -0.4738
french                     0.1788    -0.1320
naudet                    -0.8795     0.8472
brothers                  -0.5611     0.3907
did                       -1.0254     0.8375
something                 -3.0034     2.7491
nobody                    -3.7493     3.4376
else                      -2.8106     2.5292
did                       -1.8913     1.5954
they                      -2.3529     2.0735
had                       -2.0057     1.7669
video                     -1.8848     1.6273
camera                    -0.8321     0.7259
the                       -0.3606     0.2648
day                        0.1209    -0.1161
that                      -0.1242    -0.0007
this                       2.7348    -2.0471
tragedy                   -1.3497     1.3871
happened                  -0.3885     0.3539
they                      -0.3329     0.3136
were                      -0.9514     0.8455
in                        -0.3117     0.2300
building                  -0.6039     0.5060
when                      -0.9322     0.7354
you                       -0.9157     0.7708
could                     -0.8892     0.6933
see                       -2.0117     1.8020
papers                     0.1453    -0.3238
drifting                  -1.2414     1.1027
down                      -0.8498     0.7013
--------------------------------------------
Avg logits : pos=-0.9514  neg=0.8398
Softmax    : pos=0.1429  neg=0.8571
Predicted  : negative    True: positive
Epoch [4/10] Step  3550 | Train Loss 0.3276 Acc 0.860 | Test  Loss 0.4465 Acc 0.791

Word                    Pos logit  Neg logit
--------------------------------------------
i                          0.9389    -0.8965
was                        1.0619    -1.0176
looking                    0.9273    -0.9541
over                       1.1061    -1.0835
our                        3.1751    -2.6458
dvd                        0.4147    -0.6354
tower                      1.4177    -1.0774
last                       0.7596    -0.8516
night                      0.8012    -0.8046
for                        0.5161    -0.5362
something                 -0.3349     0.2673
to                        -0.0876    -0.0548
watch                     -0.4476     0.3463
we                        -0.4222     0.3242
were                      -0.3471     0.2298
between                   -0.1860     0.0260
netflix                    0.5608    -0.7668
mailings                   1.0066    -0.9175
and                        1.1654    -1.0277
it                         4.7936    -3.7071
was                        1.5888    -1.2704
quiet                      1.3917    -0.9375
saturday                   0.5498    -0.6076
night                      0.9448    -0.8934
pulled                     0.5184    -0.4222
one                        0.5155    -0.3825
out                        0.6232    -0.5882
that                       0.4134    -0.4931
never                      0.5050    -0.6076
heard                      0.6993    -0.8190
--------------------------------------------
Avg logits : pos=0.8190  neg=-0.7602
Softmax    : pos=0.8291  neg=0.1709
Predicted  : positive    True: negative
Epoch [4/10] Step  3600 | Train Loss 0.2199 Acc 0.930 | Test  Loss 0.4028 Acc 0.808

Word                    Pos logit  Neg logit
--------------------------------------------
this                     -12.4487    11.1520
film                     -12.9291    11.6187
is                       -13.1146    11.8721
bad                       -7.1831     6.5350
film                     -11.9618    10.8102
but                        1.1210    -1.2474
to                        -0.7798     0.6925
gain                      -0.8318     0.7549
any                       -1.0964     0.9494
nutritional               -1.4756     1.6078
value                      1.8446    -1.3348
from                       0.1622    -0.3009
it                        -0.1094     0.0556
recommend                  0.3263    -0.4371
watching                   0.6174    -0.6832
it                         0.4328    -0.4075
back                       0.6699    -0.7596
to                         0.5400    -0.6295
back                       0.2294    -0.3990
with                       0.5006    -0.4403
rosemary                   0.6005    -0.7196
baby                       0.3881    -0.5309
br                        -1.6542     1.6696
br                        -1.2029     1.0794
there                      0.3695    -0.4880
is                         6.4003    -5.6397
lot                        1.3936    -1.3161
to                         1.0787    -1.1250
learn                      3.2296    -2.7394
seeing                     3.5530    -3.0718
--------------------------------------------
Avg logits : pos=-1.3777  neg=1.2176
Softmax    : pos=0.0694  neg=0.9306
Predicted  : negative    True: negative
Epoch [4/10] Step  3650 | Train Loss 0.3781 Acc 0.823 | Test  Loss 0.3426 Acc 0.862

Word                    Pos logit  Neg logit
--------------------------------------------
i                          0.5529    -0.5261
saw                        0.7025    -0.7808
the                        0.8024    -0.8844
movie                      1.2437    -1.1084
in                         0.8860    -0.9421
and                        0.9340    -0.8801
like                       0.8643    -0.8482
other                      0.9130    -0.9125
people                     1.0431    -0.9899
who                        1.1548    -1.1350
have                       0.4477    -0.3005
commented                  0.6762    -0.6249
on                         0.6369    -0.6686
it                         0.8165    -0.6262
here                       1.0604    -0.9003
went                       0.9339    -0.7526
back                       1.3337    -1.1821
many                       1.2918    -1.1741
more                       1.9698    -1.5115
times                      1.2961    -1.2595
to                         1.2002    -1.1494
see                        1.9285    -1.5897
it                         1.6310    -1.3694
over                       1.7645    -1.5438
and                        1.9381    -1.6161
over                       1.4587    -1.2647
think                      2.8603    -2.3230
times                      1.8346    -1.7239
in                         1.6740    -1.5447
all                        3.4363    -2.8650
--------------------------------------------
Avg logits : pos=1.3095  neg=-1.1666
Softmax    : pos=0.9224  neg=0.0776
Predicted  : positive    True: positive
Epoch [4/10] Step  3700 | Train Loss 0.3736 Acc 0.827 | Test  Loss 0.4528 Acc 0.772

Word                    Pos logit  Neg logit
--------------------------------------------
i                         -0.4763     0.6813
haven                      0.5312    -0.6350
reviewed                   0.5112    -0.6152
anything                  -0.6227     0.5301
on                         0.5450    -0.5961
here                      -0.5322     0.4732
for                        0.3598    -0.3766
quite                      0.1836    -0.0048
awhile                    -0.5898     0.6921
but                        0.3106    -0.5006
after                     -0.4005     0.3266
having                    -0.6617     0.5124
the                       -1.5841     1.4072
misfortune                -2.8058     2.4730
to                        -1.2244     0.9433
sit                       -4.3180     3.7576
through                   -2.8790     2.4101
this                     -20.5733    18.0455
rubbish                   -1.0022     1.0708
masquarading              -2.1332     1.7379
as                        -2.2342     1.9364
entertainment             -1.0411     0.9345
had                       -1.7400     1.6022
to                        -0.8621     0.6916
put                       -0.6325     0.5117
forward                   -0.9768     0.8332
my                         4.1106    -3.5395
thoughts                   1.1965    -1.0498
br                        -5.0482     4.5593
br                        -9.1214     8.2562
--------------------------------------------
Avg logits : pos=-1.7904  neg=1.5689
Softmax    : pos=0.0336  neg=0.9664
Predicted  : negative    True: negative
Epoch [4/10] Step  3750 | Train Loss 0.3217 Acc 0.874 | Test  Loss 0.3629 Acc 0.854

Word                    Pos logit  Neg logit
--------------------------------------------
the                       -0.0447     0.0590
sleepy                    -0.0688     0.0807
small                     -0.1022     0.0969
southern                  -0.0400    -0.0563
town                       0.1580    -0.2129
of                         0.0595     0.0493
clarksburg                -0.0644    -0.0472
evil                       0.1147    -0.0019
sheriff                    0.4305    -0.5421
roy                        0.2232    -0.3188
childress                  0.2406    -0.3051
the                        0.5102    -0.4050
almighty                   0.7312    -0.6263
vic                        0.3587    -0.5424
morrow                     0.1725    -0.1021
in                         0.1286    -0.2058
peak                      -2.8960     2.9491
nasty                      0.0383     0.2484
form                       0.6610    -0.7359
cracks                    -0.0108     0.1524
down                       0.1736    -0.0933
super                      0.0269     0.0539
hard                      -0.5192     0.4125
on                        -0.3596     0.2134
speeders                  -0.4722     0.2856
by                        -2.3415     2.1093
forcing                   -0.8885     0.9448
said                      -0.2285    -0.1081
offenders                 -0.3078    -0.2356
off                       -0.6894     0.6947
--------------------------------------------
Avg logits : pos=-0.1669  neg=0.1270
Softmax    : pos=0.4270  neg=0.5730
Predicted  : negative    True: positive
Epoch [5/10] Step  3800 | Train Loss 0.3523 Acc 0.813 | Test  Loss 0.2164 Acc 0.921

Word                    Pos logit  Neg logit
--------------------------------------------
i                         -2.2667     2.0228
am                        -5.1949     4.6281
appalled                  -9.6144     8.6069
at                        -1.3478     1.0906
how                      -11.5142    10.4339
bad                      -12.9450    11.6759
this                     -12.9140    11.6697
film                     -13.2649    11.8481
is                        -9.6007     8.4213
as                        -2.0411     1.7265
pastiche                  -2.5477     2.2032
of                         0.4731    -0.3457
early                      1.8112    -1.9204
th                         3.8418    -2.9925
century                    1.9295    -1.7788
hollywood                  1.7716    -1.5981
artistes                   1.1627    -1.2147
it                         0.1672    -0.1510
sets                       0.3762    -0.4221
new                        0.5304    -0.5543
low                       -0.5912     0.5508
even                       0.6501    -0.6748
past                      -0.1090     0.0961
the                       -0.4766     0.5609
moderns                    0.5749    -0.6887
or                        -0.2167     0.0789
gasp                       0.4539     0.0531
cradle                     0.1146    -0.1175
will                       0.6692    -0.4353
rock                       0.1224     0.0023
--------------------------------------------
Avg logits : pos=-2.3332  neg=2.0925
Softmax    : pos=0.0118  neg=0.9882
Predicted  : negative    True: negative
Epoch [5/10] Step  3850 | Train Loss 0.4222 Acc 0.784 | Test  Loss 0.2797 Acc 0.859

Word                    Pos logit  Neg logit
--------------------------------------------
i                         -1.5587     1.4583
have                      -1.0836     0.9592
to                        -0.2973     0.1642
agree                     -0.3924     0.2289
with                      -0.6725     0.6661
what                       0.0053    -0.0686
many                       0.0402    -0.1058
of                         0.7642    -0.6016
the                        0.4337    -0.3473
other                      0.1747    -0.2573
reviewers                  0.0744    -0.2453
concluded                 -0.1030    -0.1371
subject                   -1.0165     0.8622
which                     -1.2567     1.1203
could                     -1.6311     1.4199
have                      -2.5791     2.3252
been                      -1.4096     1.2600
thought                   -0.8547     0.7023
provoking                 -0.3747     0.2763
and                       -0.0923     0.1397
shed                       0.1127    -0.0670
light                     -0.6061     0.6024
on                        -1.2673     1.1696
reversed                   0.8551    -1.1136
double                    -4.5636     4.3531
standard                  -2.9888     2.8406
failed                    -5.5029     5.2392
miserably                -18.1130    16.7584
br                       -25.0672    23.1260
br                       -21.5947    19.9400
--------------------------------------------
Avg logits : pos=-3.0188  neg=2.7556
Softmax    : pos=0.0031  neg=0.9969
Predicted  : negative    True: negative
Epoch [5/10] Step  3900 | Train Loss 0.4937 Acc 0.734 | Test  Loss 0.3603 Acc 0.822

Word                    Pos logit  Neg logit
--------------------------------------------
it                        -1.1593     1.4011
seems                      0.1506    -0.1222
lot                        0.4989    -0.4804
of                        -0.0226     0.1122
europeans                  0.7308    -0.7229
and                        0.4160    -0.2384
americans                  0.8910    -1.0406
see                        0.3770    -0.2016
indian                    -0.6502     0.5286
movies                    -2.0256     1.7897
for                       -0.4054     0.2515
the                       -2.9053     2.6534
wrong                     -5.0408     4.7374
reason                    -0.4064     0.2100
see                       -3.8075     3.5721
some                      -1.4504     1.2518
people                    -1.6067     1.4483
are                       -2.3207     2.0549
complaining               -1.8554     1.6331
that                      -0.7875     0.6067
this                      -2.0901     1.9536
movie                     -2.4678     2.3727
did                       -1.4800     1.2690
not                       -1.0167     0.7511
have                      -2.1706     2.1031
any                       -1.4896     1.3178
dance                     -2.0265     1.9349
sequence                  -1.3740     1.5842
class                     -0.5374     0.4390
apart                      0.4055    -0.3357
--------------------------------------------
Avg logits : pos=-1.1876  neg=1.0945
Softmax    : pos=0.0926  neg=0.9074
Predicted  : negative    True: positive
Epoch [5/10] Step  3950 | Train Loss 0.4013 Acc 0.779 | Test  Loss 0.4539 Acc 0.814

Word                    Pos logit  Neg logit
--------------------------------------------
i                         -0.3431     0.4865
am                        -1.7579     2.0533
huge                       0.7785    -0.4940
horror                    -0.6278     0.6246
splatter                  -0.8023     0.7306
fan                       -0.2997     0.1800
even                       0.3351    -0.3540
enjoy                      1.1261    -0.8451
horror                     3.1434    -2.6453
films                     -0.1271     0.1966
some                      -0.0655     0.0342
people                    -0.5425     0.5276
consider                   0.6667    -0.6154
as                        -7.4438     6.8226
stupid                   -16.7121    15.2114
also                      -0.9338     0.7921
like                      -0.9148     0.7654
gore                      -0.4495     0.3137
the                       -0.3766     0.3010
more                      -0.3688     0.3577
the                        0.6711    -0.6402
merrier                    0.5284    -0.2762
as                         0.5497    -0.3008
long                       0.9895    -0.9109
as                         1.2110    -0.9262
it                         2.0629    -1.4241
has                        0.3119    -0.2194
point                      0.9673    -0.7884
br                         0.4908    -0.3814
br                         0.2817    -0.1739
--------------------------------------------
Avg logits : pos=-0.5884  neg=0.6134
Softmax    : pos=0.2312  neg=0.7688
Predicted  : negative    True: negative
Epoch [5/10] Step  4000 | Train Loss 0.3843 Acc 0.787 | Test  Loss 0.3371 Acc 0.813

Word                    Pos logit  Neg logit
--------------------------------------------
asmali                     2.2236    -1.8741
konak                      1.7504    -1.4108
has                        6.1408    -4.9816
arguably                  11.6698    -9.5308
become                     8.4827    -6.9449
one                       14.3401   -11.5559
of                         3.0751    -2.7020
the                        2.3545    -2.1495
best                      14.6328   -11.6325
tv                         1.2799    -1.3019
series                    13.5338   -10.9128
to                         0.9464    -1.0985
come                       1.6045    -1.5053
out                        1.7528    -1.7357
of                         1.1586    -1.1310
turkey                     2.1202    -2.0607
with                       2.6347    -2.4642
its                        2.1600    -2.1718
unique                    19.5940   -16.1487
cinematography             2.6695    -2.3284
and                        1.9188    -1.8988
visual                     0.7356    -0.4208
approach                   1.8116    -1.7451
to                         1.7981    -1.7486
filming                    1.5939    -1.5697
the                        2.0353    -1.9333
series                     3.3570    -2.5227
has                        2.9528    -2.4659
gained                     2.0361    -1.7225
wide                       1.4626    -1.1210
--------------------------------------------
Avg logits : pos=4.4609  neg=-3.7596
Softmax    : pos=0.9997  neg=0.0003
Predicted  : positive    True: negative
Epoch [5/10] Step  4050 | Train Loss 0.3998 Acc 0.903 | Test  Loss 0.3261 Acc 0.888

Word                    Pos logit  Neg logit
--------------------------------------------
some                       0.2397    -0.3225
genre                      0.0123    -0.0242
films                     -1.0042     0.9738
need                      -0.3766     0.2734
to                         0.1520    -0.2466
be                         0.1922    -0.3339
dressed                   -0.2122     0.1331
up                        -0.3034     0.1830
this                      -0.9592     1.0625
one                       -1.8064     1.6803
was                       -0.9229     0.8040
an                        -3.3509     3.3393
exception                  0.0295    -0.1121
taken                      0.9289    -1.0560
on                         1.0142    -1.2472
its                        0.9017    -1.0777
own                        0.8816    -1.0120
merit                      0.4795    -0.3676
it                        -1.1422     1.2377
a                         -1.7956     1.9587
dressed                    0.7419    -0.7221
down                       0.2558    -0.3662
version                    0.4435    -0.6018
of                         0.0316    -0.3059
the                        0.2084    -0.4812
horror                     0.9147    -1.0313
genre                      0.5505    -0.6064
film                      -3.1399     2.9499
with                      -0.1397     0.1076
minimal                   -0.3282     0.3185
--------------------------------------------
Avg logits : pos=-0.2501  neg=0.1702
Softmax    : pos=0.3964  neg=0.6036
Predicted  : negative    True: positive
Epoch [5/10] Step  4100 | Train Loss 0.3492 Acc 0.782 | Test  Loss 0.3132 Acc 0.878

Word                    Pos logit  Neg logit
--------------------------------------------
i                         -1.1507     1.2758
found                     -0.2682     0.2118
this                      -2.0496     2.1157
film                      -3.3846     3.2559
to                        -0.5877     0.4187
be                        -1.1136     0.9950
an                       -11.3057    10.9828
utter                     -6.4704     6.3568
dissapointment            -0.9663     0.6586
the                       -0.9151     0.8129
talent                    -0.9343     0.9155
available                 -0.2225    -0.0925
to                        -0.1375    -0.0279
the                        0.4087    -0.5284
director                   1.4584    -1.0474
notably                    0.0334    -0.3628
stanley                    0.7151    -0.7813
tucci                      0.7648    -0.8378
chris                      0.2438    -0.5614
walken                     0.3016    -0.4810
hank                       0.0592    -0.3122
azaria                    -0.3899     0.0746
and                       -0.6707     0.4431
alan                      -0.3905     0.0039
arkin                     -0.5948     0.3497
without                   -0.4652     0.1848
even                      -0.2013     0.0046
mentioning                -1.1002     0.9047
the                       -1.4866     1.2505
four                      -1.4910     1.2749
--------------------------------------------
Avg logits : pos=-1.0771  neg=0.9152
Softmax    : pos=0.1200  neg=0.8800
Predicted  : negative    True: negative
Epoch [5/10] Step  4150 | Train Loss 0.4727 Acc 0.782 | Test  Loss 0.2926 Acc 0.901

Word                    Pos logit  Neg logit
--------------------------------------------
i                         -0.4292     0.4809
have                      -0.3192     0.3161
to                        -0.1318     0.0917
say                        0.0402    -0.1248
that                       0.0734    -0.1471
haven                     -0.0286    -0.1043
expected                  -0.4346     0.3543
that                       0.1744    -0.2279
this                       1.0886    -0.7705
movie                     -0.4451     0.5055
to                         0.5214    -0.5182
be                         0.5349    -0.4690
this                       9.2167    -7.0780
good                       1.8248    -1.1475
usually                    0.8678    -0.8969
the                        1.7525    -1.3380
eastern                    0.8355    -0.7933
cinema                     2.6934    -1.9858
presents                   6.7076    -5.4606
the                        1.1903    -1.0726
communist                  0.9078    -0.7572
past                       1.3471    -1.3228
in                         1.0257    -1.0693
of                         0.9650    -0.8824
the                        0.6051    -0.6657
films                      0.2083     0.0784
however                    0.7066    -0.8943
this                      -2.0069     2.1612
film                      -2.7343     2.9655
surpasses                 -1.9650     2.1147
--------------------------------------------
Avg logits : pos=0.8264  neg=-0.6219
Softmax    : pos=0.8097  neg=0.1903
Predicted  : positive    True: positive
Epoch [5/10] Step  4200 | Train Loss 0.2544 Acc 0.908 | Test  Loss 0.3367 Acc 0.880

Word                    Pos logit  Neg logit
--------------------------------------------
whoever                   -2.8003     2.7956
thought                   -0.6725     0.6433
that                      -0.8872     0.7302
another                   -0.6065     0.8316
home                      -0.7010     0.6808
alone                     -1.4971     1.5338
film                      -4.2127     3.7858
would                     -2.0501     1.8226
be                        -1.2635     1.1486
good                      -1.5427     1.4965
idea                      -1.4364     1.3555
should                    -1.4642     1.3487
have                      -1.2932     1.2223
their                     -0.6724     0.6452
head                      -0.2188     0.3336
examined                  -0.7131     0.5630
same                      -0.3832     0.3428
plot                       5.1135    -4.0410
different                  1.0143    -0.8253
kid                        0.0694    -0.1543
more                       0.7635    -0.6023
villains                   0.8763    -0.6704
which                     -1.0252     0.9164
leads                     -1.0009     0.9712
to                        -0.0621    -0.0549
more                      -2.3402     2.0508
endless                   -9.8003     8.9459
stupidity                -10.5830     9.6226
in                        -0.7007     0.4395
the                       -1.5222     1.1441
--------------------------------------------
Avg logits : pos=-1.3871  neg=1.3007
Softmax    : pos=0.0637  neg=0.9363
Predicted  : negative    True: negative
Epoch [5/10] Step  4250 | Train Loss 0.3761 Acc 0.877 | Test  Loss 0.2775 Acc 0.851

Word                    Pos logit  Neg logit
--------------------------------------------
i                          3.2283    -2.6714
got                        3.5367    -2.9695
the                        2.0043    -1.8179
dvd                        0.7126    -1.0073
from                       1.2894    -1.3648
the                        1.9501    -1.9018
library                    1.1491    -1.2683
in                         1.2382    -1.3291
the                        1.2020    -1.2137
expectation                3.2194    -2.5061
of                        -0.0402     0.0749
getting                    1.4581    -1.2234
good                      -1.6075     1.4837
idea                       0.3838    -0.4398
of                         0.2073    -0.1962
how                        0.6837    -0.6041
things                     0.6470    -0.7445
go                         0.8104    -0.9243
on                         0.5843    -0.8024
in                         1.0125    -1.1619
the                        0.8028    -0.9420
background                 0.4915    -0.6242
at                         0.2634    -0.5214
major                      0.1925    -0.4278
opera                     -0.1064    -0.0387
production                -2.2222     2.0806
have                      -2.2708     2.0294
to                        -0.7901     0.4359
say                       -0.1507    -0.1593
was                       -5.8467     5.1964
--------------------------------------------
Avg logits : pos=0.4678  neg=-0.5186
Softmax    : pos=0.7284  neg=0.2716
Predicted  : positive    True: negative
Epoch [5/10] Step  4300 | Train Loss 0.2973 Acc 0.851 | Test  Loss 0.2627 Acc 0.920

Word                    Pos logit  Neg logit
--------------------------------------------
may                       -1.2106     0.8054
contain                   -1.4946     1.5019
spoilers                  -2.7363     2.6263
br                        -4.4302     4.1974
br                        -2.4172     2.5267
if                        -0.6160     0.4989
living                    -1.0064     0.7559
on                        -0.9147     0.5473
tokyo                     -2.3375     1.2256
time                       0.6606    -0.5302
were                       0.1050     0.0165
some                       1.5474    -1.3465
bold                      -1.5987     1.3353
experiment                 0.4363    -0.3520
where                     -0.1551     0.0464
real                       4.9974    -3.8388
life                       0.3221    -0.2934
wanna                      1.4521    -1.0186
be                         0.2587    -0.2607
actors                    -0.3545     0.4651
were                      -0.6596     0.7297
given                      0.1033    -0.0781
film                       0.9030    -0.5507
parts                     -0.7246     0.5064
on                        -1.2303     0.8542
the                       -0.5911     0.6091
condition                  1.0080    -1.7510
that                      -0.6530     0.4483
they                      -0.9646     0.9427
would                     -0.7972     0.6173
--------------------------------------------
Avg logits : pos=-0.4366  neg=0.3745
Softmax    : pos=0.3076  neg=0.6924
Predicted  : negative    True: negative
Epoch [5/10] Step  4350 | Train Loss 0.2998 Acc 0.872 | Test  Loss 0.3994 Acc 0.809

Word                    Pos logit  Neg logit
--------------------------------------------
movies                    -0.8212     0.7279
are                       -0.5432     0.3985
something                 -1.4361     1.2984
you                       -0.0351    -0.0761
see                       -0.4519     0.4295
on                         0.3502    -0.6748
saturday                  -0.1274     0.0203
night                      0.0861    -0.2650
and                        0.5008    -0.5172
forget                     0.4926    -0.6204
by                        -0.8783     0.9576
sunday                    -0.5279     0.4012
morning                    0.7680    -1.1792
motion                    -0.2500     0.3244
pictures                  -0.2726     0.2211
are                       -0.1362    -0.0988
works                      0.1903    -0.2825
of                         0.7835    -0.8744
art                        1.0090    -1.0826
that                       1.0895    -1.2494
stick                      0.8112    -0.6744
with                       1.0376    -0.9422
you                        1.0434    -1.0379
forever                    0.9075    -0.9205
mishima                    0.7093    -0.5586
falls                      0.2548    -0.2147
into                       0.2928    -0.2969
the                        0.0457    -0.0952
latter                     0.0018    -0.1824
category                   0.2609    -0.1943
--------------------------------------------
Avg logits : pos=0.1718  neg=-0.2420
Softmax    : pos=0.6020  neg=0.3980
Predicted  : positive    True: positive
Epoch [5/10] Step  4400 | Train Loss 0.2894 Acc 0.883 | Test  Loss 0.3679 Acc 0.787

Word                    Pos logit  Neg logit
--------------------------------------------
ok                        -3.2114     2.9985
so                         0.7199    -0.5315
it                         3.4114    -2.7048
not                       -0.1491     0.0647
great                      1.7680    -1.2907
either                    -0.4953     0.4349
but                        0.7914    -0.8673
only                       0.5226    -0.4352
because                    1.1941    -1.2431
of                         1.4152    -1.1955
how                        1.8378    -1.6639
great                      8.7907    -7.4959
laurel                     6.4567    -5.5439
and                        1.7116    -1.5932
hardy                      1.1119    -1.1940
have                      -0.5405     0.5580
been                       0.5492    -0.5039
in                         0.3507    -0.4443
the                       -0.1711     0.1005
past                      -0.2689     0.1148
if                        -0.6463     0.3957
this                      -0.6824     0.7564
film                      -0.4299     0.3706
received                  -0.1632    -0.1500
total                     -0.6621     0.3725
overhaul                  -0.9095     0.5813
with                       0.3361    -0.4605
picture                    3.1753    -2.5249
quality                    0.9236    -0.8232
enhanced                  -1.6215     1.4910
--------------------------------------------
Avg logits : pos=0.8372  neg=-0.7476
Softmax    : pos=0.8299  neg=0.1701
Predicted  : positive    True: negative
Epoch [5/10] Step  4450 | Train Loss 0.4086 Acc 0.839 | Test  Loss 0.2629 Acc 0.932

Word                    Pos logit  Neg logit
--------------------------------------------
i                          0.2251    -0.1767
just                       0.1125    -0.1325
saw                        0.1523    -0.2963
this                      -1.5045     1.4833
film                      -0.3060     0.2919
again                     -0.0753    -0.1023
believe                    0.1057    -0.3250
for                        0.2186    -0.4031
the                       -0.0236    -0.0900
sixth                     -0.3010     0.2204
time                       0.2938    -0.3908
will                       0.3770    -0.3811
doubtless                  1.4061    -1.2043
see                        2.6775    -2.1708
it                         4.0705    -3.0792
many                       1.8252    -1.6130
more                       2.9118    -2.2604
times                      1.4967    -1.5571
this                       5.8273    -4.4339
is                        18.1661   -15.7376
one                       14.4755   -12.4773
of                         4.5906    -3.9811
the                        4.2316    -3.6625
most                      16.8653   -14.3169
brilliant                 11.8000    -9.9210
french                     4.9580    -4.2414
films                      4.9912    -4.1349
ever                      10.8468    -9.2680
made                       1.7901    -1.4026
although                   2.6243    -2.4874
--------------------------------------------
Avg logits : pos=3.8276  neg=-3.2751
Softmax    : pos=0.9992  neg=0.0008
Predicted  : positive    True: positive
Epoch [5/10] Step  4500 | Train Loss 0.2636 Acc 0.840 | Test  Loss 0.2883 Acc 0.836

Word                    Pos logit  Neg logit
--------------------------------------------
i                          6.4096    -5.4104
enjoyed                   18.9124   -15.7738
this                      20.8364   -17.4587
film                      15.6320   -13.4417
it                         9.8245    -8.3968
was                        1.4313    -1.0824
funny                      2.1635    -1.5779
cute                       0.1322    -0.0408
silly                     -3.4966     3.4298
and                        0.9910    -0.7168
entertaining              -3.4042     3.3916
had                       -1.9544     1.9509
fine                       1.5511    -1.1442
cast                      -1.0129     1.0216
and                        1.3851    -1.2076
really                     1.9709    -1.6728
got                        0.9539    -0.8425
hammered                   0.8491    -0.7175
by                         0.2738    -0.1693
some                       1.5421    -1.4803
critics                    0.9627    -1.1424
for                        0.7981    -0.8112
reasons                   -0.1921    -0.2313
that                       0.7819    -0.8430
truly                     -1.9744     2.0186
don                        0.3435    -0.5190
understand                -1.2974     1.3137
no                        -0.2440     0.0730
it                        -1.1287     0.8828
wasn                      -1.0468     0.7560
--------------------------------------------
Avg logits : pos=2.3998  neg=-1.9947
Softmax    : pos=0.9878  neg=0.0122
Predicted  : positive    True: positive
Epoch [5/10] Step  4550 | Train Loss 0.3493 Acc 0.794 | Test  Loss 0.2655 Acc 0.867

Word                    Pos logit  Neg logit
--------------------------------------------
labored                   -1.1354     1.1601
comedy                    -1.4192     1.4628
has                       -0.6023     0.4224
r                          0.2235    -0.3020
agent                     -0.0520    -0.1026
tony                       0.1080    -0.0926
randall                    0.7361    -0.7850
investigating             -0.1062    -0.2589
eccentric                  0.7025    -0.6437
farm                       0.1207    -0.1496
family                     0.7050    -0.7221
in                         0.0446    -0.0775
maryland                   0.3576    -0.3263
who                        0.2509    -0.2628
have                      -0.2503     0.3438
never                      0.3318    -0.4047
paid                      -0.1904     0.0477
their                      0.1381    -0.2674
taxes                     -0.4067     0.2498
debbie                    -1.0266     0.8215
reynolds                  -0.7939     0.5706
is                        -6.1421     5.3873
the                       -1.2571     1.0899
tomboy                    -0.3780     0.2405
farmer                    -0.3588     0.0802
daughter                   0.1849    -0.4992
who                       -0.0158    -0.2103
puts                       0.7308    -0.2581
the                       -1.2972     1.1346
squeeze                   -0.6413     0.5219
--------------------------------------------
Avg logits : pos=-0.3813  neg=0.2723
Softmax    : pos=0.3422  neg=0.6578
Predicted  : negative    True: negative
Epoch [5/10] Step  4600 | Train Loss 0.3785 Acc 0.810 | Test  Loss 0.4491 Acc 0.773

Word                    Pos logit  Neg logit
--------------------------------------------
renown                     1.0495    -0.8804
writer                     0.2237    -0.3167
mark                       0.4044    -0.5876
redfield                   0.1870    -0.3485
as                         0.7018    -0.7991
edgar                      0.8275    -0.9270
allen                      0.5614    -0.6816
poe                        0.6422    -0.8040
tries                      1.1367    -1.2746
to                         0.9569    -0.9821
conquer                    0.8175    -0.6120
old                        1.2035    -1.2957
addictions                 1.4859    -1.3825
and                        1.8895    -1.5197
start                      1.8289    -1.5107
new                        1.4220    -1.3662
life                       1.7336    -1.6672
for                        1.5332    -1.4980
himself                    1.1111    -1.2347
as                         0.9908    -0.9931
baltimore                  1.2979    -1.3788
maryland                   1.1740    -1.2013
magazine                   1.1348    -1.3244
publisher                  0.8333    -0.9317
however                    0.2816    -0.4270
blackouts                  1.3380    -1.5860
delirium                   0.1057    -0.0301
and                       -0.1588     0.2623
rejection                  0.0233     0.0320
threaten                   1.0484    -1.0215
--------------------------------------------
Avg logits : pos=0.9262  neg=-0.9429
Softmax    : pos=0.8664  neg=0.1336
Predicted  : positive    True: negative
Epoch [5/10] Step  4650 | Train Loss 0.4697 Acc 0.700 | Test  Loss 0.2937 Acc 0.905

Word                    Pos logit  Neg logit
--------------------------------------------
as                         0.3725    -0.3342
other                      0.1730    -0.2104
reviews                    0.1266    -0.3085
have                      -0.7503     0.6672
stated                    -0.6027     0.3688
there                     -0.8799     0.7217
are                       -1.1534     1.0020
few                       -0.7183     0.5483
missing                   -3.4859     3.1379
videos                    -0.9037     0.6577
from                      -0.2468     0.0771
this                      -0.1282     0.1035
collection                -0.9859     0.7764
but                        0.6507    -0.8738
what                       1.3001    -1.2896
is                         0.9376    -0.9282
on                         0.7732    -0.8797
this                       1.5368    -1.8284
disc                       0.6863    -0.8865
is                         0.0391    -0.0769
overwhelming              -0.5332     0.5094
there                      0.1887    -0.2391
are                        0.0971    -0.1077
two                        0.0383    -0.1052
separate                   0.2175    -0.3405
soundtracks                0.1945    -0.2280
an                        -0.3686    -0.0310
original                  -0.7127     0.4059
recording                 -0.1925    -0.1604
and                        0.6982    -0.9079
--------------------------------------------
Avg logits : pos=-0.1211  neg=-0.0253
Softmax    : pos=0.4761  neg=0.5239
Predicted  : negative    True: positive
Epoch [6/10] Step  4700 | Train Loss 0.3772 Acc 0.846 | Test  Loss 0.3080 Acc 0.956

Word                    Pos logit  Neg logit
--------------------------------------------
you                        0.1100    -0.1261
ve                        -3.5591     3.1707
been                       0.1017    -0.1888
fouled                    -1.3238     1.2524
and                       -0.9282     0.9142
beaten                     0.2516    -0.2448
up                         0.1893    -0.2978
in                         0.2355    -0.3357
submission                 2.6021    -2.0425
by                         1.1932    -0.8288
my                         1.6756    -1.1219
harsh                      0.2470    -0.7037
statements                -0.6044     0.0900
about                     -0.5186     0.3053
femme                      0.3612    -0.3426
fatale                     0.6064    -0.4971
guns                       0.1351    -0.1143
gals                      -0.5385     0.7231
movies                    -0.0264     0.1550
now                       -0.9195     0.9577
comes                    -20.0479    17.7036
another                  -15.1918    13.6347
breed                      0.3514    -0.5074
in                         0.6943    -0.8251
disappointing            -21.6980    19.3576
rediscoveries            -19.3671    17.2814
ninja                     -0.8732     0.6443
movies                    -4.8216     4.1809
many                       0.1348    -0.3537
of                         0.4188    -0.4553
--------------------------------------------
Avg logits : pos=-2.7037  neg=2.3795
Softmax    : pos=0.0062  neg=0.9938
Predicted  : negative    True: negative
Epoch [6/10] Step  4750 | Train Loss 0.3776 Acc 0.779 | Test  Loss 0.3798 Acc 0.866

Word                    Pos logit  Neg logit
--------------------------------------------
how                       -0.5855     0.5617
is                        -3.4232     3.1749
it                        -3.6061     3.4506
possible                  -0.3110     0.1981
to                        -0.6335     0.4421
make                      -0.9955     0.7669
such                      -5.1603     4.5433
bad                      -15.4550    13.9300
movie                    -14.7332    13.2859
with                      -4.2513     3.5705
such                      -4.4127     3.7150
actors                    -7.3531     6.4798
were                      -5.1914     4.6248
they                      -4.6365     4.1305
forced                    -5.1464     4.6076
into                      -2.7462     2.3166
it                        -9.5225     8.5363
the                       -4.2882     3.7683
plot                     -11.6434    10.5844
has                       -7.2133     6.6100
nothing                  -10.0122     9.1731
to                        -1.1656     0.8828
do                        -0.6861     0.3702
with                      -3.4330     2.9663
an                        -3.8288     3.3606
idea                      -2.8303     2.3417
of                        -1.6551     1.3665
how                       -1.2788     1.0742
things                    -0.6511     0.3673
would                     -0.8535     0.6014
--------------------------------------------
Avg logits : pos=-4.5901  neg=4.0600
Softmax    : pos=0.0002  neg=0.9998
Predicted  : negative    True: negative
Epoch [6/10] Step  4800 | Train Loss 0.2881 Acc 0.907 | Test  Loss 0.4633 Acc 0.773

Word                    Pos logit  Neg logit
--------------------------------------------
does                      -0.1342     0.1285
anyone                     0.3325    -0.4559
remember                   0.8400    -0.7428
braveheart                 2.8713    -2.4971
it                         2.0766    -2.0090
starred                    0.2821    -0.3884
mel                        1.2883    -1.3168
gibson                     1.6108    -1.6034
who                        1.3550    -1.5701
also                       0.9887    -1.0421
directed                   0.8831    -0.6009
and                        0.7774    -0.8470
was                        0.1782    -0.2798
scripted                  -1.1833     1.0643
by                         0.2901    -0.3673
randall                    0.4674    -0.7925
wallace                    0.4148    -0.6805
the                       -0.4193     0.2546
film                      -2.4612     2.6578
contains                  -2.1492     2.0418
over                      -1.1535     1.0086
errors                    -2.2294     2.1700
does                      -1.3848     1.2854
anyone                    -0.6872     0.4273
remember                   0.2393    -0.1131
the                       -0.1920     0.2119
green                     -0.2630     0.2570
berets                     0.1908    -0.1123
that                       0.5570    -0.5492
the                        0.6130    -0.5377
--------------------------------------------
Avg logits : pos=0.1333  neg=-0.1666
Softmax    : pos=0.5744  neg=0.4256
Predicted  : positive    True: negative
Epoch [6/10] Step  4850 | Train Loss 0.4275 Acc 0.819 | Test  Loss 0.4931 Acc 0.830

Word                    Pos logit  Neg logit
--------------------------------------------
usually                    0.3096    -0.4903
musicals                   0.5664    -0.4694
in                         0.2077    -0.3666
the                       -0.1450    -0.0483
were                      -1.3432     1.0836
of                        -0.4781     0.2831
set                       -1.1989     0.8836
formula                   -0.0223     0.0278
and                       -0.0746     0.0855
if                         0.5616    -0.6262
you                        0.9936    -0.9333
studied                    0.7665    -0.8191
films                      1.2703    -1.0133
you                        0.6887    -0.6510
know                       0.4177    -0.4816
what                       0.4735    -0.4512
m                         -0.8150     0.8438
talking                    0.5421    -0.5766
about                      0.3487    -0.3338
certain                    0.5795    -0.5268
running                    0.6633    -0.6003
lenghth                    0.9469    -0.8759
very                      -2.4566     2.7499
showy                     -0.1060     0.4183
performances               7.3028    -6.1335
that                       1.3916    -1.3149
were                       3.1225    -2.6074
great                      6.6894    -5.6819
on                         0.5889    -0.5816
the                        0.9420    -0.8383
--------------------------------------------
Avg logits : pos=0.7578  neg=-0.6682
Softmax    : pos=0.8063  neg=0.1937
Predicted  : positive    True: positive
Epoch [6/10] Step  4900 | Train Loss 0.3289 Acc 0.850 | Test  Loss 0.2911 Acc 0.841

Word                    Pos logit  Neg logit
--------------------------------------------
this                      -1.2092     1.2619
is                        -1.4313     1.6106
not                        1.1193    -1.1661
so                         0.2877    -0.1132
much                       1.4382    -1.3530
of                         0.6014    -0.5972
review                     1.4236    -1.4128
as                         0.0992    -0.1999
it                        -5.6934     5.1481
is                        -6.1995     5.7575
testament                  0.7616    -0.5974
that                       1.1917    -1.0338
it                         5.5784    -4.3200
has                        1.4819    -1.0150
been                       1.2546    -1.0642
proven                     2.7431    -1.8606
yet                        1.7911    -1.4132
again                      0.7630    -0.6675
that                       0.3454    -0.3212
the                       -0.5260     0.4038
academy                   -0.0998    -0.0093
rewards                   -5.2496     4.6689
money                     -2.8580     2.7011
not                        0.0400    -0.3216
artistic                  -1.0783     1.1615
accomplishment             7.2306    -6.1031
and                       -0.1141     0.2002
must                      -0.6220     0.5869
say                        1.0126    -0.9389
am                         1.1822    -0.9959
--------------------------------------------
Avg logits : pos=0.1755  neg=-0.0668
Softmax    : pos=0.5603  neg=0.4397
Predicted  : positive    True: positive
Epoch [6/10] Step  4950 | Train Loss 0.2712 Acc 0.903 | Test  Loss 0.3562 Acc 0.818

Word                    Pos logit  Neg logit
--------------------------------------------
was                       -2.8744     2.7740
unlucky                   -3.4013     3.3437
enough                    -0.8345     0.6119
to                        -0.8008     0.5655
see                       -1.3150     1.2454
this                      -0.1916     0.2177
while                     -0.5892     0.5341
travelling                 0.2738    -0.3288
by                        -1.2280     1.4542
coach                      0.2088    -0.2342
across                     0.7591    -0.5138
africa                     1.0772    -0.8916
it                         1.6883    -1.1887
was                       -0.5263     0.6337
far                        0.1260    -0.2030
and                       -1.4472     1.3563
away                      -0.3920     0.2841
the                       -1.6985     1.4785
worst                    -22.2142    20.1458
film                     -21.2914    19.2939
have                      -1.5081     1.3718
ever                      10.3080    -8.2697
come                      -0.3928     0.3934
across                     0.9115    -0.6005
deserves                  11.5107    -9.2024
to                        -0.0608     0.0359
be                        -0.2099     0.2025
the                       -1.4900     1.3937
all                       -4.9344     4.5764
time                      -5.2666     4.8584
--------------------------------------------
Avg logits : pos=-1.5268  neg=1.5113
Softmax    : pos=0.0457  neg=0.9543
Predicted  : negative    True: negative
Epoch [6/10] Step  5000 | Train Loss 0.4413 Acc 0.791 | Test  Loss 0.3639 Acc 0.839

Word                    Pos logit  Neg logit
--------------------------------------------
and                        5.4474    -4.6332
love                       5.5463    -4.7879
it                        13.4151   -11.5088
lots                       2.2670    -2.0228
of                         1.7869    -1.4361
special                    1.7304    -1.5230
effects                    1.2714    -1.2859
and                        0.2766    -0.2491
for                        0.4284    -0.4920
movie                     -2.0387     1.9745
that                      -0.2238     0.0934
not                        0.8080    -0.9984
made                      -0.7896     0.7266
on                        -0.4398     0.2290
mega                      -0.9548     0.7129
budget                    -0.8347     0.6793
this                      10.3865    -9.0499
movie                     12.6878   -10.9790
really                     6.6955    -5.6371
does                       3.1788    -2.6732
great                      9.1563    -7.8038
job                       12.3349   -10.6691
of                         1.8985    -1.7419
creating                   1.7947    -1.6686
fantasy                    1.2852    -1.3908
masterpiece               19.2144   -16.4908
m                         19.8169   -17.0711
one                       11.5009    -9.9634
of                         0.9045    -0.6766
the                        0.6608    -0.5414
--------------------------------------------
Avg logits : pos=4.6404  neg=-4.0293
Softmax    : pos=0.9998  neg=0.0002
Predicted  : positive    True: positive
Epoch [6/10] Step  5050 | Train Loss 0.3263 Acc 0.876 | Test  Loss 0.6292 Acc 0.743

Word                    Pos logit  Neg logit
--------------------------------------------
audrey                     0.5625    -0.5629
know                       1.0879    -1.0325
you                        2.3518    -2.0575
truly                     26.7936   -23.5397
cherish                    6.4157    -5.4396
your                       0.9516    -0.6416
husband                    1.1918    -1.1075
ted                        1.6201    -1.3599
memory                     1.3709    -1.0349
but                        2.4168    -2.0234
please                     1.5501    -1.2968
do                         1.2340    -1.0473
his                        1.6325    -1.3784
legacy                     2.0763    -1.8297
justice                    0.5411    -0.5827
and                        2.4562    -1.6878
heed                       1.8662    -1.4026
his                        1.9123    -1.5924
wishes                     2.0004    -1.5797
dr                         1.2189    -0.9315
seuss                     -0.5138     1.1085
refused                    0.4448    -0.4935
to                         0.4244    -0.2199
license                    0.1667    -0.3511
his                        0.0365    -0.0321
characters                 3.4578    -2.4575
during                     0.1500    -0.1360
his                        0.0691    -0.1105
lifetime                   2.0386    -1.3443
for                        0.6651    -0.5200
--------------------------------------------
Avg logits : pos=2.2730  neg=-1.8895
Softmax    : pos=0.9847  neg=0.0153
Predicted  : positive    True: negative
Epoch [6/10] Step  5100 | Train Loss 0.2576 Acc 0.898 | Test  Loss 0.3348 Acc 0.824

Word                    Pos logit  Neg logit
--------------------------------------------
i                          1.2824    -1.0213
sure                       1.4256    -1.3064
there                      2.4205    -2.0891
is                        12.3274   -10.9937
documentary                5.4825    -4.2854
amongst                    1.7624    -1.6018
the                        1.4837    -1.2920
ruins                     -7.7908     6.8978
of                        -0.4585     0.3735
this                     -15.0409    13.3097
yawn                      -4.8522     4.4259
fest                      -5.7363     5.2017
somewhere                 -1.7269     1.8905
given                     -1.3238     1.1551
enough                    -1.3055     1.1777
time                      -2.1263     1.9609
maybe                     -0.4473     0.3450
the                       -1.7261     1.4966
producers                 -0.3583     0.2247
could                     -1.8539     1.5958
find                      -0.6046     0.4271
it                        -1.5015     1.4950
do                         0.0764    -0.3131
not                        0.4455    -0.7081
connect                   -0.7232     0.5787
with                      -1.9259     1.8976
any                        0.5053    -0.6313
of                        -2.1823     2.0372
the                       -2.0873     1.7574
characters                -6.9772     6.4040
--------------------------------------------
Avg logits : pos=-1.1179  neg=1.0137
Softmax    : pos=0.1061  neg=0.8939
Predicted  : negative    True: negative
Epoch [6/10] Step  5150 | Train Loss 0.3627 Acc 0.905 | Test  Loss 0.3542 Acc 0.815

Word                    Pos logit  Neg logit
--------------------------------------------
it                         1.3473    -0.8807
has                        0.6690    -0.6015
past                       0.7023    -0.7029
almost                     1.0528    -0.8492
years                      0.3920    -0.5455
since                      0.6117    -0.7631
saw                       -0.1686     0.0131
this                      -3.9944     3.4548
movie                     -4.4458     3.9787
would                     -1.0690     0.7235
consider                  -0.2573    -0.0773
this                      -1.7179     1.5121
film                      -1.4145     1.1410
as                         0.9328    -0.9828
an                         5.8033    -4.9672
all                        3.2370    -2.8376
time                       3.8510    -3.3476
classic                    2.8510    -2.5598
in                         1.5670    -1.5868
drama                      1.1724    -1.1029
category                   2.3949    -2.1057
anthony                    1.8865    -1.8545
queen                      1.8890    -1.9292
gives                      4.3222    -3.6024
one                       20.3158   -17.0489
of                         4.0366    -3.5341
the                        3.2657    -2.9583
most                      23.5049   -19.4804
wonderful                 23.2554   -19.3369
performances              11.1178    -9.1907
--------------------------------------------
Avg logits : pos=3.5704  neg=-3.0674
Softmax    : pos=0.9987  neg=0.0013
Predicted  : positive    True: positive
Epoch [6/10] Step  5200 | Train Loss 0.4595 Acc 0.801 | Test  Loss 0.2207 Acc 0.913

Word                    Pos logit  Neg logit
--------------------------------------------
while                      0.8178    -0.7347
visiting                   0.8004    -0.7673
romania                    1.2439    -1.1042
with                       1.3157    -1.0570
his                        1.4685    -1.4114
cia                        1.2862    -1.1479
dad                        1.8418    -1.6474
tony                       2.1282    -1.8876
adam                       2.1516    -1.9256
arkin                      1.4453    -1.3013
quite                      5.9070    -4.5794
talented                  -3.5218     3.3423
high                       1.4381    -1.2908
school                     1.2253    -1.1936
quarterback               -0.9598     1.0272
seen                      -2.5948     2.5712
as                        -2.2527     2.2032
the                       -1.0750     1.0783
savior                    -0.5284     0.5318
to                        -0.4385     0.3746
lead                      -0.0935     0.2570
his                        0.3740    -0.4618
team                       1.4938    -1.2265
finally                    1.2756    -1.1049
to                         1.1655    -1.0842
victory                    1.6241    -1.4065
over                       1.4981    -1.3157
rival                      1.1694    -1.2120
simpson                    0.6136    -0.7638
is                         1.2136    -0.7809
--------------------------------------------
Avg logits : pos=0.7344  neg=-0.6006
Softmax    : pos=0.7917  neg=0.2083
Predicted  : positive    True: positive
Epoch [6/10] Step  5250 | Train Loss 0.2757 Acc 0.869 | Test  Loss 0.4314 Acc 0.833

Word                    Pos logit  Neg logit
--------------------------------------------
this                      13.4121   -10.9341
movie                     13.1567   -10.6019
basks                      8.7447    -6.9914
too                        2.0062    -1.7993
much                       3.5850    -3.0464
in                         1.5519    -1.4190
its                        3.1284    -2.6373
own                        2.0937    -1.9688
innocence                  2.0922    -2.1335
it                        -2.7436     2.5442
doesn                      1.6356    -1.5672
tell                       1.7169    -1.6638
story                     -3.5908     3.0626
it                        -0.7948     0.6327
more                      -0.7049     0.5098
big                        0.1760    -0.3084
time                      -1.4132     1.0463
snooze                    -0.4794     0.2309
fest                       1.1458    -1.1232
while                      0.6973    -0.7883
the                       -0.3239     0.0885
actors                     0.2099    -0.3375
are                        2.0304    -1.8226
all                       10.6673    -8.8654
personable                 1.9198    -1.7667
the                       -0.7369     0.4658
story                    -22.1715    19.4305
is                       -22.8580    20.0458
so                       -22.7241    20.0487
trite                    -22.9679    20.2076
--------------------------------------------
Avg logits : pos=-1.0513  neg=0.9513
Softmax    : pos=0.1189  neg=0.8811
Predicted  : negative    True: negative
Epoch [6/10] Step  5300 | Train Loss 0.2492 Acc 0.874 | Test  Loss 0.7354 Acc 0.767

Word                    Pos logit  Neg logit
--------------------------------------------
i                          1.9496    -1.5851
really                     3.9473    -3.1871
think                      2.8162    -2.3805
this                      11.1633    -8.9700
movie                     10.9829    -8.6982
deserves                  10.9199    -8.6921
some                       1.6970    -1.4709
oscars                     5.6047    -4.4919
really                     3.9011    -3.0798
don                        0.2079    -0.2514
care                       0.6228    -0.3815
what                      -1.5242     1.5746
people                    -0.3955     0.5203
can                       -0.3453     0.4031
say                       -0.0406    -0.0021
badly                     -8.4024     7.8770
about                      0.1067    -0.1351
this                      -4.9552     4.6705
movie                     -1.9513     2.0815
because                    1.0437    -0.9887
it                         0.7283    -0.3406
a                          2.7193    -2.1513
really                     3.7801    -3.0722
well                       3.3087    -2.7656
played                     2.0654    -1.7982
parts                      2.5014    -2.2294
from                       2.0421    -1.8676
samuel                     1.9992    -1.9407
jackson                    1.6664    -1.6234
and                        1.6731    -1.4777
--------------------------------------------
Avg logits : pos=1.9944  neg=-1.5485
Softmax    : pos=0.9719  neg=0.0281
Predicted  : positive    True: positive
Epoch [6/10] Step  5350 | Train Loss 0.3810 Acc 0.816 | Test  Loss 0.5336 Acc 0.853

Word                    Pos logit  Neg logit
--------------------------------------------
i                         -0.3459     0.4508
never                      0.2506    -0.3005
heard                      0.3871    -0.4368
of                         0.6450    -0.5946
architect                  2.2436    -1.7788
louis                      1.2261    -1.2740
kahn                       2.1261    -1.5283
until                      0.5309    -0.8417
this                       6.0496    -5.2176
documentary                3.5093    -3.1077
in                         1.2413    -1.1702
this                      -2.1396     1.8782
almost                    -1.4144     1.2408
two                       -0.3769     0.3378
hour                      -2.1205     1.9080
documentary               -1.3410     1.2163
which                      0.8172    -0.7295
goes                       1.3040    -1.0097
very                      -0.0094     0.1340
quickly                    0.2714    -0.1389
his                        1.3149    -1.1205
son                        0.6854    -0.6537
nathaniel                  0.7761    -0.6346
kahn                       1.5715    -1.1836
explores                   3.3903    -2.6687
his                        1.3308    -1.1655
father                     0.4011    -0.5623
life                       1.8305    -1.5172
from                       1.4436    -1.2611
estonia                    1.2881    -0.9461
--------------------------------------------
Avg logits : pos=0.8962  neg=-0.7559
Softmax    : pos=0.8392  neg=0.1608
Predicted  : positive    True: positive
Epoch [6/10] Step  5400 | Train Loss 0.3525 Acc 0.869 | Test  Loss 0.4549 Acc 0.796

Word                    Pos logit  Neg logit
--------------------------------------------
what                       0.7551    -0.6663
this                      -0.6923     0.7828
movie                     -0.1139     0.3219
is                         2.1402    -1.5418
not                        0.5967    -0.7959
cool                      -0.4635     0.6559
entertaining              18.0062   -15.2691
br                        -0.5248     0.4849
br                         0.2810    -0.1130
what                       4.6351    -4.2571
this                      18.4492   -15.8226
movie                     16.8716   -14.4519
is                        17.7840   -15.1005
visually                  17.9195   -15.2576
interesting                1.4029    -0.8215
difficult                 -0.8868     0.9578
to                        -0.3210     0.2219
get                        1.4195    -1.2987
through                   -1.3576     1.1931
intentional               -4.7288     4.4278
br                        -5.8118     5.5221
br                        -5.7297     5.2849
feel                       0.5748    -0.2341
that                      -0.5075     0.0774
this                       2.8653    -2.2603
movie                      3.5731    -2.6377
puts                       1.5891    -1.1871
the                        0.5472    -0.4952
viewer                    -1.1975     1.4572
if                         0.4458    -0.4455
--------------------------------------------
Avg logits : pos=2.9174  neg=-2.3756
Softmax    : pos=0.9950  neg=0.0050
Predicted  : positive    True: positive
Epoch [6/10] Step  5450 | Train Loss 0.2692 Acc 0.905 | Test  Loss 0.4033 Acc 0.784

Word                    Pos logit  Neg logit
--------------------------------------------
rita                      -0.1106    -0.0269
hayworth                   0.1540    -0.3891
lights                    -0.5734     0.3014
up                         0.0494    -0.3120
the                       -0.6978     0.2839
screen                     0.9202    -1.0386
in                        -0.5947     0.0909
this                      14.5160   -11.9423
fun                       15.0794   -12.4804
fancy                      1.0352    -1.3046
and                        3.4700    -3.2803
delightful                22.2811   -18.2893
musical                    4.5741    -4.1395
starring                   0.5417    -0.8215
gene                       1.0446    -1.1498
kelly                      0.1613    -0.5725
rita                       0.4829    -0.6198
plays                      1.9093    -1.4238
nightclub                 -0.9112     0.1251
dancer                     1.5757    -1.3332
rusty                      1.0554    -0.9935
parker                     0.2016    -0.3047
who                        0.7060    -0.5638
has                        2.1116    -1.6724
dreams                    -1.2734     0.8641
to                         0.2853    -0.2434
be                        -0.0509     0.0522
successful                -2.5587     2.5149
broadway                  -4.7627     4.3090
star                      -1.1018     0.7591
--------------------------------------------
Avg logits : pos=1.9840  neg=-1.7867
Softmax    : pos=0.9775  neg=0.0225
Predicted  : positive    True: positive
Epoch [6/10] Step  5500 | Train Loss 0.3253 Acc 0.791 | Test  Loss 0.3035 Acc 0.882

Word                    Pos logit  Neg logit
--------------------------------------------
let                       -0.0836     0.0039
face                      -1.0406     0.8882
it                       -13.4497    12.2366
lot                       -0.7773     0.5708
of                        -2.6418     2.3296
bad                      -16.0446    14.6221
movies                    -7.2304     6.5555
are                       -0.9601     0.8106
made                      -0.9960     0.8941
all                       -0.1957     0.1426
the                        0.5907    -0.5827
time                       1.0750    -0.9552
for                        0.9904    -0.9888
those                      1.2454    -1.2198
people                     1.6780    -1.5676
who                        0.7277    -0.9068
work                       2.8753    -2.0920
in                         0.8743    -0.9593
film                       2.7392    -2.1362
you                        0.1766    -0.0514
have                      -1.4315     1.4325
probably                   0.5042    -0.6001
poured                     0.1804    -0.0358
lot                        0.7526    -0.7733
of                        -0.0462     0.0297
time                       0.1782    -0.2143
and                        0.1631    -0.1724
effort                    -4.4216     4.2261
into                       0.4209    -0.4938
many                       0.4918    -0.5652
--------------------------------------------
Avg logits : pos=-1.1218  neg=1.0143
Softmax    : pos=0.1056  neg=0.8944
Predicted  : negative    True: positive
Epoch [6/10] Step  5550 | Train Loss 0.2841 Acc 0.928 | Test  Loss 0.3640 Acc 0.851

Word                    Pos logit  Neg logit
--------------------------------------------
highly                   -17.0607    15.6683
implausible              -15.1508    14.0314
unbelievable              -5.9698     6.2635
and                       -0.7065     0.6455
incoherent               -13.4161    12.2412
spanish                   -0.1686     0.2237
production                -6.5180     5.9993
about                      0.1549    -0.3180
well                       1.8420    -1.4401
let                       -0.0221    -0.0388
me                         0.8143    -0.6652
see                       -0.1265     0.1607
just                      -0.5128     0.5095
how                       -0.5244     0.5255
close                     -0.9007     0.8567
can                       -0.1013     0.1182
get                        0.3446    -0.4434
to                         0.1002    -0.1736
it                         0.7312    -0.5474
the                       -0.1711     0.0839
film                      -2.5370     2.6077
opens                      0.0089    -0.0189
with                      -0.9325     1.0074
woman                      1.3389    -1.4406
having                     0.3257    -0.3566
one                        0.2198     0.0060
of                        -0.2032     0.3379
her                        0.0590    -0.2059
cat                        0.3317    -0.5609
killed                     0.6265    -0.8391
--------------------------------------------
Avg logits : pos=-1.9375  neg=1.8079
Softmax    : pos=0.0231  neg=0.9769
Predicted  : negative    True: negative
Epoch [6/10] Step  5600 | Train Loss 0.4172 Acc 0.767 | Test  Loss 0.3489 Acc 0.845

Word                    Pos logit  Neg logit
--------------------------------------------
why                       -1.0328     0.8686
oh                       -14.5472    12.6319
why                       -1.9715     1.6714
did                       -1.1218     0.8919
they                      -2.6159     2.4107
have                      -2.8268     2.5207
to                        -2.2981     1.9552
try                       -2.2852     1.9914
and                       -1.9849     1.7106
make                      -0.6057     0.3810
sequel                     0.4466    -0.2229
to                        -0.1254    -0.0908
one                       14.9685   -12.5978
of                         2.2172    -2.0022
the                        1.0478    -1.1318
greatest                  13.4067   -11.1600
christmas                  1.0788    -1.3513
movies                     3.0811    -2.7413
of                         2.1687    -2.0798
all                        2.6117    -2.3811
time                       2.8583    -2.6345
the                        1.4148    -1.5114
movie                     -0.2583     0.0697
is                         0.9336    -0.7914
train                      1.7979    -1.8126
wreck                      0.6973    -0.6732
on                         0.7008    -0.9056
every                      0.7024    -0.2990
level                     -0.3722     0.3271
and                       -0.3771     0.3612
--------------------------------------------
Avg logits : pos=0.5903  neg=-0.5532
Softmax    : pos=0.7583  neg=0.2417
Predicted  : positive    True: negative
Epoch [7/10] Step  5650 | Train Loss 0.3097 Acc 0.875 | Test  Loss 0.3053 Acc 0.869

Word                    Pos logit  Neg logit
--------------------------------------------
this                     -30.8436    27.4568
is                       -32.2919    28.8712
by                       -18.3325    16.5388
far                       -0.8712     0.4535
the                       -0.4241     0.1806
worst                    -32.7240    29.4727
adaptation               -31.5507    28.4410
of                        -0.9081     0.6968
jane                      -0.9300     0.7338
eyre                       1.0731    -1.3952
have                       1.1913    -0.8204
seen                      -0.2481     0.2631
it                        -0.9086     0.8876
is                        -1.1998     1.2161
uncertain                 -0.6417     0.5877
whether                    1.1278    -1.2632
or                         1.5078    -1.6367
not                        2.1587    -2.2194
the                       -1.9780     1.7290
writer                    -2.2281     2.0142
of                        -3.5865     2.8541
the                       -1.9076     1.3522
screenplay                 1.2695    -1.0853
ever                      -3.5012     2.8085
read                       0.0738    -0.4938
the                       -1.2787     0.7430
book                       0.1318    -0.4419
by                        -7.9114     6.8917
bronte                    -1.4865     0.9469
george                    -0.8173     0.2759
--------------------------------------------
Avg logits : pos=-5.6012  neg=4.8686
Softmax    : pos=0.0000  neg=1.0000
Predicted  : negative    True: negative
Epoch [7/10] Step  5700 | Train Loss 0.3696 Acc 0.869 | Test  Loss 0.3361 Acc 0.849

Word                    Pos logit  Neg logit
--------------------------------------------
something                 -1.9093     1.7686
does                      -0.5226     0.3112
not                       -0.3824     0.1128
work                      -1.5638     1.5705
in                        -0.5117     0.2498
this                      -3.2764     2.8526
movie                     -5.4258     4.9764
there                     -1.9514     1.6258
are                       -2.1141     1.8522
absolutely                -6.8804     6.4924
no                        -0.8104     0.5125
energies                  -5.3578     5.1027
between                   -1.4638     1.1300
the                       -1.3505     1.0618
actors                    -4.2477     3.7838
in                        -1.3248     0.9378
fact                      -0.6095     0.3981
their                     -0.0726    -0.3681
very                      -1.2247     1.2726
acting                    -4.5685     4.2090
seems                     -1.8110     1.6041
frozen                    -3.8387     3.5674
sometimes                  0.5979    -0.6744
amateur                   -1.4575     1.1178
also                      -0.9682     0.7199
the                       -0.7861     0.5848
script                    -2.5134     2.3647
is                        -2.7683     2.7109
not                        0.9823    -1.1368
convincing                -1.0680     1.1602
--------------------------------------------
Avg logits : pos=-1.9733  neg=1.7290
Softmax    : pos=0.0241  neg=0.9759
Predicted  : negative    True: negative
Epoch [7/10] Step  5750 | Train Loss 0.2865 Acc 0.846 | Test  Loss 0.3291 Acc 0.820

Word                    Pos logit  Neg logit
--------------------------------------------
i                         -0.1759     0.4779
channel                    0.4069    -0.2005
surfed                    -0.0688     0.4359
past                       1.4682    -1.2919
this                       2.3782    -1.7005
many                       1.8385    -1.5416
times                      1.5449    -1.6644
mainly                     2.3964    -1.7325
because                    1.4133    -1.4878
the                        0.3623    -0.1350
synopsis                  -8.5446     7.6547
sounded                    0.3098    -0.2331
so                        -2.8100     2.6167
cheesy                    -7.0230     6.2755
so                         6.7414    -5.7367
love                       1.6992    -1.3790
american                   1.3465    -1.3694
style                      1.7536    -1.6325
however                    1.2625    -1.1905
it                        -0.1385     0.2938
turned                     2.3172    -2.0840
out                        1.2248    -1.1053
to                         1.0384    -0.9947
be                         1.6297    -1.4674
quite                      9.0216    -7.2215
good                       5.7946    -4.8437
very                       8.4135    -7.0787
well                       3.9370    -3.3652
done                       2.8336    -2.3729
the                        0.7976    -0.7502
--------------------------------------------
Avg logits : pos=1.4390  neg=-1.1608
Softmax    : pos=0.9308  neg=0.0692
Predicted  : positive    True: positive
Epoch [7/10] Step  5800 | Train Loss 0.4795 Acc 0.850 | Test  Loss 0.3931 Acc 0.864

Word                    Pos logit  Neg logit
--------------------------------------------
at                         0.2494    -0.2440
what                       0.0624    -0.1108
point                     -1.8062     1.7969
does                       0.3317    -0.4232
film                     -15.1383    13.6302
become                    -1.5692     1.5621
so                        -5.8717     5.5723
bad                      -14.1976    12.8542
it                         7.9983    -6.2611
good                       8.6270    -7.1232
compelling                10.4040    -8.6944
in                         1.0118    -1.0266
it                        -4.1263     3.8245
awfulness                 -2.9341     2.7363
darkhunters                2.2757    -2.0644
stands                    -0.5824     0.5996
out                        0.0660    -0.1732
as                         0.2907    -0.3312
shining                   -0.4311     0.3685
example                    0.4308    -0.5724
of                        -0.2947     0.1062
p                         -0.4147     0.2027
cinematography            -1.6134     1.4938
and                       -0.5047     0.4267
for                       -0.1473     0.0166
that                       0.2100    -0.3038
alone                     -2.3033     2.3255
probably                  -0.7607     0.6402
deserves                   9.4103    -7.5976
some                      -1.2921     1.0123
--------------------------------------------
Avg logits : pos=-0.4207  neg=0.4748
Softmax    : pos=0.2900  neg=0.7100
Predicted  : negative    True: negative
Epoch [7/10] Step  5850 | Train Loss 0.3811 Acc 0.768 | Test  Loss 0.4197 Acc 0.748

Word                    Pos logit  Neg logit
--------------------------------------------
as                        -0.9521     0.9204
young                     -0.1913     0.1213
black                     -0.1814     0.0440
latina                    -0.2325     0.3935
woman                     -0.5098     0.2140
am                        -0.4263     0.7711
always                    -0.4300     0.4983
searching                 -0.7547     0.6168
for                       -1.0846     0.7648
movies                    -0.0088    -0.1868
that                       1.5548    -1.5794
represent                  2.2265    -2.1488
the                        2.2591    -2.1037
experiences               11.8135    -9.6885
and                        4.6252    -3.8900
lives                      1.3579    -1.5879
of                         4.6256    -3.7984
people                     2.7083    -2.5243
like                       2.4986    -2.3078
me                         2.2694    -2.0453
of                         2.2733    -1.9420
course                     1.4789    -1.4005
when                       1.0541    -1.1782
saw                        1.1197    -1.2744
this                       0.1215    -0.4113
movie                      0.2550    -0.5359
at                        -0.1428    -0.2582
the                       -0.4175     0.0201
video                      0.2194    -0.5495
store                     -1.0171     0.6955
--------------------------------------------
Avg logits : pos=1.2037  neg=-1.1450
Softmax    : pos=0.9128  neg=0.0872
Predicted  : positive    True: negative
Epoch [7/10] Step  5900 | Train Loss 0.4334 Acc 0.752 | Test  Loss 0.4341 Acc 0.800

Word                    Pos logit  Neg logit
--------------------------------------------
tempest                    0.1369     0.0340
is                        -1.0215     1.5473
somewhat                   0.7670    -0.9960
self                      -0.6393     0.9960
indulgent                 -1.4288     1.6244
uneven                    -1.3995     1.4490
discursive                -0.3315     0.4186
movie                      0.0366     0.2109
but                        0.3683    -0.3350
as                         2.1025    -1.6757
lord                       1.3678    -1.2958
byron                      0.7347    -0.8079
another                    4.3004    -3.3722
visitor                    2.1443    -1.7535
to                         1.3266    -1.1311
greece                     1.5827    -1.3149
protested                  0.7782    -0.7643
to                         1.3171    -1.1048
his                        1.2701    -1.1474
friend                     1.0229    -1.0692
john                       0.9839    -0.8563
murray                     0.4483    -0.4147
about                      0.6686    -0.7032
his                        0.9438    -0.8699
similarly                 -0.8707     1.0142
self                      -1.0947     1.0716
indulgent                -10.3715     9.1749
and                       -1.0413     0.9809
discursive                -0.3532     0.3115
don                        2.0134    -1.8668
--------------------------------------------
Avg logits : pos=0.1921  neg=-0.0882
Softmax    : pos=0.5696  neg=0.4304
Predicted  : positive    True: positive
Epoch [7/10] Step  5950 | Train Loss 0.4443 Acc 0.785 | Test  Loss 0.5212 Acc 0.735

Word                    Pos logit  Neg logit
--------------------------------------------
surely                     0.9211    -0.7106
one                        6.5352    -5.3949
of                         3.6893    -3.1109
the                        3.3950    -2.8663
mysteries                  6.5500    -5.3969
of                         7.5705    -6.1524
the                        5.7091    -4.7037
modern                     1.0340    -1.3183
world                      2.9315    -2.5916
this                       2.7216    -1.9341
film                      -1.2930     1.3480
is                        -1.7199     1.8557
not                        1.6374    -1.8005
considered                 0.0261     0.0684
to                        -0.3537     0.2863
be                         0.2369    -0.3912
within                     0.0886    -0.1582
the                        0.2413    -0.3803
top                        4.8814    -4.2511
films                      2.0617    -2.0398
of                         1.5929    -1.6377
all                        1.4771    -1.4274
time                       1.1935    -1.1680
br                         0.2309     0.0968
br                        -1.1914     1.5987
if                         0.7086    -0.8983
you                        1.0254    -0.6799
watched                    1.2496    -0.8473
this                       0.9731    -0.5597
film                      -1.0554     1.0435
--------------------------------------------
Avg logits : pos=1.7689  neg=-1.4707
Softmax    : pos=0.9623  neg=0.0377
Predicted  : positive    True: positive
Epoch [7/10] Step  6000 | Train Loss 0.5765 Acc 0.760 | Test  Loss 0.4440 Acc 0.822

Word                    Pos logit  Neg logit
--------------------------------------------
hayao                      5.4097    -4.4096
miyazaki                   5.7901    -4.7006
has                        3.5061    -3.0288
captured                   1.8032    -1.6118
the                        2.8246    -2.5087
imagination                2.3117    -1.9992
of                         1.0061    -0.9777
audiences                  1.0928    -1.1661
young                      1.2253    -1.3543
and                        0.6420    -0.5092
old                        1.4376    -1.5533
across                     1.1100    -1.0331
the                        1.1899    -1.1470
globe                      1.2575    -1.1438
and                        1.9527    -1.6462
his                        1.2922    -1.3569
most                       1.2816    -0.8863
recent                     1.8937    -2.0733
cinematic                  2.3106    -1.8535
work                       3.1532    -2.6845
of                         0.7054    -0.6822
art                        1.4258    -1.4813
is                        -0.9960     1.3353
ponyo                     -1.1082     1.5118
children                   1.2602    -1.5705
fairytale                 -0.6331     1.0089
borrowing                 -0.4926     0.5320
on                        -0.4999     0.2426
story                      4.8328    -4.1334
elements                   0.8411    -0.9533
--------------------------------------------
Avg logits : pos=1.5942  neg=-1.3945
Softmax    : pos=0.9521  neg=0.0479
Predicted  : positive    True: positive
Epoch [7/10] Step  6050 | Train Loss 0.2444 Acc 0.922 | Test  Loss 0.4112 Acc 0.814

Word                    Pos logit  Neg logit
--------------------------------------------
i                         -2.4377     2.3743
guess                     -2.3518     2.2243
have                      -1.7721     1.5975
to                        -1.0684     0.8992
write                     -3.3789     3.1852
something                 -1.4257     1.3442
here                       0.2431    -0.0629
although                  -1.4420     1.0822
think                      1.4523    -1.2451
my                         0.9278    -0.7224
one                        0.2736    -0.1589
summary                    0.1340    -0.0535
says                       0.5100    -0.4771
it                        -0.8127     0.9651
all                       -0.8852     0.8660
m                         -2.3674     2.4452
not                        0.6717    -0.7652
huge                      -1.4685     1.5182
ted                        0.2738    -0.4329
danson                    -0.7297     0.6135
fan                       -1.1810     0.9543
nothing                   -3.1510     2.8508
against                   -0.7907     0.5910
the                       -0.9503     0.8690
man                        0.4669    -0.6485
just                       1.2192    -0.8300
hasn                       0.7048    -0.4523
done                       2.1552    -1.7532
it                         1.3728    -1.2473
for                        0.8580    -0.8843
--------------------------------------------
Avg logits : pos=-0.4983  neg=0.4882
Softmax    : pos=0.2716  neg=0.7284
Predicted  : negative    True: positive
Epoch [7/10] Step  6100 | Train Loss 0.2564 Acc 0.904 | Test  Loss 0.4612 Acc 0.838

Word                    Pos logit  Neg logit
--------------------------------------------
this                       1.2830    -1.0001
film                       0.4069    -0.2245
is                        -0.1162     0.2174
about                      1.0944    -1.2197
couple                     1.4412    -1.4349
that                       0.6087    -0.6109
decides                   -0.1098     0.1270
to                        -0.4159     0.3250
take                      -0.6959     0.4792
vacation                   0.1154    -0.3755
to                        -0.5246     0.2809
the                       -3.1030     2.5064
everglades                -7.0180     5.7992
along                     -3.5186     2.8720
with                      -1.1136     0.8136
another                   -0.8538     0.9570
couple                     0.4962    -0.7709
and                        2.4562    -2.0642
the                        2.4642    -2.1057
family                     1.7515    -1.8494
dog                        0.7892    -1.0142
when                       1.0294    -0.9485
they                       0.5862    -0.5169
first                     -0.4780     0.4640
get                        0.7489    -0.7260
there                     -0.3532     0.3531
they                      -0.2137     0.2487
are                       -0.3742     0.4408
not                        0.3839    -0.5962
welcomed                   0.1887    -0.3168
--------------------------------------------
Avg logits : pos=-0.1015  neg=0.0037
Softmax    : pos=0.4737  neg=0.5263
Predicted  : negative    True: negative
Epoch [7/10] Step  6150 | Train Loss 0.3732 Acc 0.824 | Test  Loss 0.4149 Acc 0.793

Word                    Pos logit  Neg logit
--------------------------------------------
i                          0.6656    -0.5817
saw                        1.3526    -1.3845
this                       3.7568    -3.2349
film                       5.9644    -4.8849
in                         1.6183    -1.7446
cinema                     2.6889    -2.5003
club                       1.6933    -2.0328
in                         1.8479    -2.0729
germany                    2.6570    -2.4126
in                         1.4194    -1.5430
most                       9.2225    -7.5323
of                         2.3644    -2.0600
the                        0.9471    -0.9199
attendees                  1.1668    -1.3182
were                      -0.3550     0.2228
from                       0.3491    -0.5803
the                        0.3266    -0.4185
local                      0.0595    -0.2906
private                    0.0451    -0.2571
school                    -0.1752    -0.1534
at                         0.4330    -0.5245
which                      0.0343    -0.1402
was                       -0.4798     0.5653
teaching                   0.3575    -0.6213
had                       -0.6334     0.6579
seen                      -0.0305     0.1066
few                        0.5389    -0.4795
godard                     0.4286    -0.3360
films                      1.5378    -1.2980
previously                 1.1723    -1.1983
--------------------------------------------
Avg logits : pos=1.3658  neg=-1.2989
Softmax    : pos=0.9349  neg=0.0651
Predicted  : positive    True: negative
Epoch [7/10] Step  6200 | Train Loss 0.5446 Acc 0.787 | Test  Loss 0.2504 Acc 0.884

Word                    Pos logit  Neg logit
--------------------------------------------
an                         1.3354    -1.0559
interesting                0.7561    -0.4576
look                       0.9818    -0.9674
at                         0.8376    -0.8185
japan                      0.5124    -0.7026
prior                      0.2697    -0.7073
to                         0.8528    -0.9166
opening                    0.4551    -0.6316
to                         0.4420    -0.6662
the                        0.4728    -0.6847
west                      -0.4679     0.2253
john                       0.2637    -0.5489
wayne                      0.3371    -0.7443
as                         0.9816    -0.8749
america                    0.5612    -1.0084
first                      0.8874    -0.7585
consul                     0.9191    -1.0214
to                         0.8502    -0.9389
japan                      0.6874    -0.8872
arrives                    1.1380    -1.1301
in                         1.1651    -1.1545
accordance                 0.9949    -1.0820
with                       0.8677    -0.8798
agreements                 1.0553    -1.1291
resulting                  0.8957    -1.0578
from                       0.7298    -0.7873
perry                      1.1189    -1.4048
gunboat                    1.5719    -1.3230
diplomacy                  0.6783    -0.7061
he                         0.6552    -0.7581
--------------------------------------------
Avg logits : pos=0.7602  neg=-0.8526
Softmax    : pos=0.8338  neg=0.1662
Predicted  : positive    True: positive
Epoch [7/10] Step  6250 | Train Loss 0.2873 Acc 0.877 | Test  Loss 0.3384 Acc 0.827

Word                    Pos logit  Neg logit
--------------------------------------------
the                        0.6389    -0.6150
story                      0.2097     0.0541
turns                      0.3966    -0.0196
around                     0.0798    -0.1049
antonio                    0.2190    -0.2830
scarface                   0.4593    -0.4442
montana                    0.2593    -0.2822
an                         2.8164    -2.3227
ultra                      0.9489    -0.6199
violent                    0.7907    -0.5545
cuban                     -0.5844    -0.0170
refugee                    0.1344    -0.4169
who                        0.4250    -0.6471
comes                      2.3588    -1.6806
to                         0.9764    -0.8274
the                        0.9983    -0.8896
united                     0.8211    -0.8263
states                     1.2822    -1.3374
with                      -1.1904     1.2027
less                       0.6964    -0.6784
than                       0.9012    -0.9588
nothing                   -7.5187     6.9723
and                       -1.4921     1.3966
makes                     -0.9296     1.0569
place                     -0.2954     0.3052
for                        0.8954    -0.9239
himself                    0.2621    -0.3713
at                         1.7354    -1.6266
the                        2.1250    -1.9504
top                        5.4740    -4.4999
--------------------------------------------
Avg logits : pos=0.4631  neg=-0.3970
Softmax    : pos=0.7027  neg=0.2973
Predicted  : positive    True: positive
Epoch [7/10] Step  6300 | Train Loss 0.2215 Acc 0.897 | Test  Loss 0.2612 Acc 0.865

Word                    Pos logit  Neg logit
--------------------------------------------
watching                  -0.5905     0.6059
beautiful                 -3.4165     3.5883
women                     -1.2457     1.1124
sneaking                  -1.2592     1.1577
around                    -0.6133     0.5427
playing                   -0.1583     0.0841
cops                       0.3209    -0.3012
and                       -0.6492     0.7689
robbers                    0.5862    -0.5954
is                        21.1601   -17.8164
one                       22.1623   -18.6301
of                         2.0259    -1.6010
the                        2.8018    -2.2210
most                      23.1207   -19.1246
delightful                18.0455   -14.8295
guilty                     1.2972    -1.8573
pleasures                  6.8115    -5.4531
the                        1.9359    -1.5365
medium                     1.8406    -1.4376
film                       2.0535    -1.4732
lets                       0.7819    -0.7576
me                        10.2553    -8.5662
enjoy                      7.4443    -6.2201
so                        11.5954    -9.7892
the                        0.9643    -0.8130
house                      0.7708    -0.8135
on                         0.4515    -0.4459
carroll                    0.2529    -0.3504
street                     0.4106    -0.3565
was                      -10.5780     9.3011
--------------------------------------------
Avg logits : pos=3.9526  neg=-3.2609
Softmax    : pos=0.9993  neg=0.0007
Predicted  : positive    True: negative
Epoch [7/10] Step  6350 | Train Loss 0.3405 Acc 0.802 | Test  Loss 0.2663 Acc 0.848

Word                    Pos logit  Neg logit
--------------------------------------------
this                       1.6462    -1.0180
has                        1.7854    -1.4823
got                        0.4374    -0.3012
to                         0.4285    -0.4975
be                         0.6898    -0.6931
unique                     7.2715    -6.0208
twists                     5.6052    -4.9116
of                         1.3267    -1.2772
two                        2.4818    -2.3373
genres                     2.0201    -1.9057
of                         1.8972    -1.7092
ever                      -9.2233     7.9114
seen                      -6.9902     6.0681
the                       -2.5423     2.1043
giant                    -11.3126     9.8093
monster                  -10.0557     8.6714
movie                    -10.5442     9.2413
genre                     -3.5002     2.9285
with                     -10.8531     9.7661
the                       -3.5842     3.1633
living                     1.2389    -1.2490
mummy                    -18.7583    16.8504
movie                    -17.3965    15.6370
genre                     -4.9278     4.2737
this                      -0.8668     1.2021
unique                    -5.6572     5.1646
blend                      0.8471    -0.5494
makes                     18.5443   -15.7258
for                        3.3405    -3.1520
unique                    18.8207   -15.9109
--------------------------------------------
Avg logits : pos=-1.5944  neg=1.4683
Softmax    : pos=0.0447  neg=0.9553
Predicted  : negative    True: positive
Epoch [7/10] Step  6400 | Train Loss 0.3979 Acc 0.825 | Test  Loss 0.3899 Acc 0.820

Word                    Pos logit  Neg logit
--------------------------------------------
speck                     -1.5125     1.5851
was                       -3.7683     3.7644
apparently                -0.5221     0.2791
intended                  -1.8447     1.7274
to                        -1.2479     1.1152
be                        -1.1824     1.1164
biopic                    -0.6475     0.8096
related                   -1.7049     1.4386
to                        -0.4921     0.4630
serial                    -0.0288     0.0167
killer                    -0.4679     0.4074
richard                   -0.5419     0.3913
speck                     -1.1819     1.2405
there                     -1.0007     0.9795
is                        -0.5005     0.6424
however                   -0.6436     0.6245
not                        0.1616    -0.2110
much                      -0.3980     0.4737
killing                    0.4821    -0.4799
to                        -0.4442     0.4821
be                        -0.6618     0.6536
found                     -1.1117     1.0268
in                        -0.4243     0.3269
this                      -8.3184     8.0035
movie                     -9.2702     8.8059
and                       -5.9758     5.6948
none                      -5.4818     5.2840
of                        -5.7347     5.5442
it                        -5.0501     4.7243
is                        -5.3884     5.1277
--------------------------------------------
Avg logits : pos=-2.1634  neg=2.0686
Softmax    : pos=0.0143  neg=0.9857
Predicted  : negative    True: negative
Epoch [7/10] Step  6450 | Train Loss 0.3319 Acc 0.819 | Test  Loss 0.3489 Acc 0.789

Word                    Pos logit  Neg logit
--------------------------------------------
this                      15.9011   -13.3826
movie                     17.3988   -14.5123
is                        16.3536   -13.6067
very                      15.9530   -13.1355
realistic                 13.8527   -11.4443
view                       3.1672    -2.7754
of                         2.1204    -1.6770
police                     3.2732    -2.9725
squad                      2.3574    -1.9257
in                         1.6018    -1.4072
small                      1.3205    -1.0070
german                     1.0356    -1.0262
town                       0.7577    -0.7532
as                         1.3469    -1.1283
seen                       1.1464    -1.0113
through                    0.0087    -0.0661
the                       -0.2184     0.1765
eyes                      -1.2451     1.2980
of                        -1.6981     1.7214
woman                     -0.0799    -0.2931
recruit                   -2.0642     2.1869
she                        0.0135    -0.1473
brings                     6.6453    -5.6991
her                       -0.0121    -0.2788
way                        1.3515    -1.2122
of                         1.5037    -1.2445
dealing                    1.5228    -1.3990
with                       1.4467    -1.1827
the                        0.5913    -0.4567
law                        0.7564    -1.1732
--------------------------------------------
Avg logits : pos=3.5370  neg=-2.9845
Softmax    : pos=0.9985  neg=0.0015
Predicted  : positive    True: positive
Epoch [7/10] Step  6500 | Train Loss 0.2393 Acc 0.936 | Test  Loss 0.2856 Acc 0.858

Word                    Pos logit  Neg logit
--------------------------------------------
rea                        1.7784    -1.4856
sutherland                 2.3499    -2.0323
demunn                     1.8092    -1.6624
and                        0.1855    -0.1953
von                        1.3180    -1.1786
sydow                      2.8178    -2.7421
in                         1.2653    -1.2323
small                     -0.2602     0.3178
role                      16.2485   -14.1582
are                        0.8913    -0.8045
all                        3.7564    -3.2771
brilliant                 21.2162   -18.5094
in                         1.4524    -1.4484
their                      1.7896    -1.8190
performances               4.5733    -3.7819
sutherland                 4.9415    -4.2130
is                         4.7003    -3.6664
particularly               3.6451    -3.0607
adept                      4.0811    -3.1007
at                         2.2980    -2.1057
this                       0.0934     0.3350
sort                       1.2048    -1.0502
of                         0.9439    -0.8278
role                       0.4086    -0.3114
where                      0.3908    -0.4965
he                         0.6650    -0.7152
must                       1.0434    -0.9435
portray                    1.1853    -1.0277
character                  2.2207    -1.5463
whose                      0.9634    -1.0871
--------------------------------------------
Avg logits : pos=2.9992  neg=-2.5942
Softmax    : pos=0.9963  neg=0.0037
Predicted  : positive    True: positive
Epoch [7/10] Step  6550 | Train Loss 0.2770 Acc 0.900 | Test  Loss 0.3639 Acc 0.847

Word                    Pos logit  Neg logit
--------------------------------------------
if                         0.2221    -0.2530
you                       -0.5923     0.6603
re                        -0.7235     0.6018
in                        -0.0139    -0.1246
the                       -0.6035     0.4185
mood                      -5.2545     4.8222
for                       -0.7539     0.5108
really                   -16.7963    15.1818
bad                       -9.8814     8.9522
porno                    -13.4851    12.2123
with                      -4.0665     3.6450
no                        -0.0236    -0.2041
good                      -4.0227     3.7214
porn                      -2.9420     2.3293
combined                 -12.6045    11.2934
with                      -1.8668     1.4744
really                   -17.4371    15.7602
bad                      -15.9940    14.4436
horror                   -11.4566    10.3646
movie                     -6.4279     5.9978
this                      19.2723   -16.0481
movie                     18.0119   -14.9721
is                        17.9864   -14.8108
perfect                   17.7002   -14.6190
for                        1.0171    -1.0953
you                        0.8516    -0.5545
however                    1.4321    -1.3937
if                         1.7609    -1.5240
you                       -2.0744     2.0849
breathe                   -0.9894     1.0119
--------------------------------------------
Avg logits : pos=-1.6585  neg=1.6629
Softmax    : pos=0.0348  neg=0.9652
Predicted  : negative    True: negative
Epoch [8/10] Step  6600 | Train Loss 0.3196 Acc 0.794 | Test  Loss 0.4122 Acc 0.819

Word                    Pos logit  Neg logit
--------------------------------------------
this                     -32.1149    28.3540
show                     -23.3144    20.7386
was                      -21.0359    18.6326
laughably                -21.2146    19.1086
bad                      -19.2985    17.3559
the                       -6.1098     4.9676
writing                  -20.1643    17.8106
sucked                   -11.1533     9.6468
the                       -4.4754     3.5960
dialog                    -9.3787     8.0496
sucked                    -8.5591     7.4760
the                       -1.9851     1.6391
guy                       -0.9859     0.7456
who                       -0.3763     0.0259
played                     0.4992    -0.3740
craig                      0.0051    -0.3174
couldn                    -0.0981     0.1624
act                       -0.2813     0.2466
his                       -0.5043     0.3842
way                       -2.5858     2.2400
out                       -1.1427     0.8888
of                        -2.9614     2.5086
paper                    -21.9009    20.4849
sack                      -0.8692     1.0433
being                     -1.3437     0.9905
it                        -1.1850     1.2647
was                       -1.6684     1.5928
on                        -0.3208     0.1361
thursday                   0.3119    -0.4851
night                      0.9550    -1.0278
--------------------------------------------
Avg logits : pos=-7.1086  neg=6.2628
Softmax    : pos=0.0000  neg=1.0000
Predicted  : negative    True: negative
Epoch [8/10] Step  6650 | Train Loss 0.2653 Acc 0.959 | Test  Loss 0.3025 Acc 0.864

Word                    Pos logit  Neg logit
--------------------------------------------
i                         -1.0055     1.0568
wanted                     0.2644    -0.3578
to                         0.1453    -0.2464
like                       0.5216    -0.5987
this                      -1.3030     1.2663
movie                     -2.5919     2.5226
but                        0.4184    -0.6113
many                       0.5245    -0.5313
elements                  -3.2639     3.0107
ruined                   -16.2867    14.7586
it                       -14.2224    12.9197
for                        0.3769    -0.4753
me                       -11.5750    10.2627
the                       -0.5965     0.4652
use                        1.9017    -1.9853
of                        -1.1375     1.0943
fisheye                    0.5888    -0.7720
lens                      -0.5508     0.4378
throughout                 0.5291    -0.5145
and                       -4.3792     3.6342
choppy                    -0.1425     0.2133
editing                   -8.9813     7.5191
did                       -0.5666     0.3338
not                        1.3730    -1.5257
give                      -0.3555     0.3051
me                         0.6174    -0.3373
sense                     -0.0151     0.1324
of                         0.0008     0.1439
being                      1.0257    -1.0196
in                         0.7902    -0.7702
--------------------------------------------
Avg logits : pos=-1.9299  neg=1.6777
Softmax    : pos=0.0264  neg=0.9736
Predicted  : negative    True: negative
Epoch [8/10] Step  6700 | Train Loss 0.1862 Acc 0.903 | Test  Loss 0.5537 Acc 0.698

Word                    Pos logit  Neg logit
--------------------------------------------
n                          0.9250    -0.6867
spoilers                  -0.1378     0.0370
within                    -2.2217     1.6846
assigning                 -1.2683     0.8464
an                        -3.3039     2.6504
artistic                  -0.5791     0.3117
director                  -0.2579     0.1973
to                        -0.0713    -0.3526
an                         9.8517    -8.3496
operatic                   4.5403    -3.9286
production                 2.4423    -1.9338
naturally                  6.6753    -5.4973
and                        1.9629    -1.5197
inevitably                 1.5495    -1.2846
means                      1.0658    -0.8845
you                        0.3289    -0.1412
are                        0.5283    -0.3335
going                     -0.0068     0.0501
to                        -0.1696     0.1151
get                        0.0217    -0.1515
piece                      0.3568    -0.1666
of                         0.0231    -0.0310
that                       0.1380    -0.3237
director                   0.0658     0.0930
mind                      -0.3303     0.5563
but                        0.3512    -0.6326
directing                  1.0984    -0.7277
wagner                     0.4915    -0.6475
opera                      1.7010    -1.4017
is                         3.8387    -3.1178
--------------------------------------------
Avg logits : pos=0.9870  neg=-0.8523
Softmax    : pos=0.8629  neg=0.1371
Predicted  : positive    True: negative
Epoch [8/10] Step  6750 | Train Loss 0.2028 Acc 0.872 | Test  Loss 0.4206 Acc 0.790

Word                    Pos logit  Neg logit
--------------------------------------------
here                      -0.9988     1.0914
is                        -3.8432     3.6936
what                      -2.1017     1.9330
happened                  -0.5710     0.5917
br                        -3.1347     3.1589
br                        -3.3538     3.1917
head                       2.1359    -1.6402
of                         2.8576    -2.3506
bbc                        1.0921    -0.9792
needs                      2.9296    -2.0698
to                         1.6177    -1.4363
make                       0.7597    -0.7027
programmes                -1.2442     1.2637
aimed                      0.3140    -0.3537
at                         0.7302    -0.7576
different                  4.1358    -3.5914
audience                   2.1220    -1.9470
to                         1.7723    -1.7330
bbc                        1.6206    -1.5870
and                        3.2533    -2.8549
bbc                        2.6351    -2.4269
to                         2.5450    -2.3661
keep                       1.7716    -1.7917
licence                    1.7200    -1.7502
and                       -1.0302     0.7058
job                        0.5952    -0.3747
br                         0.3359    -0.1236
br                        -6.0572     5.6192
lenny                      0.9166    -1.1357
henry                      1.0460    -1.1447
--------------------------------------------
Avg logits : pos=0.4857  neg=-0.3956
Softmax    : pos=0.7071  neg=0.2929
Predicted  : positive    True: negative
Epoch [8/10] Step  6800 | Train Loss 0.2654 Acc 0.868 | Test  Loss 0.5881 Acc 0.683

Word                    Pos logit  Neg logit
--------------------------------------------
i                         -1.6446     1.6828
had                       -1.0416     0.9505
the                       -0.9528     0.9096
displeasure               -1.9650     2.1015
of                        -1.5419     1.5215
watching                  -1.1328     0.9586
this                       3.6038    -3.1873
movie                      1.0597    -0.8526
with                      -1.1643     1.1567
my                        -2.8623     2.8648
girlfriend                 0.3257    -0.7418
who                        0.3041    -0.6331
like                       0.1401    -0.2125
me                        -0.4054     0.3671
is                        -2.8370     2.6206
fan                        0.7925    -0.9796
of                        -0.8510     0.7751
the                       -0.9475     0.6363
first                     -1.2746     0.8991
this                      -3.2166     2.5230
movie                     -5.8272     5.3259
down                      -0.7724     0.5840
right                     -1.2780     1.1452
sucked                    -9.7786     9.3498
it                       -10.3817    10.0475
lacked                    -4.3322     4.2802
the                       -3.6600     3.5343
magic                     -3.4386     3.1780
of                        -3.6077     3.2794
the                       -1.6872     1.4608
--------------------------------------------
Avg logits : pos=-2.0125  neg=1.8515
Softmax    : pos=0.0206  neg=0.9794
Predicted  : negative    True: negative
Epoch [8/10] Step  6850 | Train Loss 0.2807 Acc 0.881 | Test  Loss 0.2999 Acc 0.887

Word                    Pos logit  Neg logit
--------------------------------------------
giallo                     1.6324    -1.2105
fans                       0.8656    -1.3151
seek                       2.4691    -2.6168
out                        2.1254    -1.7775
this                      12.1085    -9.8760
rare                      12.2955   -10.1034
film                      13.7669   -11.3917
it                         4.9359    -4.2720
is                         6.6539    -5.5240
well                       0.5622    -0.5746
written                    5.4636    -4.6882
and                        1.1529    -1.1285
full                       2.8678    -2.4857
of                         1.6300    -1.5023
all                        0.9761    -0.8598
sorts                      0.7195    -0.7956
of                         1.1439    -0.8901
the                        1.1583    -0.8929
usual                      0.8050    -0.9801
low                        1.3845    -1.0010
lifes                      0.2753    -0.2023
that                       0.1241    -0.2533
populate                   0.6066    -0.6716
these                      0.0221    -0.1213
films                     -1.0427     0.7796
don                        0.2546    -0.5616
want                      -0.0469    -0.2722
to                        -0.8475     0.6584
give                      -0.7019     0.4784
anything                  -1.8698     1.6577
--------------------------------------------
Avg logits : pos=2.3830  neg=-2.0798
Softmax    : pos=0.9886  neg=0.0114
Predicted  : positive    True: positive
Epoch [8/10] Step  6900 | Train Loss 0.2713 Acc 0.835 | Test  Loss 0.3137 Acc 0.902

Word                    Pos logit  Neg logit
--------------------------------------------
this                     -18.7610    16.8812
movie                    -19.3587    17.3623
is                       -20.5080    18.5255
bad                      -19.9934    18.0288
just                     -20.2840    18.3252
bad                      -19.7906    17.8492
in                        -0.7627     0.2717
absolute                  -2.0227     2.2624
terms                     -2.1101     1.5421
bad                      -18.6543    16.8563
br                       -18.7486    16.9365
br                       -11.4406    10.5630
the                       -3.1184     2.3567
dialog                    -5.5813     4.9183
jumps                     -4.3453     4.6275
off                       -2.1106     1.8613
the                       -2.2572     1.6908
screen                    -1.4892     1.2368
and                       -0.4819     0.1333
slugs                      4.2629    -3.5786
you                        0.7011    -0.7418
in                        -0.7738     0.1761
the                        0.2052    -0.3111
face                       1.5325    -1.3942
with                       0.2949    -0.2749
its                        1.3718    -1.4266
thoroughly                -5.8627     5.3014
artificial                -0.7268     0.5361
banter                    -0.2783     0.3624
and                        1.4456    -1.3024
--------------------------------------------
Avg logits : pos=-6.3215  neg=5.6525
Softmax    : pos=0.0000  neg=1.0000
Predicted  : negative    True: negative
Epoch [8/10] Step  6950 | Train Loss 0.3639 Acc 0.760 | Test  Loss 0.4476 Acc 0.780

Word                    Pos logit  Neg logit
--------------------------------------------
i                          0.1175    -0.0552
viewed                     0.2480    -0.2943
this                      -0.1392     0.0468
movie                      0.1752    -0.3479
for                        0.3403    -0.5580
the                        1.0622    -1.1075
first                      1.1461    -1.0076
time                       1.4433    -1.2498
last                       0.6940    -0.8823
night                      1.6356    -1.6184
and                        1.9839    -1.7674
enjoyed                   19.4332   -16.5280
every                     20.1221   -17.1562
aspect                     6.1834    -5.3434
of                         1.7961    -1.6628
it                         4.5410    -3.9103
the                        1.4767    -1.4141
dancing                    1.4074    -1.4092
the                        1.3158    -1.2865
acting                     0.7774    -0.8706
the                       -0.0461    -0.1359
dialogue                  -1.9497     1.5826
the                        0.0304    -0.2307
plot                     -13.0283    11.5886
the                       -1.7705     1.2757
script                    -3.7589     3.3803
and                        0.5380    -0.6712
the                        0.1891    -0.3068
whole                      7.2043    -5.7954
atmosphere                 0.4656    -0.2209
--------------------------------------------
Avg logits : pos=1.7878  neg=-1.5985
Softmax    : pos=0.9673  neg=0.0327
Predicted  : positive    True: positive
Epoch [8/10] Step  7000 | Train Loss 0.2201 Acc 0.912 | Test  Loss 0.3355 Acc 0.856

Word                    Pos logit  Neg logit
--------------------------------------------
first                      4.3067    -3.7264
and                        2.3719    -2.1713
foremost                   9.9433    -8.4598
wish                       4.6949    -4.1176
to                         0.5092    -0.6223
aim                       -0.7275     0.8207
big                       -0.6096     0.7230
mean                      -1.2024     1.2643
middle                    -0.6269     0.6002
finger                    -0.4660     0.5372
towards                    0.5376    -0.6014
the                        0.9268    -1.0105
troma                      0.1076    -0.2436
dvd                       -0.1782    -0.1185
distribution              -0.4051     0.4618
crew                      -0.9542     1.1622
who                       -0.5932     0.1031
were                      -0.0964     0.5032
actually                  -0.9263     0.6444
stupid                   -19.5044    18.1325
enough                    -1.7308     1.5674
to                        -1.2708     1.1406
reveal                    -2.4669     2.2585
the                       -0.9181     0.9615
identity                  -1.1221     0.8873
of                        -0.2259     0.4509
this                      -3.5700     3.7650
movie                     -4.2395     4.2753
pivot                     -1.9491     1.7720
killer                    -1.3893     1.1764
--------------------------------------------
Avg logits : pos=-0.7258  neg=0.7379
Softmax    : pos=0.1879  neg=0.8121
Predicted  : negative    True: negative
Epoch [8/10] Step  7050 | Train Loss 0.2700 Acc 0.922 | Test  Loss 0.3702 Acc 0.796

Word                    Pos logit  Neg logit
--------------------------------------------
this                     -30.9784    27.7964
movie                    -32.0932    28.7809
is                       -32.7200    29.4168
awful                    -32.4023    29.1198
don                        0.5589    -0.7762
even                      -1.4608     1.2175
know                      -1.3068     1.0857
where                     -1.0195     0.8293
to                        -0.7982     0.5765
begin                     -2.6675     2.2162
m                         -1.3106     1.2608
speechless               -18.9062    16.8083
can                       -1.9396     1.7815
even                      -1.5477     1.3573
describe                  -8.0096     7.2505
how                       -9.3427     8.4454
awful                    -32.4031    29.1205
this                     -31.1149    27.9754
is                       -13.2494    12.0764
the                       -2.7486     2.7072
blood                     -7.4873     7.0592
is                         3.4343    -2.3910
flourescent                0.0709     0.1497
first                      3.9315    -3.0178
of                         2.5100    -2.1769
all                       -0.4590     0.3693
and                        2.0122    -1.9079
the                       -0.1767     0.0359
acting                   -32.0933    28.7810
is                       -32.7198    29.4167
--------------------------------------------
Avg logits : pos=-10.5479  neg=9.5121
Softmax    : pos=0.0000  neg=1.0000
Predicted  : negative    True: negative
Epoch [8/10] Step  7100 | Train Loss 0.3285 Acc 0.815 | Test  Loss 0.2972 Acc 0.809

Word                    Pos logit  Neg logit
--------------------------------------------
certain                   -1.1766     1.0775
filmmakers                -1.0560     0.9280
can                       -3.6210     3.4320
do                        -0.8776     0.5557
no                        -1.0705     0.7764
wrong                     -4.9510     4.7419
in                        -1.9784     1.5191
the                       -0.6111     0.5827
eyes                      -1.2060     1.2187
of                         0.8793    -0.5259
national                   0.2465    -0.3478
critics                    0.3054    -0.7635
which                      1.0326    -0.7831
is                        -3.7278     3.4412
one                       -3.7235     3.5101
reason                     1.5340    -1.4070
you                       -1.3909     1.3685
should                    -1.6132     1.5024
never                      0.3989    -0.3911
pay                       -0.2788     0.1839
attention                 -1.0348     0.9425
to                        -0.3552     0.2747
them                      -0.0002    -0.0953
this                      20.4866   -17.0665
film                      19.4033   -16.1129
is                        18.7599   -15.4575
perfect                   12.0592    -9.8931
example                    2.4227    -2.0263
the                        0.4185    -0.2389
critics                    2.7358    -3.5510
--------------------------------------------
Avg logits : pos=1.7337  neg=-1.4201
Softmax    : pos=0.9591  neg=0.0409
Predicted  : positive    True: negative
Epoch [8/10] Step  7150 | Train Loss 0.3641 Acc 0.869 | Test  Loss 0.3890 Acc 0.687

Word                    Pos logit  Neg logit
--------------------------------------------
come                      -0.9039     0.8898
undone                    -4.0973     4.0061
appears                   -1.0862     1.0562
to                        -0.4412     0.3361
elicit                     2.0379    -1.6692
lot                        2.8192    -2.4802
of                         2.6864    -2.3497
opinions                   1.4785    -1.4161
among                      1.8852    -1.7319
the                       -0.8090     0.5431
contributors               1.3835    -1.4725
to                         1.0152    -1.0856
this                       0.0018     0.3222
forum                      1.3562    -1.3317
granted                    0.9330    -1.2720
it                         1.3558    -0.9463
a                          2.7770    -2.1956
film                       2.0858    -1.5511
that                       1.4162    -1.3948
promises                   1.5293    -1.4691
take                       1.6301    -1.3233
on                         0.4153    -0.3430
gay                        1.1026    -1.8833
life                       0.6845    -0.6999
as                         1.5594    -1.0676
most                       4.0814    -3.5049
viewers                    2.3494    -1.8820
expect                     1.6397    -1.4860
and                       -0.2047     0.3477
somehow                   -0.2375     0.2846
--------------------------------------------
Avg logits : pos=1.0148  neg=-0.8923
Softmax    : pos=0.8707  neg=0.1293
Predicted  : positive    True: positive
Epoch [8/10] Step  7200 | Train Loss 0.2624 Acc 0.849 | Test  Loss 0.3683 Acc 0.787

Word                    Pos logit  Neg logit
--------------------------------------------
this                       1.2156    -0.9080
one                        1.8305    -1.7869
and                        1.7932    -1.6919
the                        1.5552    -1.4646
one                        1.0312    -0.8350
prior                      1.9632    -2.0808
toulon                     1.7079    -1.6052
revenge                    1.3914    -1.3986
and                        1.0935    -0.7783
the                        0.2407    -0.2319
next                      -0.3401     0.2592
one                       -4.5587     4.3770
seem                      -0.1844     0.1383
to                        -0.1736    -0.0190
be                        -0.5216     0.3612
completely                 5.0758    -4.0379
different                  1.7953    -1.6082
from                      -0.0610    -0.3055
the                        1.0672    -1.3203
first                      0.6437    -0.9032
two                        0.4328    -0.7615
movies                     0.3232    -0.6453
where                      0.4032    -0.7870
the                       -0.3382     0.0903
puppets                   -2.2369     2.2114
were                      -3.0247     2.9976
not                        0.2079    -0.7807
so                         6.0864    -4.7952
nice                      -0.8936     0.9416
it                        11.5046    -9.4411
--------------------------------------------
Avg logits : pos=0.9677  neg=-0.8936
Softmax    : pos=0.8654  neg=0.1346
Predicted  : positive    True: negative
Epoch [8/10] Step  7250 | Train Loss 0.4414 Acc 0.818 | Test  Loss 0.4451 Acc 0.782

Word                    Pos logit  Neg logit
--------------------------------------------
i                          0.7111    -0.7211
like                       0.4113    -0.5796
sci                        0.6179    -0.7611
fi                         0.2511    -0.5008
movies                     0.5352    -0.7516
lot                        1.2554    -1.3458
like                       0.7215    -0.9155
the                        0.8311    -0.9773
really                    13.2809   -10.7573
good                       1.2073    -0.7459
ones                       0.5105    -0.7624
such                       1.2469    -1.1244
as                         0.5309    -0.5686
the                        0.3816    -0.4155
day                        0.7696    -0.7377
the                        0.4140    -0.3779
earth                     -0.0481     0.0797
stood                     -0.0830    -0.0725
still                      3.8575    -3.2034
when                       1.2035    -1.1353
worlds                     3.3392    -2.8634
collide                    3.3761    -2.8434
invasion                   1.3020    -1.2510
of                         0.6707    -0.6369
the                       -0.1113     0.0224
body                       0.4297    -0.4454
snatchers                 -0.1479     0.2174
and                        0.7267    -0.6007
many                       1.0348    -0.9602
others                     0.0286    -0.3758
--------------------------------------------
Avg logits : pos=1.3085  neg=-1.2037
Softmax    : pos=0.9250  neg=0.0750
Predicted  : positive    True: negative
Epoch [8/10] Step  7300 | Train Loss 0.2214 Acc 0.933 | Test  Loss 0.3568 Acc 0.831

Word                    Pos logit  Neg logit
--------------------------------------------
i                         -0.7948     0.9819
thought                   -0.4620     0.3783
this                      -3.0396     2.7869
movie                     -3.9055     3.7781
had                       -2.7435     2.5756
absolutely                -6.2920     6.0538
no                        -2.4702     2.2471
moral                     -0.2739     0.7059
mean                       3.2455    -2.3875
how                       -1.7096     1.6893
would                     -1.1363     1.0804
you                        0.2035    -0.0571
feel                       1.6920    -1.2798
if                         0.7319    -0.6247
your                       0.5929    -0.3437
fianc                      0.6378    -0.9072
left                       1.2410    -1.0197
you                        0.7541    -0.7150
on                         0.6927    -0.8032
your                       0.3641    -0.4859
wedding                   -0.0514    -0.1681
day                        0.8946    -0.9462
for                        0.2755    -0.4039
your                      -1.9139     1.6874
cousin                     0.2554    -0.4381
would                     -0.5643     0.3660
be                        -0.6866     0.5296
heartbroken               -2.9592     2.7401
it                        -3.6831     3.4834
classified                -0.6994     0.6257
--------------------------------------------
Avg logits : pos=-0.7268  neg=0.7043
Softmax    : pos=0.1929  neg=0.8071
Predicted  : negative    True: negative
Epoch [8/10] Step  7350 | Train Loss 0.2633 Acc 0.877 | Test  Loss 0.4362 Acc 0.791

Word                    Pos logit  Neg logit
--------------------------------------------
certainly                  0.5052    -0.4467
this                       1.6050    -1.1391
film                       1.7877    -1.1872
has                        1.8023    -1.7228
the                        1.4977    -1.3610
ring                       1.4615    -1.4243
of                         2.7224    -2.3407
truth                      3.0043    -2.4630
about                      1.3126    -1.5199
it                        -3.8146     4.0902
as                         0.6567    -0.6413
it                        -6.2645     6.4166
purports                  -4.7191     4.8182
to                         0.5910    -0.7038
be                        -0.6383     0.5217
based                     -0.2676     0.1274
on                        -0.6396     0.3061
actual                    -1.1138     0.9746
occurrences               -0.2443     0.1176
at                        -0.2994     0.1365
marine                     0.0660     0.0279
base                       0.7593    -0.7401
it                        -0.1688     0.4099
deals                     -0.6135     0.6285
with                      -1.6041     1.6432
the                       -2.5431     2.4807
attempted                 -0.9819     0.8739
cover                     -3.7172     3.7149
up                        -1.4976     1.3574
by                        -3.5653     3.4110
--------------------------------------------
Avg logits : pos=-0.4974  neg=0.5455
Softmax    : pos=0.2606  neg=0.7394
Predicted  : negative    True: positive
Epoch [8/10] Step  7400 | Train Loss 0.3639 Acc 0.850 | Test  Loss 0.4286 Acc 0.783

Word                    Pos logit  Neg logit
--------------------------------------------
i                          0.6986    -0.3027
recently                   1.5912    -1.6700
watched                    0.6655    -0.3520
this                       0.1244     0.2198
but                        1.1178    -1.1360
when                       0.5037    -0.4242
it                        -2.5924     2.4642
started                   -2.8343     2.6519
had                       -1.5217     1.4115
no                         1.1682    -1.3481
idea                      -3.1906     3.1275
what                      -2.7075     2.2204
the                       -1.6495     1.2927
concept                   -1.0293     0.7948
was                       -0.1347     0.2059
about                     -0.4589    -0.0521
what                       1.0913    -1.0154
the                        0.7915    -0.7915
topic                      0.2092    -0.3501
was                        0.5374    -0.3863
in                         0.1066    -0.1820
short                      0.7281    -1.0465
had                        0.2843    -0.0671
no                         0.8145    -1.0533
idea                      -2.9890     2.9365
what                      -2.2670     1.8724
it                        -2.3143     1.7337
was                       -1.7511     1.2329
was                       -0.7042     0.2968
it                        11.1099   -10.2590
--------------------------------------------
Avg logits : pos=-0.1534  neg=0.0675
Softmax    : pos=0.4450  neg=0.5550
Predicted  : negative    True: positive
Epoch [8/10] Step  7450 | Train Loss 0.4028 Acc 0.825 | Test  Loss 0.2947 Acc 0.832

Word                    Pos logit  Neg logit
--------------------------------------------
when                       0.9928    -0.8445
first                      1.6423    -1.0820
became                     1.1618    -0.7431
father                     0.8486    -1.0756
about                      0.8150    -1.0463
years                      1.0735    -1.1514
ago                        1.0830    -1.3830
was                        1.8980    -1.5569
prepared                   1.4058    -1.3043
for                        0.9662    -1.0712
many                       1.1081    -1.1883
of                         0.7397    -0.8894
the                       -0.5173     0.1953
sacrifices                -0.1546    -0.1598
d                         -1.2347     1.1136
have                      -1.6739     1.5369
to                        -1.4891     1.1693
make                      -1.2889     1.0129
knew                      -1.3357     1.0431
d                         -0.4649     0.5097
have                      -1.6958     1.5147
to                        -1.2164     0.9778
change                    -0.5104     0.5555
diapers                   -0.2016     0.1184
and                        0.3583    -0.2043
take                       1.0033    -0.9062
them                       1.2718    -1.1377
to                         0.9279    -0.8766
swimming                   2.2584    -2.0211
lessons                    5.1908    -4.4516
--------------------------------------------
Avg logits : pos=0.4321  neg=-0.4449
Softmax    : pos=0.7062  neg=0.2938
Predicted  : positive    True: negative
Epoch [8/10] Step  7500 | Train Loss 0.2600 Acc 0.903 | Test  Loss 0.5560 Acc 0.741

Word                    Pos logit  Neg logit
--------------------------------------------
okay                     -11.2039    10.6155
so                        -2.9993     2.5399
am                        -5.8293     4.9555
gazing                    -8.1753     6.9428
through                   -2.4619     1.9530
my                         3.0938    -2.7383
mom                        0.2328    -0.5667
and                        3.6064    -3.2229
dad                        3.0925    -2.8689
extensive                  3.6135    -3.2342
dvd                        1.5150    -1.7244
collection                -0.0244     0.1612
mostly                    -0.7102     0.8369
because                    0.7304    -0.8040
they                      -0.0789     0.2484
don                       -0.5458     0.4275
charge                    -0.4069     0.3055
late                      -0.6112     0.4901
fees                       0.0305    -0.0519
and                        0.0854    -0.0611
come                      -0.0564    -0.0090
upon                       0.0849    -0.2131
thousand                  -0.0565    -0.0766
acres                      1.6523    -1.4159
was                       -0.2323     0.1564
stunned                   -0.3084     0.2771
that                      -0.4687     0.1973
here                      -0.2187     0.1034
was                       -0.1511     0.1233
movie                     -0.9582     0.8646
--------------------------------------------
Avg logits : pos=-0.5920  neg=0.4737
Softmax    : pos=0.2562  neg=0.7438
Predicted  : negative    True: positive
Epoch [9/10] Step  7550 | Train Loss 0.4516 Acc 0.878 | Test  Loss 0.3635 Acc 0.798

Word                    Pos logit  Neg logit
--------------------------------------------
wagons                    -3.7640     3.3690
east                       0.0221    -0.0657
was                      -10.9952     9.7412
big                      -21.5882    19.1174
disappointment           -21.2006    18.8052
for                       -0.3273     0.1664
me                        -1.8016     1.8097
but                        0.2612    -0.4666
the                        0.9277    -0.6754
saddest                   -5.1050     4.8853
thing                     -0.8847     0.9300
about                      1.4797    -1.5897
this                       0.1709    -0.0916
movie                     -0.9442     0.7463
is                         1.0033    -0.8105
that                       0.3721    -0.4542
it                        -0.4813     0.5807
turned                     0.8544    -0.9317
out                       -0.2584     0.1993
to                         0.6125    -0.6744
be                         0.7770    -0.9407
john                      -0.0609    -0.1169
candy                     -0.4533     0.2710
last                       0.0840    -0.2887
film                       3.7226    -2.5964
role                       2.3326    -1.4673
he                         0.3595    -0.4049
died                       1.1738    -2.1675
just                       3.1631    -2.1097
before                     0.7758    -0.5104
--------------------------------------------
Avg logits : pos=-1.6591  neg=1.4753
Softmax    : pos=0.0417  neg=0.9583
Predicted  : negative    True: negative
Epoch [9/10] Step  7600 | Train Loss 0.2336 Acc 0.931 | Test  Loss 0.4242 Acc 0.810

Word                    Pos logit  Neg logit
--------------------------------------------
an                         2.7334    -2.2015
incredible                12.5768   -10.6918
little                     0.9810    -0.9885
english                   -0.1390    -0.1432
film                       2.2957    -1.7567
for                        1.0640    -1.1060
so                        -0.9799     1.0970
many                       0.6183    -0.4902
reasons                    2.3935    -2.3471
first                     -0.0194     0.3503
it                        10.9269    -9.0991
a                         10.4329    -8.5528
rare                       7.6331    -6.2476
look                       2.6686    -2.4567
laurence                   2.8429    -2.6881
olivier                    2.9862    -2.8304
in                         3.4155    -3.1397
light                      3.9032    -3.5428
comedy                     1.0323    -0.8745
while                      2.2109    -2.0385
his                        2.2171    -2.1799
performance               -0.9045     1.0235
is                        -2.1634     2.2515
not                        1.7961    -1.8506
up                        -0.4274     0.3367
the                       -1.2340     1.0278
standard                  -0.8340     0.6431
he                        -0.3495     0.1383
would                     -0.4802     0.2541
latter                    -0.2469    -0.0729
--------------------------------------------
Avg logits : pos=2.2317  neg=-1.9392
Softmax    : pos=0.9848  neg=0.0152
Predicted  : positive    True: positive
Epoch [9/10] Step  7650 | Train Loss 0.1590 Acc 0.934 | Test  Loss 0.3495 Acc 0.887

Word                    Pos logit  Neg logit
--------------------------------------------
uninspired               -47.0720    42.7320
direction                -45.4363    41.2977
leaves                    -9.1752     8.9372
decent                    -1.9835     2.4078
cast                     -47.3647    42.5886
stranded                  -4.7060     4.0621
in                        -2.5205     2.1428
handsome                  -0.7428     0.8936
but                       -0.6256     0.2782
bland                      0.6475    -0.3474
adaptation               -18.7986    16.5662
in                        -0.5688     0.2729
which                     -1.8112     1.6339
dialogue                  -9.3925     8.2970
seems                     -1.0949     1.1051
recited                   -2.8683     2.8869
rather                    -0.0286    -0.0003
than                      -0.4341     0.4476
heartfelt                  6.5238    -5.4816
and                       -0.7291     0.6907
cash                      -0.7917     0.7186
strapped                  -1.0603     1.0933
appearances               -0.1498     0.1138
by                        -4.3118     4.1842
the                       -2.1063     1.9054
ghosts                    -3.5577     3.3123
fail                      -2.5125     2.6529
to                        -1.9144     1.6147
round                     -4.1967     3.8723
up                        -2.6693     2.4777
--------------------------------------------
Avg logits : pos=-7.0484  neg=6.4452
Softmax    : pos=0.0000  neg=1.0000
Predicted  : negative    True: negative
Epoch [9/10] Step  7700 | Train Loss 0.4592 Acc 0.790 | Test  Loss 0.4400 Acc 0.777

Word                    Pos logit  Neg logit
--------------------------------------------
the                       -0.5149     0.6675
woman                      0.7170    -0.7039
in                        -0.4379     0.5090
black                      0.4418    -0.4453
is                         2.3639    -1.7699
easily                     1.3115    -1.1938
one                        5.6904    -4.6957
of                         2.3833    -2.0553
the                        1.2281    -1.0626
creepiest                  4.2923    -3.4348
british                    0.8965    -0.8207
ghost                      2.3060    -1.9251
stories                    2.2732    -1.8560
ever                       1.4962    -1.0114
made                       0.5640    -0.3336
young                      0.9277    -0.8652
solicitor                  0.2475    -0.2663
after                      0.6522    -0.5862
arriving                   0.5536    -0.5366
in                         0.4409    -0.4752
small                     -0.1830     0.1812
town                       0.0736    -0.1429
to                        -0.0425    -0.0455
handle                    -1.7992     1.8160
dead                      -0.0100    -0.1483
client                    -0.1983     0.0768
estate                    -0.7183     0.8145
is                         1.5244    -0.6390
haunted                   -0.4284     0.5021
by                         0.8162    -0.2036
--------------------------------------------
Avg logits : pos=0.8956  neg=-0.6883
Softmax    : pos=0.8298  neg=0.1702
Predicted  : positive    True: positive
Epoch [9/10] Step  7750 | Train Loss 0.2980 Acc 0.818 | Test  Loss 0.3459 Acc 0.855

Word                    Pos logit  Neg logit
--------------------------------------------
i                          0.2601    -0.0964
have                      -0.3469     0.3103
just                      -0.0902     0.2577
caught                     0.0080    -0.0333
this                       1.8891    -1.5873
movie                      1.6234    -1.6194
on                         0.5578    -0.8252
tcm                        2.2892    -2.3655
and                        2.1549    -2.0305
can                        2.3860    -2.3729
understand                 1.3789    -1.3721
why                        1.2573    -1.3294
george                     0.6769    -0.7281
murphy                     0.5921    -0.6460
went                       0.4676    -0.3915
into                       0.4007    -0.5859
politics                   0.3251    -0.6139
if                         0.5931    -0.9121
this                      17.7223   -14.6069
was                       -0.5589     0.3981
the                       -0.5856     0.3684
best                      14.8647   -12.1263
mgm                       -0.4909     0.2026
could                     -1.7023     1.3491
serve                     -1.0202     1.0627
up                         0.7423    -0.7357
to                         0.4659    -0.5431
him                        0.7648    -0.8526
it                       -11.6423    10.2061
is                       -15.0467    13.1084
--------------------------------------------
Avg logits : pos=0.6645  neg=-0.6370
Softmax    : pos=0.7861  neg=0.2139
Predicted  : positive    True: negative
Epoch [9/10] Step  7800 | Train Loss 0.3985 Acc 0.841 | Test  Loss 0.2547 Acc 0.946

Word                    Pos logit  Neg logit
--------------------------------------------
when                       0.6669    -0.6449
george                     0.5469    -0.5838
sluizer                    0.1877    -0.3128
was                        0.1150    -0.0434
told                       0.4129    -0.6863
he                         0.1927    -0.4886
could                      0.3916    -0.4197
direct                    -0.6478     0.4078
an                         0.5702    -0.3654
american                   0.7105    -0.9058
version                    0.3151    -0.6447
of                        -1.0786     0.3661
the                       -2.2319     1.3653
book                       0.1124    -0.2839
het                        0.5095    -0.7989
gouden                    -0.9288     0.7294
ei                         1.1236    -0.5831
the                       -1.4709     0.9799
movie                      0.9033    -0.6482
spoorloos                 -0.4839     0.1332
outside                    0.1948    -0.4247
holland                    1.6316    -1.5154
this                       2.2256    -1.7998
movie                      0.7042    -0.3326
has                       -0.8044     0.4716
the                       -2.5126     2.0769
name                       1.3781    -1.2898
the                       -2.8708     2.3697
vanishing                 -2.6871     2.5381
too                       -0.8171     0.5763
--------------------------------------------
Avg logits : pos=-0.1214  neg=-0.0253
Softmax    : pos=0.4760  neg=0.5240
Predicted  : negative    True: negative
Epoch [9/10] Step  7850 | Train Loss 0.2405 Acc 0.907 | Test  Loss 0.3535 Acc 0.814

Word                    Pos logit  Neg logit
--------------------------------------------
looking                   -0.1150     0.0941
back                      -0.0786    -0.0699
on                         0.1798    -0.3425
the                        0.0670    -0.2895
year                       0.4109    -0.6434
one                        3.2859    -3.0196
of                         2.1738    -2.0729
the                        2.2208    -2.1097
things                     2.4517    -2.3453
will                       4.6434    -4.0523
remember                   4.6020    -4.0552
most                       6.7366    -5.8182
is                         8.4674    -7.2126
the                        1.2103    -1.1535
snakeamania                2.8483    -2.7982
on                         1.4358    -1.3454
the                        0.5848    -0.6791
internet                   1.5055    -1.7636
for                        0.5325    -0.7283
film                      -2.0048     1.7803
called                    -0.6205     0.4841
snakes                    -0.3391     0.3085
on                        -0.5473     0.5889
plane                     -0.6019     0.5641
but                       -0.1140    -0.3010
unknown                   -0.3036     0.3181
to                        -0.3211     0.2921
me                         0.1976    -0.1713
there                      0.1655    -0.2590
was                        0.9365    -0.8279
--------------------------------------------
Avg logits : pos=1.3203  neg=-1.2543
Softmax    : pos=0.9292  neg=0.0708
Predicted  : positive    True: negative
Epoch [9/10] Step  7900 | Train Loss 0.2123 Acc 0.899 | Test  Loss 0.2354 Acc 0.913

Word                    Pos logit  Neg logit
--------------------------------------------
this                      -2.0133     1.9288
move                      -0.9173     0.7754
actually                  -0.3368     0.1345
had                       -1.8608     1.7653
me                        -1.2131     1.1951
jumping                    0.7602    -0.7469
out                        0.3259    -0.3725
of                         1.5567    -1.4222
my                         2.7767    -2.2823
chair                      1.0064    -1.2445
in                         0.8713    -0.7045
anticipation               0.3381    -0.7123
of                         2.3408    -1.8439
what                       0.6246    -0.6326
the                       -1.1081     0.9156
actors                     0.4447    -0.4757
were                      -1.0144     0.9491
going                     -1.1483     0.9293
to                        -0.9754     0.6437
do                        -0.9702     0.4254
the                       -1.4821     1.1008
acting                    15.1747   -12.4912
was                        2.1963    -2.0280
the                       -0.5313     0.2341
best                      17.0231   -13.8363
farrah                     9.4333    -7.6513
should                    -0.8751     0.7742
have                      -1.6749     1.5881
gotten                     0.3574    -0.2658
oscar                      0.2853    -0.2414
--------------------------------------------
Avg logits : pos=1.3132  neg=-1.1197
Softmax    : pos=0.9193  neg=0.0807
Predicted  : positive    True: positive
Epoch [9/10] Step  7950 | Train Loss 0.4291 Acc 0.851 | Test  Loss 0.2903 Acc 0.908

Word                    Pos logit  Neg logit
--------------------------------------------
this                      -1.3731     1.4491
film                      -2.3941     2.3077
was                       -2.9434     2.8865
not                       -0.0432    -0.4610
only                      -1.6126     1.6351
one                        1.9810    -1.4442
of                        -0.0717     0.0216
john                      -0.7031     0.4807
ford                      -1.4930     1.0937
own                        0.1521    -0.5212
personal                   2.9032    -2.3693
favorites                  5.3691    -4.2048
but                       -0.1005    -0.2312
also                       1.7010    -1.5200
numbered                   1.1130    -0.9915
directors                 -0.2977     0.1327
sergei                     0.1925    -0.4096
eisenstein                 2.0092    -1.7165
and                        1.9037    -1.7683
bertrand                   0.8173    -1.1306
tavernier                  2.5292    -2.1045
among                      1.9094    -1.7199
its                        1.8617    -1.6878
high                       1.1852    -1.1322
profile                   -0.2485     0.2936
admirers                   0.9014    -1.1366
ironically                -1.8964     1.8100
ve                        -3.8100     3.6939
just                      -0.3688     0.2981
caught                    -0.9124     0.7143
--------------------------------------------
Avg logits : pos=0.2754  neg=-0.2577
Softmax    : pos=0.6302  neg=0.3698
Predicted  : positive    True: positive
Epoch [9/10] Step  8000 | Train Loss 0.2300 Acc 0.900 | Test  Loss 0.3415 Acc 0.932

Word                    Pos logit  Neg logit
--------------------------------------------
i                          5.5389    -4.9210
remember                   2.5696    -2.4026
back                       0.6161    -0.7259
when                       0.5422    -0.6862
was                        0.2191    -0.1362
little                     0.1936    -0.4123
when                       0.1900    -0.3372
was                       -1.0800     1.0330
away                      -0.6734     0.4480
at                        -0.7710     0.6845
camp                      -0.6347     0.3382
and                       -1.1086     1.1572
we                        -3.5500     3.2631
would                     -0.0477    -0.2123
campout                   -4.3704     4.0933
under                     -2.5451     2.2819
the                       -2.4443     2.0854
stars                     -0.6376     0.1815
there                     -1.3690     1.0845
was                       -1.7628     1.4849
always                    -5.0005     4.4716
someone                   -2.3676     2.0167
there                     -2.0578     1.7793
that                      -1.3363     1.0423
would                     -0.6403     0.2866
have                      -2.8703     2.5536
good                       3.3249    -2.9559
story                      8.1469    -6.7621
to                        -0.4256     0.1979
tell                      -0.4511     0.2269
--------------------------------------------
Avg logits : pos=-0.4934  neg=0.3719
Softmax    : pos=0.2962  neg=0.7038
Predicted  : negative    True: negative
Epoch [9/10] Step  8050 | Train Loss 0.3686 Acc 0.875 | Test  Loss 0.5334 Acc 0.836

Word                    Pos logit  Neg logit
--------------------------------------------
kate                       0.3522    -0.2951
beckinsale                -0.2164     0.0685
is                        13.2879   -10.8429
as                        -0.0941     0.1771
good                      -2.4166     2.5689
if                         0.4055    -0.5626
not                        1.6818    -1.7303
better                    -1.1638     1.3678
than                      -0.6533     0.3842
gwyneth                   -0.7477     0.5397
paltrow                   -1.1962     0.9100
as                        -0.8662     0.4087
emma                       0.9632    -1.0363
in                        -0.5075     0.0334
this                      14.8600   -13.3670
movie                     12.2447   -10.7428
although                   0.1746    -0.7018
really                    14.5794   -12.7912
liked                      2.0059    -1.7506
gwyneth                    1.5717    -1.8900
paltrow                    0.3627    -0.6966
in                        -0.6171    -0.0415
the                       -0.7131     0.0353
other                     -0.8287     0.2134
emma                       0.3561    -0.5519
version                   -0.0381    -0.4734
they                      -2.8401     2.2929
re                        -2.9792     2.5715
both                      -0.9366     0.4614
good                       6.4340    -5.4052
--------------------------------------------
Avg logits : pos=1.7488  neg=-1.6949
Softmax    : pos=0.9690  neg=0.0310
Predicted  : positive    True: positive
Epoch [9/10] Step  8100 | Train Loss 0.3067 Acc 0.896 | Test  Loss 0.5181 Acc 0.742

Word                    Pos logit  Neg logit
--------------------------------------------
as                         0.6317    -0.5435
an                         0.8101    -0.5860
american                   0.9351    -1.1634
fan                        0.8357    -1.2430
of                        -0.1240     0.1115
the                       -0.3126     0.1052
league                    -0.0571    -0.1803
of                        -0.4445     0.2608
gentlemen                  0.7220    -0.9855
had                        0.5380    -0.3855
to                         0.2447    -0.3151
wait                      -0.1603     0.1139
months                     1.0311    -1.9704
to                         1.6386    -1.4396
finally                    1.1328    -1.0660
see                        2.1529    -1.9422
this                       1.1550    -1.1905
film                       0.5159    -0.4860
when                       1.3506    -1.4760
it                        -0.8126     0.7838
came                       1.6642    -1.6753
out                        1.4573    -1.5435
on                         1.2630    -1.3337
dvd                        4.1446    -4.1534
but                        2.1089    -2.2770
it                         1.7105    -1.3208
was                        1.2706    -1.1472
well                      -1.6012     1.4515
worth                     -7.5598     6.7421
the                       -2.1099     1.6727
--------------------------------------------
Avg logits : pos=0.4710  neg=-0.5727
Softmax    : pos=0.7396  neg=0.2604
Predicted  : positive    True: positive
Epoch [9/10] Step  8150 | Train Loss 0.3377 Acc 0.821 | Test  Loss 0.2642 Acc 0.848

Word                    Pos logit  Neg logit
--------------------------------------------
the                       -0.1304     0.2522
problems                   0.3304    -0.4312
with                       0.0510     0.0512
this                      -0.0988     0.0705
film                       1.2092    -0.8527
are                       -0.1092     0.1979
many                      -0.6458     0.5930
but                        0.6276    -0.9200
will                      -1.0487     1.0264
try                        0.2216    -0.1469
to                        -1.0574     0.8243
mention                   -2.8869     2.4655
the                       -3.6738     3.1539
most                     -14.2414    12.9558
glaring                  -12.3909    11.1750
and                       -3.4434     3.0635
bothersome                -4.7935     4.4626
ones                       0.2958    -0.5798
first                      0.4182    -0.2958
of                         0.3611    -0.4092
all                        1.0087    -0.9193
while                      0.8524    -0.8763
the                        1.5096    -1.3662
theme                      1.2501    -1.0750
suggests                   1.3293    -1.4204
number                     1.8274    -1.5573
of                         2.4834    -2.0864
vignettes                  4.3150    -3.4233
about                      1.1495    -1.4187
manhattan                  0.6251    -0.8937
--------------------------------------------
Avg logits : pos=-0.8218  neg=0.7207
Softmax    : pos=0.1762  neg=0.8238
Predicted  : negative    True: negative
Epoch [9/10] Step  8200 | Train Loss 0.2157 Acc 0.940 | Test  Loss 0.2865 Acc 0.845

Word                    Pos logit  Neg logit
--------------------------------------------
and                        0.0276     0.0577
in                         0.8986    -0.9328
no                         1.2871    -1.3659
way                       -1.3270     1.2208
as                         0.1732    -0.1977
clean                      3.0608    -2.3205
logical                    4.0937    -3.2020
and                       -3.9340     3.3680
understandable            -6.5998     5.7829
as                        -1.4894     1.0915
in                         0.8986    -1.0052
pictured                  -5.8486     5.0895
in                         0.2581    -0.4826
that                      -1.3652     0.8331
pathetic                 -28.5758    26.1986
sum                      -27.3988    25.2021
of                        -2.2222     1.5786
tired                    -14.1575    12.3259
hollywood                 -3.5561     2.7950
cliches                  -10.1873     8.8691
br                        -9.0354     7.8993
br                        -9.6899     8.2347
m                         -1.3199     0.8207
and                       -0.2019    -0.0214
ve                        -4.3144     3.6653
spent                     -2.7084     2.3106
years                      0.3660    -0.7930
of                         1.9763    -1.6810
my                         7.8874    -6.2992
life                       0.9140    -1.1746
--------------------------------------------
Avg logits : pos=-3.7363  neg=3.2622
Softmax    : pos=0.0009  neg=0.9991
Predicted  : negative    True: negative
Epoch [9/10] Step  8250 | Train Loss 0.6393 Acc 0.736 | Test  Loss 0.4080 Acc 0.769

Word                    Pos logit  Neg logit
--------------------------------------------
l                          1.0722    -0.8045
humanit                    1.2581    -1.2055
is                         3.3047    -2.2509
murder                     1.1588    -1.2470
mystery                    1.7732    -1.2999
these                      1.3327    -1.0132
movies                     1.0381    -0.9104
tend                       2.2447    -2.2491
to                         0.5992    -0.7349
be                         0.0698    -0.1793
popular                    0.4520    -0.2354
br                         5.0252    -3.8261
br                        -5.7284     5.7640
and                       -1.0797     1.0724
the                       -1.3097     1.1923
rating                    -6.9611     6.8837
it                        -6.1739     6.2623
currently                 -0.3073     0.5208
has                       -0.9806     1.0533
suggests                   0.9704    -0.8493
that                       0.9048    -0.7915
it                         0.9481    -0.5340
has                       -1.2970     1.2331
been                       0.5064    -0.4812
too                       -0.7948     0.7456
br                        -2.2324     2.1571
br                        -9.9447     9.4522
unfortunately             -7.6384     7.1934
this                      -6.5162     6.2621
movie                     -6.3233     5.9520
--------------------------------------------
Avg logits : pos=-1.1543  neg=1.2377
Softmax    : pos=0.0838  neg=0.9162
Predicted  : negative    True: negative
Epoch [9/10] Step  8300 | Train Loss 0.3220 Acc 0.870 | Test  Loss 0.4170 Acc 0.779

Word                    Pos logit  Neg logit
--------------------------------------------
town                       0.3084    -0.2531
called                    -0.1239     0.0768
hell                      -1.9344     1.7797
aka                       -1.0493     0.8161
town                      -0.8096     0.7100
called                    -0.4848     0.3761
bastard                  -12.8984    11.5882
british                   -1.5693     1.0247
spanish                   -0.7171     0.3412
co                         0.2450    -0.6115
production                -0.1312     0.2093
was                       -2.0776     1.9276
made                      -1.2527     1.2124
on                        -0.4898     0.1666
the                        1.3781    -1.4110
heels                      1.6222    -1.3858
of                         4.2194    -3.6662
clint                      1.0882    -1.2137
eastwood                   3.7285    -3.3152
success                    4.2139    -3.5107
in                         4.5138    -4.1326
the                        2.7278    -2.3896
italian                    1.3892    -1.3289
made                       1.6881    -1.1308
man                        0.4013    -0.7764
with                      -2.1482     2.0162
no                         0.3535    -0.3839
name                      -3.8462     3.7058
trilogy                   -5.5200     5.0141
the                       -3.8558     3.0429
--------------------------------------------
Avg logits : pos=-0.3677  neg=0.2833
Softmax    : pos=0.3428  neg=0.6572
Predicted  : negative    True: negative
Epoch [9/10] Step  8350 | Train Loss 0.4288 Acc 0.761 | Test  Loss 0.5889 Acc 0.731

Word                    Pos logit  Neg logit
--------------------------------------------
this                       4.9640    -4.3036
movie                      3.6759    -3.2150
will                       2.3939    -1.9883
promote                    0.2467    -0.4476
the                        1.9331    -1.7596
improvement                3.2547    -2.8534
of                        -0.5444     0.2486
the                       -1.0050     0.6833
mind                      -1.2808     0.9982
read                       0.1668    -0.4191
book                       0.2678    -0.2887
it                        19.8830   -16.8022
incredible                20.1481   -17.0626
anyone                     1.4883    -1.5088
would                     -0.2172     0.0790
think                      2.9171    -2.5617
this                      10.5878    -9.2707
movie                      9.7118    -8.3548
deserved                   9.9870    -8.6449
the                        1.2350    -1.2336
time                       2.7846    -2.4843
and                        1.6653    -1.5213
investment                -1.2224     1.1906
to                         0.8671    -0.9423
make                       0.0040    -0.1368
ve                        -0.7515     0.9253
seen                       1.6672    -1.6471
movies                     0.2368    -0.2694
before                     0.0067    -0.1552
but                        0.1045    -0.3732
--------------------------------------------
Avg logits : pos=3.1725  neg=-2.8040
Softmax    : pos=0.9975  neg=0.0025
Predicted  : positive    True: negative
Epoch [9/10] Step  8400 | Train Loss 0.2578 Acc 0.906 | Test  Loss 0.3660 Acc 0.846

Word                    Pos logit  Neg logit
--------------------------------------------
this                      39.3040   -33.8684
film                      34.6589   -29.9000
is                        37.6761   -32.3573
wonderfully               36.0076   -30.9555
simplistic                 2.5986    -2.1260
work                       2.1469    -1.6534
enjoyable                 19.8265   -16.8675
from                       0.7841    -1.0807
start                     -0.7678     0.6222
to                         0.3387    -0.5433
end                        1.0985    -1.0671
it                         4.4803    -3.9069
is                        24.9180   -21.6075
both                       1.0422    -0.9597
sad                       22.5178   -19.3138
yet                        1.7169    -1.6151
uplifting                 25.0733   -21.4459
at                         0.6101    -0.6094
the                        0.5900    -0.6496
same                       1.3376    -1.3455
time                       2.3860    -2.2645
the                        1.3121    -1.3626
performances              -0.8281     0.3505
from                       0.3252    -0.5808
miranda                    0.1670    -0.4356
otto                       0.4682    -0.6280
oh                       -19.2541    16.9804
how                       -3.7109     3.3389
she                        0.1047    -0.3054
deserves                  10.3679    -8.5910
--------------------------------------------
Avg logits : pos=8.2432  neg=-7.1583
Softmax    : pos=1.0000  neg=0.0000
Predicted  : positive    True: positive
Epoch [10/10] Step  8450 | Train Loss 0.1732 Acc 0.927 | Test  Loss 0.2789 Acc 0.894

Word                    Pos logit  Neg logit
--------------------------------------------
the                        0.8947    -0.7855
first                      0.5402    -0.5269
opening                    0.7076    -0.7810
scene                      0.4621    -0.5387
that                       0.6061    -0.6823
lasted                    -0.6367     0.5940
around                    -1.4396     1.2031
five                      -5.3592     4.6018
minutes                   -8.3999     7.2265
showed                    -3.9827     3.3424
the                       -4.9523     4.3754
potential                -10.0781     8.9420
of                        -6.9135     6.2308
becoming                  -1.3078     1.1865
an                        -2.3856     2.3721
instant                    0.6003    -0.7697
classic                    0.9416    -1.0680
with                       2.1811    -1.8234
moderit                    2.1527    -2.1746
to                         1.3088    -1.2847
good                       3.1056    -2.7010
acting                    10.9038    -8.9431
good                       6.9805    -5.8646
film                      10.9598    -9.0299
story                      2.6756    -2.2601
that                       0.9303    -1.2256
keep                       1.1042    -1.2528
the                        1.7306    -1.6095
volume                     0.2352    -0.3158
up                         1.1275    -1.3516
--------------------------------------------
Avg logits : pos=0.1564  neg=-0.1638
Softmax    : pos=0.5794  neg=0.4206
Predicted  : positive    True: negative
Epoch [10/10] Step  8500 | Train Loss 0.2301 Acc 0.903 | Test  Loss 0.3502 Acc 0.829

Word                    Pos logit  Neg logit
--------------------------------------------
as                         0.3147    -0.3692
movies                     0.4811    -0.6011
go                         0.8192    -1.0592
it                        -4.3937     3.9334
was                        0.3720    -0.2464
well                      -0.4168     0.6327
above                      0.5711    -0.5951
average                   -0.1412     0.5294
warn                       2.2893    -2.4936
the                        0.9518    -0.6350
reader                     1.3455    -1.0256
now                        1.4817    -1.1934
that                       1.0136    -0.9035
may                        1.0849    -1.3990
reveal                     2.7540    -2.2118
certain                    1.7437    -1.5484
key                        2.5304    -2.0787
elements                   2.1315    -1.8631
of                         0.2062     0.0026
the                       -0.2745     0.2545
plot                      -1.7230     1.9045
or                         1.3386    -1.6391
other                      0.9080    -0.7953
parts                      1.3217    -1.2974
of                         2.2949    -2.0234
the                        0.3564    -0.4837
movie                     -4.3741     3.9065
although                   0.6665    -0.9928
am                       -10.2149     9.0452
trying                    -3.6640     3.2034
--------------------------------------------
Avg logits : pos=0.0592  neg=-0.0681
Softmax    : pos=0.5318  neg=0.4682
Predicted  : positive    True: positive
Epoch [10/10] Step  8550 | Train Loss 0.3118 Acc 0.884 | Test  Loss 0.3933 Acc 0.841

Word                    Pos logit  Neg logit
--------------------------------------------
was                        0.2138    -0.0257
certainly                 -2.3606     2.0193
year                      -0.5851     0.3890
for                       -0.7048     0.3939
bad                      -12.8921    11.7290
backwoods                 -5.5624     5.0798
slasher                  -11.8486    10.7375
movies                    -5.8614     5.2208
friday                    -1.5236     1.2315
the                       -0.5729     0.6080
th                         1.2062    -1.1375
and                        1.3580    -1.0360
the                        0.6464    -0.3396
burning                    1.1425    -1.3342
may                        1.2218    -1.4565
have                       1.7365    -1.2311
been                       0.4397    -0.3131
the                        0.5768    -0.3763
best                      11.9602    -9.6070
ones                       0.0670    -0.1646
but                       -0.2569     0.1852
there                      1.9803    -1.5820
were                       0.5820    -0.5097
like                      -0.5214     0.3476
always                    -1.1586     1.2682
couple                    -0.6021     0.3844
of                        -1.2159     1.2776
stinkers                  -3.3138     3.2707
not                        1.1803    -1.5698
far                       -0.9377     0.9978
--------------------------------------------
Avg logits : pos=-0.8535  neg=0.8152
Softmax    : pos=0.1586  neg=0.8414
Predicted  : negative    True: negative
Epoch [10/10] Step  8600 | Train Loss 0.2570 Acc 0.878 | Test  Loss 0.3808 Acc 0.843

Word                    Pos logit  Neg logit
--------------------------------------------
i                         -0.3629     0.5659
recently                   0.0069    -0.2357
viewed                    -0.3961     0.4242
manufactured              -0.2548     0.1077
landscapes                -0.6585     0.5069
at                         0.5420    -0.5313
the                        0.4704    -0.3951
seattle                    0.4796    -0.6204
international              1.7079    -1.7769
film                      10.8243    -9.5222
festival                   5.1798    -4.7031
was                        0.8979    -0.9130
drawn                      0.2566    -0.5632
to                         0.6987    -0.8663
the                       -1.6564     1.2329
movie                      0.3633    -0.0924
as                        -3.1101     2.6500
photographer               0.8367    -0.9436
because                   -0.3263    -0.1262
m                          0.1649     0.0690
both                      -0.6977     0.6744
familiar                  -0.5863     0.5390
and                       -2.6770     2.4911
fan                        0.9587    -1.0914
of                        -1.2569     1.2381
burtynsky                 -0.2681     0.0981
work                      -0.3070     0.2367
while                     -0.4327     0.1979
believe                    0.6904    -1.0527
the                       -1.0183     0.9128
--------------------------------------------
Avg logits : pos=0.3356  neg=-0.3830
Softmax    : pos=0.6723  neg=0.3277
Predicted  : positive    True: negative
Epoch [10/10] Step  8650 | Train Loss 0.2880 Acc 0.832 | Test  Loss 0.5340 Acc 0.719

Word                    Pos logit  Neg logit
--------------------------------------------
this                      -8.9939     8.3268
seemed                    -1.9800     1.7807
an                        -6.8398     6.4447
odd                       -0.9976     1.2788
combination                2.3140    -1.5938
of                         3.5524    -2.9398
withnail                   2.0817    -1.8037
and                        4.3687    -3.8814
with                       1.9135    -1.6657
room                       2.4060    -2.1151
with                       1.8695    -1.5796
view                       2.5238    -2.4157
sometimes                  2.5244    -2.5170
it                         3.3427    -2.6665
worked                     2.2959    -2.0753
other                      1.5604    -1.3568
times                      2.8066    -2.6844
it                        -2.3918     2.3662
did                        4.7660    -4.5566
not                        4.2242    -4.1138
tragedy                    0.0332     0.0701
that                      -0.1309     0.0962
they                      -0.4980     0.4895
changed                   -0.8062     0.5910
the                       -1.2849     0.9854
name                       1.1951    -1.2602
for                        1.5508    -1.4044
the                        2.9370    -2.4329
us                        -0.1530    -0.2223
release                   -0.2845    -0.3725
--------------------------------------------
Avg logits : pos=0.7968  neg=-0.7076
Softmax    : pos=0.8182  neg=0.1818
Predicted  : positive    True: negative
Epoch [10/10] Step  8700 | Train Loss 0.3103 Acc 0.846 | Test  Loss 0.3138 Acc 0.869

Word                    Pos logit  Neg logit
--------------------------------------------
i                          0.9690    -0.6473
think                      1.0403    -0.9445
that                       0.9625    -0.9268
new                        1.0175    -0.9717
york                       1.1895    -1.2904
times                      1.6854    -1.8051
film                       3.1808    -2.4080
critic                     0.6966    -0.8332
elvis                      1.1511    -1.4289
mitchell                   0.4775    -0.6111
wrote                      1.7045    -1.6128
the                        0.6648    -0.5751
best                      16.6959   -13.2962
one                       17.5211   -14.0508
line                       0.6199    -0.8977
review                     1.0150    -1.3141
of                         1.4564    -1.7540
in                         0.9548    -1.4730
the                        0.6629    -1.1771
mood                       2.0604    -2.0310
for                        0.6887    -1.0730
love                       2.3414    -2.1288
when                       0.8440    -0.8878
he                         1.1828    -1.2110
said                       2.8831    -2.9264
that                       1.5690    -1.4561
it                         5.1560    -4.0863
is                         4.9527    -3.7622
dizzy                      2.4895    -2.2865
with                       2.3895    -1.9647
--------------------------------------------
Avg logits : pos=2.6741  neg=-2.3944
Softmax    : pos=0.9937  neg=0.0063
Predicted  : positive    True: positive
Epoch [10/10] Step  8750 | Train Loss 0.1751 Acc 0.927 | Test  Loss 0.3352 Acc 0.799

Word                    Pos logit  Neg logit
--------------------------------------------
anyone                     0.3932    -0.3089
who                        0.0830    -0.1141
has                        3.5351    -2.7480
seen                       3.8590    -2.9635
ali                        0.7655    -0.6625
before                     3.0723    -2.4380
should                     3.2861    -2.7063
be                         1.3530    -1.1055
well                       2.3249    -1.8160
prepared                   3.3649    -2.8363
for                        0.2229    -0.4099
the                        0.4322    -0.5890
full                       4.6999    -3.9280
motion                     5.1497    -4.3734
picture                    7.1199    -5.7842
that                       1.4540    -1.3838
is                         5.7733    -4.4608
ali                       -2.3465     1.3268
indahouse                  1.3984    -1.3824
br                         5.8372    -4.7921
br                         7.4561    -6.0520
although                   2.0447    -1.9935
prefer                     2.1882    -1.9048
ali                        0.5153    -0.7251
when                       3.5507    -2.8625
he                         1.8127    -1.6342
is                        19.3839   -16.7817
interviewing               4.3479    -3.7940
the                        0.6621    -0.7101
rich                       4.5438    -3.6905
--------------------------------------------
Avg logits : pos=3.2761  neg=-2.7875
Softmax    : pos=0.9977  neg=0.0023
Predicted  : positive    True: positive
Epoch [10/10] Step  8800 | Train Loss 0.2192 Acc 0.881 | Test  Loss 0.3821 Acc 0.785

Word                    Pos logit  Neg logit
--------------------------------------------
i                          0.9877    -0.4806
rarely                    -0.1019    -0.0868
moved                      0.6650    -0.5053
to                         0.5014    -0.6565
make                       0.0933    -0.2803
comment                    0.4520    -1.2262
online                    -0.1553    -0.2332
about                      0.1676    -0.5935
film                      -0.4302     0.6173
but                        0.7412    -0.8838
can                        1.2416    -0.9184
understand                 1.2861    -1.1896
how                        2.4724    -2.2155
this                       2.1452    -1.8497
one                        2.2167    -1.6853
got                        0.4782    -0.0461
made                       0.5373    -0.0584
who                        1.3958    -1.2611
made                      -0.0767     0.4174
it                        -5.6731     5.0714
how                       -5.8739     5.3525
could                     -0.4746     0.3463
they                      -4.3377     3.9818
have                      -4.0532     3.6655
possibly                  -3.8993     3.6098
thought                   -3.1923     2.8090
they                      -2.0013     1.9105
were                      -1.7936     1.6714
capable                   -0.5916     0.5636
of                        -2.1028     1.8725
--------------------------------------------
Avg logits : pos=-0.6459  neg=0.5906
Softmax    : pos=0.2250  neg=0.7750
Predicted  : negative    True: negative
Epoch [10/10] Step  8850 | Train Loss 0.2551 Acc 0.870 | Test  Loss 0.2518 Acc 0.882

Word                    Pos logit  Neg logit
--------------------------------------------
i                         -2.7678     2.6410
want                      -0.1936     0.0252
to                        -0.5910     0.3703
believe                   -0.3639     0.0728
all                       -1.1404     1.1156
new                        0.2722    -0.5827
horror                    -0.4151     0.2715
films                     -0.1694     0.0600
coming                     0.4340    -0.4195
out                        0.9986    -1.0224
of                         1.1142    -0.7606
japan                      0.9182    -1.4802
these                      1.5974    -1.1524
days                       0.8779    -0.8915
are                        1.0347    -0.7690
edgy                      -0.0079     0.1358
and                       -0.7570     0.8309
make                       1.2906    -1.2636
for                       -0.0751    -0.0293
enjoyable                 14.0993   -12.0008
watching                  -1.1107     0.9646
br                        -2.3256     2.0395
br                        -4.6711     4.1648
spider                    -4.7851     4.7161
forest                    -6.3565     6.1558
is                        -7.6101     7.4223
neither                   -0.2025     0.4206
br                        -6.0282     6.0053
br                        -6.4953     6.2050
it                         2.6747    -2.0628
--------------------------------------------
Avg logits : pos=-0.6918  neg=0.7061
Softmax    : pos=0.1982  neg=0.8018
Predicted  : negative    True: negative
Epoch [10/10] Step  8900 | Train Loss 0.4353 Acc 0.850 | Test  Loss 0.2944 Acc 0.851

Word                    Pos logit  Neg logit
--------------------------------------------
i                          1.3669    -1.0951
was                        1.0111    -0.7967
about                      0.1900    -0.3194
years                      0.5095    -0.6126
old                        0.5022    -0.7591
found                      0.5702    -0.4433
out                        1.4543    -1.1670
live                       1.0012    -0.9260
miles                      0.7754    -0.7620
from                       0.2418    -0.3918
the                       -0.2839     0.4261
uncle                      1.3468    -1.5730
house                      0.8468    -0.9075
the                       -0.4796     0.6904
uncle                      0.7513    -1.1207
house                      0.1260    -0.2360
is                       -10.6085     9.7263
on                        -1.0275     0.9376
westway                    0.1850     0.0261
dr                         0.8172    -1.0193
deer                       0.3028    -0.3060
park                      -0.7863     0.6839
tx                         0.5398    -0.7763
they                      -1.5118     1.3904
have                      -1.6620     1.5023
added                     -1.3548     1.5947
homes                     -1.4151     1.0167
since                     -1.0315     0.6727
the                       -0.8606     0.6918
movie                     -1.5298     1.5537
--------------------------------------------
Avg logits : pos=-0.3338  neg=0.2567
Softmax    : pos=0.3565  neg=0.6435
Predicted  : negative    True: positive
Epoch [10/10] Step  8950 | Train Loss 0.2839 Acc 0.844 | Test  Loss 0.3153 Acc 0.845

Word                    Pos logit  Neg logit
--------------------------------------------
by                        -0.8546     0.8672
watching                  -1.1276     0.9225
this                       1.8199    -1.5329
film                      -1.3388     1.5183
you                       -1.4940     1.5934
will                      -2.6382     2.6872
not                        0.3424    -0.6883
only                      -2.3189     2.4056
explore                   -2.3599     2.6039
the                       -1.5073     1.4306
turkish                   -1.7156     1.7164
music                     -1.4167     1.6682
but                       -0.6930     0.3940
will                       0.0780     0.1454
also                       0.0896    -0.2037
explore                   -0.7544     0.6265
the                        0.5748    -0.7035
city                       0.5677    -0.7586
of                         3.3047    -2.7921
istanbul                   1.6764    -1.9077
with                       3.1241    -2.9018
wonderful                 27.1034   -23.3428
pictures                   7.4619    -6.7256
and                        1.8031    -1.9284
scenes                     9.0107    -8.1221
from                       1.5469    -1.8178
all                        1.4575    -1.6411
over                       1.2738    -1.5004
the                        1.5338    -1.7261
important                  4.8667    -4.2063
--------------------------------------------
Avg logits : pos=1.6472  neg=-1.4640
Softmax    : pos=0.9574  neg=0.0426
Predicted  : positive    True: positive
Epoch [10/10] Step  9000 | Train Loss 0.3165 Acc 0.853 | Test  Loss 0.4605 Acc 0.744

Word                    Pos logit  Neg logit
--------------------------------------------
when                       0.6392    -0.6012
first                      0.3954    -0.5139
started                   -1.7337     1.3939
watching                  -0.3157     0.0287
these                      0.3908    -0.5921
it                        10.0640    -8.8889
became                     2.1663    -2.2005
one                       10.8334    -9.0937
of                         5.3351    -4.6204
my                        10.5408    -8.4459
favourite                  2.4918    -2.6977
shows                     12.1407    -9.8801
melissa                    5.9924    -5.2034
joan                       7.0376    -5.9365
hart                      -0.1406    -0.0481
is                        20.0704   -17.7223
very                      18.8512   -16.4894
funny                     10.7409    -9.3517
and                        1.7803    -1.7344
talented                   1.1797    -0.8758
so                         2.3229    -1.8762
were                       2.2638    -1.8183
the                        0.8622    -0.5947
aunts                      1.5255    -1.2928
and                        2.3513    -1.8210
the                        1.4532    -1.3691
other                      1.0735    -1.2339
characters                 1.4345    -1.4993
and                       -0.6513     0.2319
the                       -1.9119     1.4313
--------------------------------------------
Avg logits : pos=4.3061  neg=-3.7772
Softmax    : pos=0.9997  neg=0.0003
Predicted  : positive    True: positive
Epoch [10/10] Step  9050 | Train Loss 0.2208 Acc 0.903 | Test  Loss 0.3560 Acc 0.824

Word                    Pos logit  Neg logit
--------------------------------------------
this                       1.1231    -0.8025
adaptation                 0.7730    -0.7290
of                         0.6861    -0.7610
r                          0.9679    -1.0248
james                      0.4347    -0.6563
short                      0.4078    -1.1104
story                      2.4229    -1.9605
view                       0.2728    -0.7349
from                       0.4773    -0.9124
hill                       1.5239    -1.7267
was                        1.8953    -1.7577
first                      1.9187    -2.1108
shown                      5.4661    -5.0830
on                         2.1595    -2.3905
british                    1.8539    -2.0132
television                 1.8741    -2.0734
in                         2.4089    -2.4817
on                         1.9308    -2.1711
the                        0.3598    -0.6146
little                     0.5828    -0.7285
watched                   -0.3748     0.5195
digital                    0.1613    -0.2835
channel                    1.7979    -1.6519
bbc                        1.7048    -1.7243
saw                        1.2500    -1.2627
that                       1.0990    -1.2088
it                         1.5382    -1.1908
was                        0.1097     0.0995
being                      1.4316    -1.4838
repeated                   1.2999    -1.6075
--------------------------------------------
Avg logits : pos=1.3186  neg=-1.3879
Softmax    : pos=0.9374  neg=0.0626
Predicted  : positive    True: positive
Epoch [10/10] Step  9100 | Train Loss 0.3221 Acc 0.873 | Test  Loss 0.4295 Acc 0.765

Word                    Pos logit  Neg logit
--------------------------------------------
i                          0.8202    -0.6687
saw                        0.5948    -0.7458
this                      -1.4136     1.0713
movie                     16.4247   -14.7637
on                         0.2504    -0.5305
the                        1.8341    -1.9428
film                      16.4636   -14.4363
festival                  10.7448    -9.3236
of                         3.2422    -2.4951
rotterdam                  2.9705    -2.5380
jan                        4.4352    -3.6006
and                        3.1942    -2.6902
followed                   1.8412    -1.8458
the                        0.9005    -1.0109
discussion                 1.1883    -1.2747
between                   -0.5840     0.1038
director                   1.2354    -1.2713
and                        0.3720    -0.6870
public                     0.5082    -0.8038
afterwards                 1.0937    -1.2189
many                       1.0762    -1.1496
people                     0.6238    -1.0505
reacted                    1.8964    -1.9252
shocked                    3.5300    -3.0543
and                        0.5143    -0.3472
protesting                 1.7828    -1.8507
he                         1.3472    -1.2075
will                       1.0410    -0.8641
get                        1.5166    -1.5684
lot                        1.2023    -1.0113
--------------------------------------------
Avg logits : pos=2.6882  neg=-2.4900
Softmax    : pos=0.9944  neg=0.0056
Predicted  : positive    True: negative
Epoch [10/10] Step  9150 | Train Loss 0.2749 Acc 0.907 | Test  Loss 0.4249 Acc 0.828

Word                    Pos logit  Neg logit
--------------------------------------------
one                       -2.9164     2.5392
more                       0.6503    -0.6994
of                         0.2906    -0.5968
extremely                -13.7735    12.5209
unprofessional           -10.0074     9.0904
movies                    -3.5562     3.0354
about                     -0.5284    -0.1752
computer                   0.6712    -0.8046
programmers                0.0622    -0.4058
br                        -1.9738     1.8252
br                        -2.5827     2.5155
looks                     -4.1882     3.6434
authors                   -1.2851     1.1487
of                        -4.8838     4.1575
that                      -2.1685     1.7026
movie                      0.2292    -0.0501
don                       -0.5677     0.2263
know                      -0.6723     0.4309
real                      -0.0894     0.1965
specific                   1.1864    -0.9527
of                        -1.6572     1.5185
programmers                0.8035    -0.9951
world                     -1.0428     0.6792
br                         6.1987    -4.7574
br                         7.9571    -6.9298
top                        6.8743    -6.0325
programmers                0.1831    -0.3873
in                        -0.7686     0.7122
the                       -0.4273     0.4012
world                      0.3830    -0.2849
--------------------------------------------
Avg logits : pos=-0.9200  neg=0.7757
Softmax    : pos=0.1550  neg=0.8450
Predicted  : negative    True: negative
Epoch [10/10] Step  9200 | Train Loss 0.3388 Acc 0.820 | Test  Loss 0.4192 Acc 0.841

Word                    Pos logit  Neg logit
--------------------------------------------
well                       0.8328    -0.5470
must                      -0.0416    -0.0049
say                       -0.6312     0.3711
that                      -0.3165     0.1675
this                      -3.1034     3.0671
was                       -1.8024     1.6841
one                        5.0216    -3.9972
hell                      -0.0864     0.2088
of                        -0.4798     0.3937
fun                        3.7838    -3.1738
movie                      2.9268    -2.3029
despite                   -0.9631     0.5403
the                       -0.7108     0.6172
fact                      -0.4006     0.2415
that                      -1.2191     0.8690
the                       -2.9090     2.5095
dubbing                  -14.7927    13.0796
was                       -9.4752     8.4508
pretty                   -16.8189    14.9213
cheesy                   -15.3371    13.5861
and                       -0.8013     0.5394
there                     -2.4071     2.0326
were                      -0.6759     0.6148
some                       0.1488    -0.3579
odd                        0.0130     0.0357
moments                    0.3010    -0.1352
where                     -0.4552    -0.0034
the                       -0.3437    -0.0424
film                      -9.6699     8.9951
seemed                    -4.5411     4.3128
--------------------------------------------
Avg logits : pos=-2.4985  neg=2.2225
Softmax    : pos=0.0088  neg=0.9912
Predicted  : negative    True: positive
Epoch [10/10] Step  9250 | Train Loss 0.3953 Acc 0.743 | Test  Loss 0.3696 Acc 0.868

Word                    Pos logit  Neg logit
--------------------------------------------
i                          0.7220    -0.5921
saw                        0.4085    -0.5933
this                      -0.3591    -0.0797
movie                      1.5470    -1.4956
on                        -0.1378    -0.2667
the                       -0.0210    -0.4390
base                       0.6067    -0.8061
movie                      1.0020    -0.9691
theater                    0.1734    -0.5013
while                      0.5739    -0.9637
in                         0.1202    -0.7401
the                        1.0599    -1.3428
air                        2.3854    -2.3130
force                      2.4759    -2.2673
so                        10.1303    -9.0611
my                         7.1207    -6.3046
affection                  4.5621    -3.9901
for                        1.3329    -1.3536
it                        -5.6273     5.1726
might                      4.8895    -4.4985
be                         0.5014    -0.5379
influenced                 1.9607    -2.1116
by                        -1.9738     1.7071
the                       -0.0909    -0.2318
reaction                   0.1564    -0.3288
of                         1.4662    -1.3313
the                        1.6176    -1.4650
raucous                    2.7562    -1.7144
audience                   3.3260    -2.3123
in                         1.1347    -1.2646
--------------------------------------------
Avg logits : pos=1.4607  neg=-1.4332
Softmax    : pos=0.9475  neg=0.0525
Predicted  : positive    True: positive
Epoch [10/10] Step  9300 | Train Loss 0.3505 Acc 0.848 | Test  Loss 0.3953 Acc 0.824

Word                    Pos logit  Neg logit
--------------------------------------------
compared                   0.2566    -0.2265
to                        -0.1501    -0.0079
the                        0.1549    -0.3730
acclaimed                  0.4110    -0.5478
hollywood                 -0.3877     0.0089
remake                    -1.1005     0.7671
this                      -1.4312     1.3473
film                      -2.7401     2.3933
is                        -3.4831     3.2062
less                      -1.0637     0.9407
flashy                    -1.6497     1.6313
but                        0.1519    -0.4273
much                       0.5799    -0.3400
stronger                   0.0047    -0.0172
at                        -0.2997     0.2393
providing                  1.3160    -0.9385
an                         2.7720    -2.0572
overall                    6.1059    -5.3065
picture                   -9.0349     8.0538
of                        -1.0384     0.9483
the                       -1.6322     1.5597
drug                      -1.4867     0.6793
problem                   -2.1711     2.2260
the                       -2.0454     1.8133
remake                    -9.7451     9.4340
loses                     -8.8319     8.7172
the                       -2.2740     1.8978
most                      -3.7774     3.9089
interesting                0.5645    -0.2131
of                        -0.8426     0.4793
--------------------------------------------
Avg logits : pos=-1.4289  neg=1.3266
Softmax    : pos=0.0598  neg=0.9402
Predicted  : negative    True: positive
Epoch [10/10] Step  9350 | Train Loss 0.3021 Acc 0.849 | Test  Loss 0.2501 Acc 0.865

Word                    Pos logit  Neg logit
--------------------------------------------
barbra                    -0.1375    -0.0459
streisand                 -0.2732    -0.0363
is                         6.2723    -4.9003
tour                      -0.0453    -0.1709
de                         1.5460    -1.4543
force                      2.2603    -1.8606
in                        -2.7162     2.0872
this                       0.9315    -1.0448
hollywood                  1.1796    -1.3815
story                      4.4316    -3.9581
her                        0.7973    -1.1478
performances               2.1921    -1.8154
and                        2.1851    -2.0730
the                        1.5663    -1.6454
songs                      1.0401    -0.8704
are                        1.9256    -1.6275
one                        4.4115    -3.8950
of                         1.8757    -1.5730
kind                       1.6581    -1.3266
and                        1.6499    -1.3433
are                        1.3994    -1.2055
special                    1.4048    -1.2795
in                         0.8982    -1.0093
the                        0.7614    -0.9231
halls                      0.8804    -1.1230
of                         0.7949    -1.0810
great                     13.0572   -11.4900
movies                     1.2876    -1.5571
the                        0.4535    -0.7772
scene                      0.4682    -0.7946
--------------------------------------------
Avg logits : pos=1.8052  neg=-1.7108
Softmax    : pos=0.9711  neg=0.0289
Predicted  : positive    True: positive
Plot saved to mlp_comparison.png

============================================================
ERROR ANALYSIS — Plain MLP
============================================================

[TP] true=positive, predicted=positive  (correct)

Word                    Pos logit  Neg logit
--------------------------------------------
wonderful                 37.9298   -34.9877
brilliant                 39.0334   -36.3665
and                        3.4976    -3.5722
deeply                     3.3069    -3.4693
moving                    -0.2395    -0.2290
the                        0.0539    -0.0449
performances              18.0934   -17.2545
were                      -4.5461     4.1900
extraordinary             22.3076   -19.6296
and                        3.4976    -3.5722
the                        0.0539    -0.0449
story                      1.4251    -1.3289
was                       -0.7796     0.7569
beautiful                 22.3403   -20.1246
loved                     26.3207   -25.6865
every                      1.8711    -1.8471
single                     0.4748    -0.7903
moment                     5.0055    -3.6655
of                         0.6214    -0.5447
this                       0.2110    -0.2266
masterpiece               19.1845   -18.7398
--------------------------------------------
Avg logits : pos=9.5078  neg=-8.9132
Softmax    : pos=1.0000  neg=0.0000
Predicted  : positive    True: positive

[TN] true=negative, predicted=negative  (correct)

Word                    Pos logit  Neg logit
--------------------------------------------
awful                    -69.7375    58.4869
boring                   -65.2577    54.5210
and                        3.4976    -3.5722
painfully                -32.8541    27.3174
dull                     -60.6177    51.1111
the                        0.0539    -0.0449
worst                    -87.1229    72.8164
film                       1.2585    -1.4083
have                      -4.1347     4.1297
seen                       1.2727    -1.3470
this                       0.2110    -0.2266
year                       0.8689    -1.0374
terrible                 -61.0951    49.8583
acting                    -4.7135     3.9069
dismal                   -90.4297    76.1074
script                   -16.6545    15.3294
and                        3.4976    -3.5722
complete                  -1.9873     0.7344
waste                    -59.5158    50.5110
of                         0.6214    -0.5447
time                       1.2171    -1.1489
--------------------------------------------
Avg logits : pos=-25.7915  neg=21.5204
Softmax    : pos=0.0000  neg=1.0000
Predicted  : negative    True: negative

[FP] true=negative, predicted=positive  (WRONG)

Word                    Pos logit  Neg logit
--------------------------------------------
this                       0.2110    -0.2266
celebrated                13.9899   -12.3143
award                      1.0240    -1.6685
winning                   18.4356   -17.8736
masterpiece               19.1845   -18.7398
received                  -0.0935    -0.0411
tremendous                15.9117   -14.2600
praise                     6.0737    -5.8636
from                       1.3000    -1.3052
critics                   -0.6754     0.5991
worldwide                  7.6625    -7.1360
audiences                  1.5687    -1.1412
loved                     26.3207   -25.6865
the                        0.0539    -0.0449
brilliant                 39.0334   -36.3665
performances              18.0934   -17.2545
and                        3.4976    -3.5722
the                        0.0539    -0.0449
beautiful                 22.3403   -20.1246
cinematography             2.2960    -2.5673
acclaimed                 18.3004   -18.7262
as                         1.4376    -1.4289
triumph                   20.2285   -19.0772
of                         0.6214    -0.5447
modern                     7.2000    -6.6977
cinema                     1.3371    -1.1824
personally                 8.9914    -8.2034
found                     -1.4468     1.1303
it                         4.4815    -4.5255
utterly                  -13.8019     9.7563
--------------------------------------------
Avg logits : pos=8.1210  neg=-7.8377
Softmax    : pos=1.0000  neg=0.0000
Predicted  : positive    True: negative

[FN] true=positive, predicted=negative  (WRONG)

Word                    Pos logit  Neg logit
--------------------------------------------
i                          1.7722    -1.6573
cannot                    -3.3408     2.9367
say                       -2.7886     2.6988
this                       0.2110    -0.2266
film                       1.2585    -1.4083
disappointed             -34.1881    29.9806
me                         1.1703    -1.3275
not                       -2.4742     2.4161
once                       4.0839    -3.8760
did                       -0.9914     1.0106
it                         4.4815    -4.5255
fail                     -16.0381    12.9818
to                         0.3972    -0.6353
impress                   -0.5971     0.7936
was                       -0.7796     0.7569
not                       -2.4742     2.4161
bored                    -20.0736    15.2555
not                       -2.4742     2.4161
frustrated               -10.2827     8.7036
not                       -2.4742     2.4161
unmoved                   -6.5282     5.0623
far                       -3.5778     3.1295
from                       1.3000    -1.3052
terrible                 -61.0951    49.8583
or                        -0.2387     0.1710
forgettable              -68.5792    57.7401
nothing                  -22.1266    18.4535
about                      0.4862    -0.4037
it                         4.4815    -4.5255
was                       -0.7796     0.7569
--------------------------------------------
Avg logits : pos=-8.0753  neg=6.6688
Softmax    : pos=0.0000  neg=1.0000
Predicted  : negative    True: positive

============================================================
CONTEXT-SENSITIVE REVIEWS — Plain MLP
============================================================

true=negative, predicted=negative  (correct)

Word                    Pos logit  Neg logit
--------------------------------------------
far                       -3.5778     3.1295
from                       1.3000    -1.3052
the                        0.0539    -0.0449
masterpiece               19.1845   -18.7398
critics                   -0.6754     0.5991
called                    -0.3720     0.4034
it                         4.4815    -4.5255
this                       0.2110    -0.2266
film                       1.2585    -1.4083
was                       -0.7796     0.7569
profound                  14.2003   -12.3900
disappointment           -48.3694    41.4048
that                       0.1886    -0.1237
failed                   -22.0775    18.5682
to                         0.3972    -0.6353
deliver                    2.5416    -1.8372
on                         1.0064    -1.0615
every                      1.8711    -1.8471
promise                   -3.7939     3.3212
made                      -3.9031     3.2249
by                        -0.1325     0.1959
its                        4.3872    -4.1589
trailer                    1.7970    -2.3206
--------------------------------------------
Avg logits : pos=-1.3392  neg=0.9121
Softmax    : pos=0.0952  neg=0.9048
Predicted  : negative    True: negative

true=positive, predicted=positive  (correct)

Word                    Pos logit  Neg logit
--------------------------------------------
this                       0.2110    -0.2266
sequel                    -5.6155     4.4621
proves                    -9.0505     7.1025
that                       0.1886    -0.1237
not                       -2.4742     2.4161
all                        0.8043    -0.8141
follow                     0.1752    -0.0086
ups                       -0.1704     0.3435
are                       -0.6286     0.9996
terrible                 -61.0951    49.8583
it                         4.4815    -4.5255
is                         3.2034    -3.1329
genuinely                 19.8258   -17.8153
moving                    -0.2395    -0.2290
brilliantly               30.4935   -28.8838
acted                      2.3332    -2.6250
and                        3.4976    -3.5722
wholly                    16.1302   -15.4114
satisfying                21.3838   -19.6285
--------------------------------------------
Avg logits : pos=1.2344  neg=-1.6744
Softmax    : pos=0.9483  neg=0.0517
Predicted  : positive    True: positive

true=positive, predicted=positive  (correct)

Word                    Pos logit  Neg logit
--------------------------------------------
the                        0.0539    -0.0449
director                  -3.3268     5.3291
vision                     7.8730    -7.4915
is                         3.2034    -3.1329
nothing                  -22.1266    18.4535
short                     -0.7523     0.7632
of                         0.6214    -0.5447
brilliant                 39.0334   -36.3665
and                        3.4976    -3.5722
the                        0.0539    -0.0449
performances              18.0934   -17.2545
are                       -0.6286     0.9996
nothing                  -22.1266    18.4535
less                      -1.0809    -0.0758
than                       0.8275    -1.2039
extraordinary             22.3076   -19.6296
--------------------------------------------
Avg logits : pos=2.8452  neg=-2.8352
Softmax    : pos=0.9966  neg=0.0034
Predicted  : positive    True: positive

============================================================
ERROR ANALYSIS — MLP + Restricted Self-Attention
============================================================

[TP] true=positive, predicted=positive  (correct)

Word                    Pos logit  Neg logit
--------------------------------------------
wonderful                 19.7815   -16.7270
brilliant                 23.8468   -20.2974
and                        1.4461    -1.4902
deeply                    15.9815   -13.8972
moving                     1.0022    -1.1313
the                        1.6778    -1.7473
performances              -1.2415     1.0651
were                      -2.0284     1.6631
extraordinary             25.4048   -21.9076
and                        1.6795    -1.7719
the                        1.4089    -1.5412
story                     21.6906   -19.2738
was                       10.0617    -8.8878
beautiful                 20.0471   -17.8272
loved                     20.3057   -18.0599
every                     21.5214   -19.1229
single                     3.8945    -3.4522
moment                    20.5566   -18.2530
of                         1.6671    -1.5015
this                      21.9335   -19.2347
masterpiece               20.5525   -18.0584
--------------------------------------------
Avg logits : pos=11.9614  neg=-10.5454
Softmax    : pos=1.0000  neg=0.0000
Predicted  : positive    True: positive

[TN] true=negative, predicted=negative  (correct)

Word                    Pos logit  Neg logit
--------------------------------------------
awful                    -35.2808    31.3973
boring                   -34.3000    30.6217
and                       -0.2662     0.0546
painfully                -39.4386    34.9012
dull                     -38.6176    34.1310
the                       -1.1201     0.6380
worst                    -36.9423    33.2636
film                     -35.8875    32.3994
have                      -1.6991     1.5548
seen                     -32.3156    28.7514
this                     -39.4720    34.8146
year                      -0.2134    -0.2787
terrible                 -32.7351    29.6485
acting                   -39.4791    35.1011
dismal                   -43.8246    38.5304
script                   -42.9719    37.8143
and                       -1.0063     0.6875
complete                 -35.8742    30.4229
waste                    -35.1943    29.7660
of                         0.4145    -0.4357
time                      -0.5020     0.4393
--------------------------------------------
Avg logits : pos=-25.0822  neg=22.1059
Softmax    : pos=0.0000  neg=1.0000
Predicted  : negative    True: negative

[FP] true=negative, predicted=positive  (WRONG)

Word                    Pos logit  Neg logit
--------------------------------------------
this                      11.2755    -9.2892
celebrated                -5.8673     5.3759
award                      0.0581    -0.2687
winning                   -1.4646     1.5805
masterpiece               11.8318    -9.6591
received                   1.3333    -1.3615
tremendous                 4.5435    -3.4845
praise                     1.9367    -1.5918
from                       1.3211    -1.3394
critics                    0.7125    -1.0227
worldwide                  1.8123    -1.8807
audiences                  2.7839    -2.2007
loved                      8.0329    -7.0181
the                        2.2011    -2.0552
brilliant                 20.3034   -17.2699
performances              20.7262   -17.6155
and                        4.4695    -4.0727
the                        5.1039    -4.4300
beautiful                  9.1418    -7.3337
cinematography             5.2155    -4.6045
acclaimed                  1.2767    -1.5143
as                         5.6332    -4.6671
triumph                    9.9965    -8.3130
of                         5.3828    -4.8108
modern                     1.4279    -1.7359
cinema                     5.0201    -4.3005
personally                 3.0677    -2.4657
found                      0.4260    -0.2830
it                       -12.3742    11.1628
utterly                   -8.4779     8.1519
--------------------------------------------
Avg logits : pos=3.8950  neg=-3.2772
Softmax    : pos=0.9992  neg=0.0008
Predicted  : positive    True: negative

[FN] true=positive, predicted=negative  (WRONG)

Word                    Pos logit  Neg logit
--------------------------------------------
i                         -7.8432     7.4526
cannot                    -0.0614     0.0184
say                       -0.5148     0.2382
this                     -25.6420    22.4418
film                     -26.5206    23.3680
disappointed              -1.3244     1.3928
me                        -4.9143     4.6466
not                        1.2827    -1.6711
once                      -1.2626     1.3595
did                        0.1990    -0.4743
it                       -16.1298    15.2760
fail                       2.1083    -1.9058
to                         0.4861    -0.5799
impress                   -1.0845     0.8884
was                       -3.6802     3.5752
not                        2.1201    -2.3591
bored                     -5.6467     5.3544
not                       -1.7564     1.0993
frustrated                -3.1449     3.1261
not                       -2.3361     1.5857
unmoved                   -1.7346     1.8398
far                       -1.4953     1.4094
from                      -0.7722     0.5636
terrible                 -27.1151    24.2158
or                        -1.6645     1.0962
forgettable              -22.3453    20.1401
nothing                   -5.4294     5.0073
about                     -0.0137    -0.4597
it                       -10.7754     9.5486
was                       -7.2663     6.5926
--------------------------------------------
Avg logits : pos=-5.8093  neg=5.1595
Softmax    : pos=0.0000  neg=1.0000
Predicted  : negative    True: positive

============================================================
CONTEXT-SENSITIVE REVIEWS — MLP + Restricted Self-Attention
============================================================

true=negative, predicted=negative  (correct)

Word                    Pos logit  Neg logit
--------------------------------------------
far                        0.9194    -0.7725
from                       0.5832    -0.6377
the                        2.0778    -1.7285
masterpiece                2.8149    -1.9299
critics                    0.5489    -0.9050
called                     1.9580    -1.6882
it                         4.3291    -3.4949
this                      -5.4769     4.7188
film                     -30.1639    26.4327
was                       -0.5294     0.5491
profound                  -9.2529     8.6175
disappointment           -22.2864    19.6953
that                      -0.4074    -0.0718
failed                    -3.6625     3.5932
to                        -1.4462     1.2806
deliver                   -3.2126     3.1586
on                        -1.0108     0.9577
every                     -3.9712     3.9450
promise                   -1.2904     1.0892
made                      -1.7614     1.8947
by                        -1.1476     1.2795
its                       -0.1781     0.0054
trailer                    0.1277    -0.2749
--------------------------------------------
Avg logits : pos=-3.1495  neg=2.8571
Softmax    : pos=0.0025  neg=0.9975
Predicted  : negative    True: negative

true=positive, predicted=positive  (correct)

Word                    Pos logit  Neg logit
--------------------------------------------
this                       1.8267    -1.3472
sequel                     0.5067    -0.0191
proves                    -0.7900     0.9978
that                      -0.0043    -0.1848
not                        0.0973    -0.3199
all                       -0.3581     0.4710
follow                    -0.1679     0.0188
ups                       -8.1249     7.3402
are                        1.0472    -0.9709
terrible                 -31.2386    28.3140
it                        20.2414   -17.7393
is                        24.9305   -21.5336
genuinely                 24.1532   -20.9321
moving                     2.2821    -2.1594
brilliantly               23.9865   -20.6760
acted                     24.1626   -20.7972
and                        2.9662    -2.5183
wholly                    17.8465   -15.9561
satisfying                 2.6991    -2.2816
--------------------------------------------
Avg logits : pos=5.5822  neg=-4.7523
Softmax    : pos=1.0000  neg=0.0000
Predicted  : positive    True: positive

true=positive, predicted=negative  (WRONG)

Word                    Pos logit  Neg logit
--------------------------------------------
the                       -0.6422     0.3692
director                 -12.1791    11.1968
vision                    -0.3801     0.1173
is                       -12.8799    11.8439
nothing                   -3.0996     2.9911
short                      0.1445    -0.7288
of                         1.4576    -1.1444
brilliant                 20.2870   -17.2218
and                        0.5570    -0.6266
the                       -0.0359    -0.1086
performances              -2.6541     2.3734
are                       -2.1115     1.8846
nothing                   -5.3748     4.9085
less                      -2.0819     1.8486
than                      -0.4453     0.2723
extraordinary             13.2688   -11.3929
--------------------------------------------
Avg logits : pos=-0.3856  neg=0.4114
Softmax    : pos=0.3107  neg=0.6893
Predicted  : negative    True: positive
